filename,subject_id,image_id,gender,glasses,eye_state,reflections,lighting,sensor_id
Closed_Eyes/s0001_00001_0_0_0_0_0_01.png,s0001,00001,0,0,0,0,0,01
Closed_Eyes/s0001_00002_0_0_0_0_0_01.png,s0001,00002,0,0,0,0,0,01
Closed_Eyes/s0001_00003_0_0_0_0_0_01.png,s0001,00003,0,0,0,0,0,01
Closed_Eyes/s0001_00004_0_0_0_0_0_01.png,s0001,00004,0,0,0,0,0,01
Closed_Eyes/s0001_00005_0_0_0_0_0_01.png,s0001,00005,0,0,0,0,0,01
Closed_Eyes/s0001_00006_0_0_0_0_0_01.png,s0001,00006,0,0,0,0,0,01
Closed_Eyes/s0001_00007_0_0_0_0_0_01.png,s0001,00007,0,0,0,0,0,01
Closed_Eyes/s0001_00008_0_0_0_0_0_01.png,s0001,00008,0,0,0,0,0,01
Closed_Eyes/s0001_00009_0_0_0_0_0_01.png,s0001,00009,0,0,0,0,0,01
Closed_Eyes/s0001_00011_0_0_0_0_0_01.png,s0001,00011,0,0,0,0,0,01
Closed_Eyes/s0001_00013_0_0_0_0_0_01.png,s0001,00013,0,0,0,0,0,01
Closed_Eyes/s0001_00014_0_0_0_0_0_01.png,s0001,00014,0,0,0,0,0,01
Closed_Eyes/s0001_00015_0_0_0_0_0_01.png,s0001,00015,0,0,0,0,0,01
Closed_Eyes/s0001_00016_0_0_0_0_0_01.png,s0001,00016,0,0,0,0,0,01
Closed_Eyes/s0001_00017_0_0_0_0_0_01.png,s0001,00017,0,0,0,0,0,01
Closed_Eyes/s0001_00018_0_0_0_0_0_01.png,s0001,00018,0,0,0,0,0,01
Closed_Eyes/s0001_00019_0_0_0_0_0_01.png,s0001,00019,0,0,0,0,0,01
Closed_Eyes/s0001_00020_0_0_0_0_0_01.png,s0001,00020,0,0,0,0,0,01
Closed_Eyes/s0001_00021_0_0_0_0_0_01.png,s0001,00021,0,0,0,0,0,01
Closed_Eyes/s0001_00022_0_0_0_0_0_01.png,s0001,00022,0,0,0,0,0,01
Closed_Eyes/s0001_00023_0_0_0_0_0_01.png,s0001,00023,0,0,0,0,0,01
Closed_Eyes/s0001_00024_0_0_0_0_0_01.png,s0001,00024,0,0,0,0,0,01
Closed_Eyes/s0001_00037_0_0_0_0_0_01.png,s0001,00037,0,0,0,0,0,01
Closed_Eyes/s0001_00115_0_0_0_0_0_01.png,s0001,00115,0,0,0,0,0,01
Closed_Eyes/s0001_00117_0_0_0_0_0_01.png,s0001,00117,0,0,0,0,0,01
Closed_Eyes/s0001_00119_0_0_0_0_0_01.png,s0001,00119,0,0,0,0,0,01
Closed_Eyes/s0001_00121_0_0_0_0_0_01.png,s0001,00121,0,0,0,0,0,01
Closed_Eyes/s0001_00123_0_0_0_0_0_01.png,s0001,00123,0,0,0,0,0,01
Closed_Eyes/s0001_00124_0_0_0_0_0_01.png,s0001,00124,0,0,0,0,0,01
Closed_Eyes/s0001_00125_0_0_0_0_0_01.png,s0001,00125,0,0,0,0,0,01
Closed_Eyes/s0001_00126_0_0_0_0_0_01.png,s0001,00126,0,0,0,0,0,01
Closed_Eyes/s0001_00128_0_0_0_0_0_01.png,s0001,00128,0,0,0,0,0,01
Closed_Eyes/s0001_00130_0_0_0_0_0_01.png,s0001,00130,0,0,0,0,0,01
Closed_Eyes/s0001_00133_0_0_0_0_0_01.png,s0001,00133,0,0,0,0,0,01
Closed_Eyes/s0001_00135_0_0_0_0_0_01.png,s0001,00135,0,0,0,0,0,01
Closed_Eyes/s0001_00136_0_0_0_0_0_01.png,s0001,00136,0,0,0,0,0,01
Closed_Eyes/s0001_00137_0_0_0_0_0_01.png,s0001,00137,0,0,0,0,0,01
Closed_Eyes/s0001_00138_0_0_0_0_0_01.png,s0001,00138,0,0,0,0,0,01
Closed_Eyes/s0001_00139_0_0_0_0_0_01.png,s0001,00139,0,0,0,0,0,01
Closed_Eyes/s0001_00140_0_0_0_0_0_01.png,s0001,00140,0,0,0,0,0,01
Closed_Eyes/s0001_00141_0_0_0_0_0_01.png,s0001,00141,0,0,0,0,0,01
Closed_Eyes/s0001_00142_0_0_0_0_0_01.png,s0001,00142,0,0,0,0,0,01
Closed_Eyes/s0001_00143_0_0_0_0_0_01.png,s0001,00143,0,0,0,0,0,01
Closed_Eyes/s0001_00144_0_0_0_0_0_01.png,s0001,00144,0,0,0,0,0,01
Closed_Eyes/s0001_00145_0_0_0_0_0_01.png,s0001,00145,0,0,0,0,0,01
Closed_Eyes/s0001_00146_0_0_0_0_0_01.png,s0001,00146,0,0,0,0,0,01
Closed_Eyes/s0001_00148_0_0_0_0_0_01.png,s0001,00148,0,0,0,0,0,01
Closed_Eyes/s0001_00149_0_0_0_0_0_01.png,s0001,00149,0,0,0,0,0,01
Closed_Eyes/s0001_00150_0_0_0_0_0_01.png,s0001,00150,0,0,0,0,0,01
Closed_Eyes/s0001_00151_0_0_0_0_0_01.png,s0001,00151,0,0,0,0,0,01
Closed_Eyes/s0001_00152_0_0_0_0_0_01.png,s0001,00152,0,0,0,0,0,01
Closed_Eyes/s0001_00153_0_0_0_0_0_01.png,s0001,00153,0,0,0,0,0,01
Closed_Eyes/s0001_00154_0_0_0_0_0_01.png,s0001,00154,0,0,0,0,0,01
Closed_Eyes/s0001_00155_0_0_0_0_0_01.png,s0001,00155,0,0,0,0,0,01
Closed_Eyes/s0001_00156_0_0_0_0_0_01.png,s0001,00156,0,0,0,0,0,01
Closed_Eyes/s0001_00157_0_0_0_0_0_01.png,s0001,00157,0,0,0,0,0,01
Closed_Eyes/s0001_00194_0_0_0_0_1_01.png,s0001,00194,0,0,0,0,1,01
Closed_Eyes/s0001_00195_0_0_0_0_0_01.png,s0001,00195,0,0,0,0,0,01
Closed_Eyes/s0001_00196_0_0_0_0_0_01.png,s0001,00196,0,0,0,0,0,01
Closed_Eyes/s0001_00197_0_0_0_0_0_01.png,s0001,00197,0,0,0,0,0,01
Closed_Eyes/s0001_00198_0_0_0_0_0_01.png,s0001,00198,0,0,0,0,0,01
Closed_Eyes/s0001_00199_0_0_0_0_0_01.png,s0001,00199,0,0,0,0,0,01
Closed_Eyes/s0001_00200_0_0_0_0_0_01.png,s0001,00200,0,0,0,0,0,01
Closed_Eyes/s0001_00201_0_0_0_0_0_01.png,s0001,00201,0,0,0,0,0,01
Closed_Eyes/s0001_00216_0_0_0_0_0_01.png,s0001,00216,0,0,0,0,0,01
Closed_Eyes/s0001_00217_0_0_0_0_0_01.png,s0001,00217,0,0,0,0,0,01
Closed_Eyes/s0001_00218_0_0_0_0_0_01.png,s0001,00218,0,0,0,0,0,01
Closed_Eyes/s0001_00219_0_0_0_0_0_01.png,s0001,00219,0,0,0,0,0,01
Closed_Eyes/s0001_00220_0_0_0_0_0_01.png,s0001,00220,0,0,0,0,0,01
Closed_Eyes/s0001_00221_0_0_0_0_0_01.png,s0001,00221,0,0,0,0,0,01
Closed_Eyes/s0001_00222_0_0_0_0_0_01.png,s0001,00222,0,0,0,0,0,01
Closed_Eyes/s0001_00223_0_0_0_0_0_01.png,s0001,00223,0,0,0,0,0,01
Closed_Eyes/s0001_00224_0_0_0_0_0_01.png,s0001,00224,0,0,0,0,0,01
Closed_Eyes/s0001_00225_0_0_0_0_0_01.png,s0001,00225,0,0,0,0,0,01
Closed_Eyes/s0001_00226_0_0_0_0_0_01.png,s0001,00226,0,0,0,0,0,01
Closed_Eyes/s0001_00227_0_0_0_0_0_01.png,s0001,00227,0,0,0,0,0,01
Closed_Eyes/s0001_00228_0_0_0_0_0_01.png,s0001,00228,0,0,0,0,0,01
Closed_Eyes/s0001_00229_0_0_0_0_0_01.png,s0001,00229,0,0,0,0,0,01
Closed_Eyes/s0001_00267_0_0_0_0_0_01.png,s0001,00267,0,0,0,0,0,01
Closed_Eyes/s0001_00268_0_0_0_0_0_01.png,s0001,00268,0,0,0,0,0,01
Closed_Eyes/s0001_00269_0_0_0_0_0_01.png,s0001,00269,0,0,0,0,0,01
Closed_Eyes/s0001_00270_0_0_0_0_0_01.png,s0001,00270,0,0,0,0,0,01
Closed_Eyes/s0001_00277_0_0_0_0_0_01.png,s0001,00277,0,0,0,0,0,01
Closed_Eyes/s0001_00278_0_0_0_0_0_01.png,s0001,00278,0,0,0,0,0,01
Closed_Eyes/s0001_00279_0_0_0_0_0_01.png,s0001,00279,0,0,0,0,0,01
Closed_Eyes/s0001_00280_0_0_0_0_0_01.png,s0001,00280,0,0,0,0,0,01
Closed_Eyes/s0001_00288_0_0_0_0_0_01.png,s0001,00288,0,0,0,0,0,01
Closed_Eyes/s0001_00289_0_0_0_0_0_01.png,s0001,00289,0,0,0,0,0,01
Closed_Eyes/s0001_00290_0_0_0_0_0_01.png,s0001,00290,0,0,0,0,0,01
Closed_Eyes/s0001_00303_0_0_0_0_0_01.png,s0001,00303,0,0,0,0,0,01
Closed_Eyes/s0001_00304_0_0_0_0_0_01.png,s0001,00304,0,0,0,0,0,01
Closed_Eyes/s0001_00305_0_0_0_0_0_01.png,s0001,00305,0,0,0,0,0,01
Closed_Eyes/s0001_00306_0_0_0_0_0_01.png,s0001,00306,0,0,0,0,0,01
Closed_Eyes/s0001_00307_0_0_0_0_0_01.png,s0001,00307,0,0,0,0,0,01
Closed_Eyes/s0001_00308_0_0_0_0_0_01.png,s0001,00308,0,0,0,0,0,01
Closed_Eyes/s0001_00309_0_0_0_0_0_01.png,s0001,00309,0,0,0,0,0,01
Closed_Eyes/s0001_00310_0_0_0_0_0_01.png,s0001,00310,0,0,0,0,0,01
Closed_Eyes/s0001_00311_0_0_0_0_0_01.png,s0001,00311,0,0,0,0,0,01
Closed_Eyes/s0001_00312_0_0_0_0_0_01.png,s0001,00312,0,0,0,0,0,01
Closed_Eyes/s0001_00313_0_0_0_0_0_01.png,s0001,00313,0,0,0,0,0,01
Closed_Eyes/s0001_00314_0_0_0_0_0_01.png,s0001,00314,0,0,0,0,0,01
Closed_Eyes/s0001_00315_0_0_0_0_0_01.png,s0001,00315,0,0,0,0,0,01
Closed_Eyes/s0001_00316_0_0_0_0_0_01.png,s0001,00316,0,0,0,0,0,01
Closed_Eyes/s0001_00317_0_0_0_0_0_01.png,s0001,00317,0,0,0,0,0,01
Closed_Eyes/s0001_00318_0_0_0_0_0_01.png,s0001,00318,0,0,0,0,0,01
Closed_Eyes/s0001_00319_0_0_0_0_0_01.png,s0001,00319,0,0,0,0,0,01
Closed_Eyes/s0001_00320_0_0_0_0_0_01.png,s0001,00320,0,0,0,0,0,01
Closed_Eyes/s0001_00321_0_0_0_0_0_01.png,s0001,00321,0,0,0,0,0,01
Closed_Eyes/s0001_00322_0_0_0_0_0_01.png,s0001,00322,0,0,0,0,0,01
Closed_Eyes/s0001_00323_0_0_0_0_0_01.png,s0001,00323,0,0,0,0,0,01
Closed_Eyes/s0001_00324_0_0_0_0_0_01.png,s0001,00324,0,0,0,0,0,01
Closed_Eyes/s0001_00325_0_0_0_0_0_01.png,s0001,00325,0,0,0,0,0,01
Closed_Eyes/s0001_00366_0_0_0_0_0_01.png,s0001,00366,0,0,0,0,0,01
Closed_Eyes/s0001_00367_0_0_0_0_0_01.png,s0001,00367,0,0,0,0,0,01
Closed_Eyes/s0001_00368_0_0_0_0_0_01.png,s0001,00368,0,0,0,0,0,01
Closed_Eyes/s0001_00373_0_0_0_0_0_01.png,s0001,00373,0,0,0,0,0,01
Closed_Eyes/s0001_00374_0_0_0_0_0_01.png,s0001,00374,0,0,0,0,0,01
Closed_Eyes/s0001_00391_0_0_0_0_1_01.png,s0001,00391,0,0,0,0,1,01
Closed_Eyes/s0001_00393_0_0_0_0_0_01.png,s0001,00393,0,0,0,0,0,01
Closed_Eyes/s0001_00404_0_0_0_0_1_01.png,s0001,00404,0,0,0,0,1,01
Closed_Eyes/s0001_00405_0_0_0_0_0_01.png,s0001,00405,0,0,0,0,0,01
Closed_Eyes/s0001_00406_0_0_0_0_1_01.png,s0001,00406,0,0,0,0,1,01
Closed_Eyes/s0001_00408_0_0_0_0_1_01.png,s0001,00408,0,0,0,0,1,01
Closed_Eyes/s0001_00410_0_0_0_0_1_01.png,s0001,00410,0,0,0,0,1,01
Closed_Eyes/s0001_00412_0_0_0_0_1_01.png,s0001,00412,0,0,0,0,1,01
Closed_Eyes/s0001_00413_0_0_0_0_0_01.png,s0001,00413,0,0,0,0,0,01
Closed_Eyes/s0001_00414_0_0_0_0_0_01.png,s0001,00414,0,0,0,0,0,01
Closed_Eyes/s0001_00415_0_0_0_0_0_01.png,s0001,00415,0,0,0,0,0,01
Closed_Eyes/s0001_00416_0_0_0_0_0_01.png,s0001,00416,0,0,0,0,0,01
Closed_Eyes/s0001_00417_0_0_0_0_0_01.png,s0001,00417,0,0,0,0,0,01
Closed_Eyes/s0001_00418_0_0_0_0_0_01.png,s0001,00418,0,0,0,0,0,01
Closed_Eyes/s0001_00419_0_0_0_0_1_01.png,s0001,00419,0,0,0,0,1,01
Closed_Eyes/s0001_00421_0_0_0_0_1_01.png,s0001,00421,0,0,0,0,1,01
Closed_Eyes/s0001_00422_0_0_0_0_0_01.png,s0001,00422,0,0,0,0,0,01
Closed_Eyes/s0001_00423_0_0_0_0_1_01.png,s0001,00423,0,0,0,0,1,01
Closed_Eyes/s0001_00424_0_0_0_0_0_01.png,s0001,00424,0,0,0,0,0,01
Closed_Eyes/s0001_00435_0_0_0_0_1_01.png,s0001,00435,0,0,0,0,1,01
Closed_Eyes/s0001_00436_0_0_0_0_0_01.png,s0001,00436,0,0,0,0,0,01
Closed_Eyes/s0001_00437_0_0_0_0_0_01.png,s0001,00437,0,0,0,0,0,01
Closed_Eyes/s0001_00438_0_0_0_0_0_01.png,s0001,00438,0,0,0,0,0,01
Closed_Eyes/s0001_00439_0_0_0_0_1_01.png,s0001,00439,0,0,0,0,1,01
Closed_Eyes/s0001_00440_0_0_0_0_0_01.png,s0001,00440,0,0,0,0,0,01
Closed_Eyes/s0001_00441_0_0_0_0_1_01.png,s0001,00441,0,0,0,0,1,01
Closed_Eyes/s0001_00442_0_0_0_0_0_01.png,s0001,00442,0,0,0,0,0,01
Closed_Eyes/s0001_00443_0_0_0_0_1_01.png,s0001,00443,0,0,0,0,1,01
Closed_Eyes/s0001_00444_0_0_0_0_0_01.png,s0001,00444,0,0,0,0,0,01
Closed_Eyes/s0001_00445_0_0_0_0_1_01.png,s0001,00445,0,0,0,0,1,01
Closed_Eyes/s0001_00446_0_0_0_0_0_01.png,s0001,00446,0,0,0,0,0,01
Closed_Eyes/s0001_00447_0_0_0_0_1_01.png,s0001,00447,0,0,0,0,1,01
Closed_Eyes/s0001_00448_0_0_0_0_0_01.png,s0001,00448,0,0,0,0,0,01
Closed_Eyes/s0001_00449_0_0_0_0_1_01.png,s0001,00449,0,0,0,0,1,01
Closed_Eyes/s0001_00451_0_0_0_0_1_01.png,s0001,00451,0,0,0,0,1,01
Closed_Eyes/s0001_00452_0_0_0_0_0_01.png,s0001,00452,0,0,0,0,0,01
Closed_Eyes/s0001_00453_0_0_0_0_1_01.png,s0001,00453,0,0,0,0,1,01
Closed_Eyes/s0001_00454_0_0_0_0_0_01.png,s0001,00454,0,0,0,0,0,01
Closed_Eyes/s0001_00455_0_0_0_0_1_01.png,s0001,00455,0,0,0,0,1,01
Closed_Eyes/s0001_00456_0_0_0_0_0_01.png,s0001,00456,0,0,0,0,0,01
Closed_Eyes/s0001_00458_0_0_0_0_0_01.png,s0001,00458,0,0,0,0,0,01
Closed_Eyes/s0001_00459_0_0_0_0_0_01.png,s0001,00459,0,0,0,0,0,01
Closed_Eyes/s0001_00461_0_0_0_0_1_01.png,s0001,00461,0,0,0,0,1,01
Closed_Eyes/s0001_00462_0_0_0_0_0_01.png,s0001,00462,0,0,0,0,0,01
Closed_Eyes/s0001_00463_0_0_0_0_1_01.png,s0001,00463,0,0,0,0,1,01
Closed_Eyes/s0001_00464_0_0_0_0_0_01.png,s0001,00464,0,0,0,0,0,01
Closed_Eyes/s0001_00465_0_0_0_0_1_01.png,s0001,00465,0,0,0,0,1,01
Closed_Eyes/s0001_00467_0_0_0_0_0_01.png,s0001,00467,0,0,0,0,0,01
Closed_Eyes/s0001_00468_0_0_0_0_0_01.png,s0001,00468,0,0,0,0,0,01
Closed_Eyes/s0001_00469_0_0_0_0_0_01.png,s0001,00469,0,0,0,0,0,01
Closed_Eyes/s0001_00470_0_0_0_0_0_01.png,s0001,00470,0,0,0,0,0,01
Closed_Eyes/s0001_01455_0_1_0_0_0_01.png,s0001,01455,0,1,0,0,0,01
Closed_Eyes/s0001_01456_0_1_0_0_0_01.png,s0001,01456,0,1,0,0,0,01
Closed_Eyes/s0001_01457_0_1_0_0_0_01.png,s0001,01457,0,1,0,0,0,01
Closed_Eyes/s0001_01458_0_1_0_0_0_01.png,s0001,01458,0,1,0,0,0,01
Closed_Eyes/s0001_01459_0_1_0_0_0_01.png,s0001,01459,0,1,0,0,0,01
Closed_Eyes/s0001_01460_0_1_0_0_0_01.png,s0001,01460,0,1,0,0,0,01
Closed_Eyes/s0001_01461_0_1_0_0_0_01.png,s0001,01461,0,1,0,0,0,01
Closed_Eyes/s0001_01462_0_1_0_0_0_01.png,s0001,01462,0,1,0,0,0,01
Closed_Eyes/s0001_01463_0_1_0_0_0_01.png,s0001,01463,0,1,0,0,0,01
Closed_Eyes/s0001_01464_0_1_0_0_0_01.png,s0001,01464,0,1,0,0,0,01
Closed_Eyes/s0001_01465_0_1_0_0_0_01.png,s0001,01465,0,1,0,0,0,01
Closed_Eyes/s0001_01466_0_1_0_0_0_01.png,s0001,01466,0,1,0,0,0,01
Closed_Eyes/s0001_01467_0_1_0_0_0_01.png,s0001,01467,0,1,0,0,0,01
Closed_Eyes/s0001_01468_0_1_0_0_0_01.png,s0001,01468,0,1,0,0,0,01
Closed_Eyes/s0001_01469_0_1_0_0_0_01.png,s0001,01469,0,1,0,0,0,01
Closed_Eyes/s0001_01470_0_1_0_0_0_01.png,s0001,01470,0,1,0,0,0,01
Closed_Eyes/s0001_01471_0_1_0_0_0_01.png,s0001,01471,0,1,0,0,0,01
Closed_Eyes/s0001_01472_0_1_0_0_0_01.png,s0001,01472,0,1,0,0,0,01
Closed_Eyes/s0001_01473_0_1_0_0_0_01.png,s0001,01473,0,1,0,0,0,01
Closed_Eyes/s0001_01474_0_1_0_0_0_01.png,s0001,01474,0,1,0,0,0,01
Closed_Eyes/s0001_01475_0_1_0_0_0_01.png,s0001,01475,0,1,0,0,0,01
Closed_Eyes/s0001_01476_0_1_0_0_0_01.png,s0001,01476,0,1,0,0,0,01
Closed_Eyes/s0001_01477_0_1_0_0_0_01.png,s0001,01477,0,1,0,0,0,01
Closed_Eyes/s0001_01478_0_1_0_0_0_01.png,s0001,01478,0,1,0,0,0,01
Closed_Eyes/s0001_01479_0_1_0_0_0_01.png,s0001,01479,0,1,0,0,0,01
Closed_Eyes/s0001_01480_0_1_0_0_0_01.png,s0001,01480,0,1,0,0,0,01
Closed_Eyes/s0001_01481_0_1_0_0_0_01.png,s0001,01481,0,1,0,0,0,01
Closed_Eyes/s0001_01482_0_1_0_0_0_01.png,s0001,01482,0,1,0,0,0,01
Closed_Eyes/s0001_01483_0_1_0_0_0_01.png,s0001,01483,0,1,0,0,0,01
Closed_Eyes/s0001_01484_0_1_0_0_0_01.png,s0001,01484,0,1,0,0,0,01
Closed_Eyes/s0001_01485_0_1_0_0_0_01.png,s0001,01485,0,1,0,0,0,01
Closed_Eyes/s0001_01486_0_1_0_0_0_01.png,s0001,01486,0,1,0,0,0,01
Closed_Eyes/s0001_01487_0_1_0_0_0_01.png,s0001,01487,0,1,0,0,0,01
Closed_Eyes/s0001_01488_0_1_0_0_0_01.png,s0001,01488,0,1,0,0,0,01
Closed_Eyes/s0001_01489_0_1_0_0_0_01.png,s0001,01489,0,1,0,0,0,01
Closed_Eyes/s0001_01490_0_1_0_0_0_01.png,s0001,01490,0,1,0,0,0,01
Closed_Eyes/s0001_01491_0_1_0_0_0_01.png,s0001,01491,0,1,0,0,0,01
Closed_Eyes/s0001_01492_0_1_0_0_0_01.png,s0001,01492,0,1,0,0,0,01
Closed_Eyes/s0001_01493_0_1_0_0_0_01.png,s0001,01493,0,1,0,0,0,01
Closed_Eyes/s0001_01494_0_1_0_0_0_01.png,s0001,01494,0,1,0,0,0,01
Closed_Eyes/s0001_01495_0_1_0_0_0_01.png,s0001,01495,0,1,0,0,0,01
Closed_Eyes/s0001_01496_0_1_0_0_0_01.png,s0001,01496,0,1,0,0,0,01
Closed_Eyes/s0001_01497_0_1_0_0_0_01.png,s0001,01497,0,1,0,0,0,01
Closed_Eyes/s0001_01498_0_1_0_0_0_01.png,s0001,01498,0,1,0,0,0,01
Closed_Eyes/s0001_01511_0_1_0_0_0_01.png,s0001,01511,0,1,0,0,0,01
Closed_Eyes/s0001_01512_0_1_0_0_0_01.png,s0001,01512,0,1,0,0,0,01
Closed_Eyes/s0001_01513_0_1_0_0_0_01.png,s0001,01513,0,1,0,0,0,01
Closed_Eyes/s0001_01514_0_1_0_0_0_01.png,s0001,01514,0,1,0,0,0,01
Closed_Eyes/s0001_01515_0_1_0_0_0_01.png,s0001,01515,0,1,0,0,0,01
Closed_Eyes/s0001_01516_0_1_0_0_0_01.png,s0001,01516,0,1,0,0,0,01
Closed_Eyes/s0001_01517_0_1_0_0_0_01.png,s0001,01517,0,1,0,0,0,01
Closed_Eyes/s0001_01518_0_1_0_0_0_01.png,s0001,01518,0,1,0,0,0,01
Closed_Eyes/s0001_01519_0_1_0_0_0_01.png,s0001,01519,0,1,0,0,0,01
Closed_Eyes/s0001_01520_0_1_0_0_0_01.png,s0001,01520,0,1,0,0,0,01
Closed_Eyes/s0001_01521_0_1_0_0_0_01.png,s0001,01521,0,1,0,0,0,01
Closed_Eyes/s0001_01522_0_1_0_0_0_01.png,s0001,01522,0,1,0,0,0,01
Closed_Eyes/s0001_01523_0_1_0_0_0_01.png,s0001,01523,0,1,0,0,0,01
Closed_Eyes/s0001_01524_0_1_0_0_0_01.png,s0001,01524,0,1,0,0,0,01
Closed_Eyes/s0001_01525_0_1_0_0_0_01.png,s0001,01525,0,1,0,0,0,01
Closed_Eyes/s0001_01526_0_1_0_0_0_01.png,s0001,01526,0,1,0,0,0,01
Closed_Eyes/s0001_01527_0_1_0_0_0_01.png,s0001,01527,0,1,0,0,0,01
Closed_Eyes/s0001_01528_0_1_0_0_0_01.png,s0001,01528,0,1,0,0,0,01
Closed_Eyes/s0001_01529_0_1_0_0_0_01.png,s0001,01529,0,1,0,0,0,01
Closed_Eyes/s0001_01530_0_1_0_0_0_01.png,s0001,01530,0,1,0,0,0,01
Closed_Eyes/s0001_01531_0_1_0_0_0_01.png,s0001,01531,0,1,0,0,0,01
Closed_Eyes/s0001_01532_0_1_0_0_0_01.png,s0001,01532,0,1,0,0,0,01
Closed_Eyes/s0001_01533_0_1_0_0_0_01.png,s0001,01533,0,1,0,0,0,01
Closed_Eyes/s0001_01534_0_1_0_0_0_01.png,s0001,01534,0,1,0,0,0,01
Closed_Eyes/s0001_01535_0_1_0_0_0_01.png,s0001,01535,0,1,0,0,0,01
Closed_Eyes/s0001_01536_0_1_0_0_0_01.png,s0001,01536,0,1,0,0,0,01
Closed_Eyes/s0001_01537_0_1_0_0_0_01.png,s0001,01537,0,1,0,0,0,01
Closed_Eyes/s0001_01539_0_1_0_0_0_01.png,s0001,01539,0,1,0,0,0,01
Closed_Eyes/s0001_01540_0_1_0_0_0_01.png,s0001,01540,0,1,0,0,0,01
Closed_Eyes/s0001_01546_0_1_0_0_0_01.png,s0001,01546,0,1,0,0,0,01
Closed_Eyes/s0001_01547_0_1_0_0_0_01.png,s0001,01547,0,1,0,0,0,01
Closed_Eyes/s0001_01548_0_1_0_0_0_01.png,s0001,01548,0,1,0,0,0,01
Closed_Eyes/s0001_01549_0_1_0_0_0_01.png,s0001,01549,0,1,0,0,0,01
Closed_Eyes/s0001_01550_0_1_0_0_0_01.png,s0001,01550,0,1,0,0,0,01
Closed_Eyes/s0001_01551_0_1_0_0_0_01.png,s0001,01551,0,1,0,0,0,01
Closed_Eyes/s0001_01552_0_1_0_0_0_01.png,s0001,01552,0,1,0,0,0,01
Closed_Eyes/s0001_01553_0_1_0_0_0_01.png,s0001,01553,0,1,0,0,0,01
Closed_Eyes/s0001_01554_0_1_0_0_0_01.png,s0001,01554,0,1,0,0,0,01
Closed_Eyes/s0001_01555_0_1_0_0_0_01.png,s0001,01555,0,1,0,0,0,01
Closed_Eyes/s0001_01556_0_1_0_0_0_01.png,s0001,01556,0,1,0,0,0,01
Closed_Eyes/s0001_01557_0_1_0_0_0_01.png,s0001,01557,0,1,0,0,0,01
Closed_Eyes/s0001_01558_0_1_0_0_0_01.png,s0001,01558,0,1,0,0,0,01
Closed_Eyes/s0001_01559_0_1_0_0_0_01.png,s0001,01559,0,1,0,0,0,01
Closed_Eyes/s0001_01560_0_1_0_0_0_01.png,s0001,01560,0,1,0,0,0,01
Closed_Eyes/s0001_01562_0_1_0_0_0_01.png,s0001,01562,0,1,0,0,0,01
Closed_Eyes/s0001_01563_0_1_0_0_0_01.png,s0001,01563,0,1,0,0,0,01
Closed_Eyes/s0001_01564_0_1_0_0_0_01.png,s0001,01564,0,1,0,0,0,01
Closed_Eyes/s0001_01565_0_1_0_0_0_01.png,s0001,01565,0,1,0,0,0,01
Closed_Eyes/s0001_01566_0_1_0_0_0_01.png,s0001,01566,0,1,0,0,0,01
Closed_Eyes/s0001_01567_0_1_0_0_0_01.png,s0001,01567,0,1,0,0,0,01
Closed_Eyes/s0001_01568_0_1_0_0_0_01.png,s0001,01568,0,1,0,0,0,01
Closed_Eyes/s0001_01569_0_1_0_0_0_01.png,s0001,01569,0,1,0,0,0,01
Closed_Eyes/s0001_01570_0_1_0_0_0_01.png,s0001,01570,0,1,0,0,0,01
Closed_Eyes/s0001_01571_0_1_0_0_0_01.png,s0001,01571,0,1,0,0,0,01
Closed_Eyes/s0001_01572_0_1_0_0_0_01.png,s0001,01572,0,1,0,0,0,01
Closed_Eyes/s0001_01573_0_1_0_0_0_01.png,s0001,01573,0,1,0,0,0,01
Closed_Eyes/s0001_01574_0_1_0_0_0_01.png,s0001,01574,0,1,0,0,0,01
Closed_Eyes/s0001_01575_0_1_0_0_0_01.png,s0001,01575,0,1,0,0,0,01
Closed_Eyes/s0001_01576_0_1_0_0_0_01.png,s0001,01576,0,1,0,0,0,01
Closed_Eyes/s0001_01577_0_1_0_0_0_01.png,s0001,01577,0,1,0,0,0,01
Closed_Eyes/s0001_01578_0_1_0_0_0_01.png,s0001,01578,0,1,0,0,0,01
Closed_Eyes/s0001_01579_0_1_0_0_0_01.png,s0001,01579,0,1,0,0,0,01
Closed_Eyes/s0001_01580_0_1_0_0_0_01.png,s0001,01580,0,1,0,0,0,01
Closed_Eyes/s0001_01581_0_1_0_0_0_01.png,s0001,01581,0,1,0,0,0,01
Closed_Eyes/s0001_01582_0_1_0_0_0_01.png,s0001,01582,0,1,0,0,0,01
Closed_Eyes/s0001_01583_0_1_0_0_0_01.png,s0001,01583,0,1,0,0,0,01
Closed_Eyes/s0001_01584_0_1_0_0_0_01.png,s0001,01584,0,1,0,0,0,01
Closed_Eyes/s0001_01585_0_1_0_0_0_01.png,s0001,01585,0,1,0,0,0,01
Closed_Eyes/s0001_01587_0_1_0_0_0_01.png,s0001,01587,0,1,0,0,0,01
Closed_Eyes/s0001_01588_0_1_0_0_0_01.png,s0001,01588,0,1,0,0,0,01
Closed_Eyes/s0001_01589_0_1_0_0_0_01.png,s0001,01589,0,1,0,0,0,01
Closed_Eyes/s0001_01590_0_1_0_0_0_01.png,s0001,01590,0,1,0,0,0,01
Closed_Eyes/s0001_01591_0_1_0_0_0_01.png,s0001,01591,0,1,0,0,0,01
Closed_Eyes/s0001_01592_0_1_0_0_0_01.png,s0001,01592,0,1,0,0,0,01
Closed_Eyes/s0001_01593_0_1_0_0_0_01.png,s0001,01593,0,1,0,0,0,01
Closed_Eyes/s0001_01594_0_1_0_0_0_01.png,s0001,01594,0,1,0,0,0,01
Closed_Eyes/s0001_01595_0_1_0_0_0_01.png,s0001,01595,0,1,0,0,0,01
Closed_Eyes/s0001_01596_0_1_0_0_0_01.png,s0001,01596,0,1,0,0,0,01
Closed_Eyes/s0001_01597_0_1_0_0_0_01.png,s0001,01597,0,1,0,0,0,01
Closed_Eyes/s0001_01598_0_1_0_0_0_01.png,s0001,01598,0,1,0,0,0,01
Closed_Eyes/s0001_01599_0_1_0_0_0_01.png,s0001,01599,0,1,0,0,0,01
Closed_Eyes/s0001_01600_0_1_0_0_0_01.png,s0001,01600,0,1,0,0,0,01
Closed_Eyes/s0001_01601_0_1_0_0_0_01.png,s0001,01601,0,1,0,0,0,01
Closed_Eyes/s0001_01602_0_1_0_0_0_01.png,s0001,01602,0,1,0,0,0,01
Closed_Eyes/s0001_01603_0_1_0_0_0_01.png,s0001,01603,0,1,0,0,0,01
Closed_Eyes/s0001_01605_0_1_0_0_0_01.png,s0001,01605,0,1,0,0,0,01
Closed_Eyes/s0001_01606_0_1_0_0_0_01.png,s0001,01606,0,1,0,0,0,01
Closed_Eyes/s0001_01607_0_1_0_0_0_01.png,s0001,01607,0,1,0,0,0,01
Closed_Eyes/s0001_01608_0_1_0_0_0_01.png,s0001,01608,0,1,0,0,0,01
Closed_Eyes/s0001_01609_0_1_0_0_0_01.png,s0001,01609,0,1,0,0,0,01
Closed_Eyes/s0001_01610_0_1_0_0_0_01.png,s0001,01610,0,1,0,0,0,01
Closed_Eyes/s0001_01611_0_1_0_0_0_01.png,s0001,01611,0,1,0,0,0,01
Closed_Eyes/s0001_01613_0_1_0_0_0_01.png,s0001,01613,0,1,0,0,0,01
Closed_Eyes/s0001_01614_0_1_0_0_0_01.png,s0001,01614,0,1,0,0,0,01
Closed_Eyes/s0001_01615_0_1_0_0_0_01.png,s0001,01615,0,1,0,0,0,01
Closed_Eyes/s0001_01616_0_1_0_0_0_01.png,s0001,01616,0,1,0,0,0,01
Closed_Eyes/s0001_01617_0_1_0_0_0_01.png,s0001,01617,0,1,0,0,0,01
Closed_Eyes/s0001_01618_0_1_0_0_0_01.png,s0001,01618,0,1,0,0,0,01
Closed_Eyes/s0001_01619_0_1_0_0_0_01.png,s0001,01619,0,1,0,0,0,01
Closed_Eyes/s0001_01620_0_1_0_0_0_01.png,s0001,01620,0,1,0,0,0,01
Closed_Eyes/s0001_01622_0_1_0_0_0_01.png,s0001,01622,0,1,0,0,0,01
Closed_Eyes/s0001_01623_0_1_0_0_0_01.png,s0001,01623,0,1,0,0,0,01
Closed_Eyes/s0001_01624_0_1_0_0_0_01.png,s0001,01624,0,1,0,0,0,01
Closed_Eyes/s0001_01625_0_1_0_0_0_01.png,s0001,01625,0,1,0,0,0,01
Closed_Eyes/s0001_01626_0_1_0_0_0_01.png,s0001,01626,0,1,0,0,0,01
Closed_Eyes/s0001_01627_0_1_0_0_0_01.png,s0001,01627,0,1,0,0,0,01
Closed_Eyes/s0001_01628_0_1_0_0_0_01.png,s0001,01628,0,1,0,0,0,01
Closed_Eyes/s0001_01629_0_1_0_0_0_01.png,s0001,01629,0,1,0,0,0,01
Closed_Eyes/s0001_01630_0_1_0_0_0_01.png,s0001,01630,0,1,0,0,0,01
Closed_Eyes/s0001_01632_0_1_0_0_0_01.png,s0001,01632,0,1,0,0,0,01
Closed_Eyes/s0001_01633_0_1_0_0_0_01.png,s0001,01633,0,1,0,0,0,01
Closed_Eyes/s0001_01634_0_1_0_0_0_01.png,s0001,01634,0,1,0,0,0,01
Closed_Eyes/s0001_01635_0_1_0_0_0_01.png,s0001,01635,0,1,0,0,0,01
Closed_Eyes/s0001_01636_0_1_0_0_0_01.png,s0001,01636,0,1,0,0,0,01
Closed_Eyes/s0001_01637_0_1_0_0_0_01.png,s0001,01637,0,1,0,0,0,01
Closed_Eyes/s0001_01638_0_1_0_0_0_01.png,s0001,01638,0,1,0,0,0,01
Closed_Eyes/s0001_01639_0_1_0_0_0_01.png,s0001,01639,0,1,0,0,0,01
Closed_Eyes/s0001_01640_0_1_0_0_0_01.png,s0001,01640,0,1,0,0,0,01
Closed_Eyes/s0001_01641_0_1_0_0_0_01.png,s0001,01641,0,1,0,0,0,01
Closed_Eyes/s0001_01642_0_1_0_0_0_01.png,s0001,01642,0,1,0,0,0,01
Closed_Eyes/s0001_01643_0_1_0_0_0_01.png,s0001,01643,0,1,0,0,0,01
Closed_Eyes/s0001_01644_0_1_0_0_0_01.png,s0001,01644,0,1,0,0,0,01
Closed_Eyes/s0001_01645_0_1_0_0_0_01.png,s0001,01645,0,1,0,0,0,01
Closed_Eyes/s0001_01646_0_1_0_0_0_01.png,s0001,01646,0,1,0,0,0,01
Closed_Eyes/s0001_01648_0_1_0_0_0_01.png,s0001,01648,0,1,0,0,0,01
Closed_Eyes/s0001_01649_0_1_0_0_0_01.png,s0001,01649,0,1,0,0,0,01
Closed_Eyes/s0001_01650_0_1_0_0_1_01.png,s0001,01650,0,1,0,0,1,01
Closed_Eyes/s0001_01651_0_1_0_0_1_01.png,s0001,01651,0,1,0,0,1,01
Closed_Eyes/s0001_01652_0_1_0_0_1_01.png,s0001,01652,0,1,0,0,1,01
Closed_Eyes/s0001_01654_0_1_0_0_1_01.png,s0001,01654,0,1,0,0,1,01
Closed_Eyes/s0001_01655_0_1_0_0_1_01.png,s0001,01655,0,1,0,0,1,01
Closed_Eyes/s0001_01656_0_1_0_0_1_01.png,s0001,01656,0,1,0,0,1,01
Closed_Eyes/s0001_01657_0_1_0_0_1_01.png,s0001,01657,0,1,0,0,1,01
Closed_Eyes/s0001_01658_0_1_0_0_1_01.png,s0001,01658,0,1,0,0,1,01
Closed_Eyes/s0001_01659_0_1_0_0_1_01.png,s0001,01659,0,1,0,0,1,01
Closed_Eyes/s0001_01660_0_1_0_0_1_01.png,s0001,01660,0,1,0,0,1,01
Closed_Eyes/s0001_01662_0_1_0_0_1_01.png,s0001,01662,0,1,0,0,1,01
Closed_Eyes/s0001_01663_0_1_0_0_1_01.png,s0001,01663,0,1,0,0,1,01
Closed_Eyes/s0001_01664_0_1_0_0_1_01.png,s0001,01664,0,1,0,0,1,01
Closed_Eyes/s0001_01665_0_1_0_0_1_01.png,s0001,01665,0,1,0,0,1,01
Closed_Eyes/s0001_01666_0_1_0_0_1_01.png,s0001,01666,0,1,0,0,1,01
Closed_Eyes/s0001_01667_0_1_0_0_1_01.png,s0001,01667,0,1,0,0,1,01
Closed_Eyes/s0001_01684_0_1_0_0_0_01.png,s0001,01684,0,1,0,0,0,01
Closed_Eyes/s0001_01685_0_1_0_0_0_01.png,s0001,01685,0,1,0,0,0,01
Closed_Eyes/s0001_01686_0_1_0_0_0_01.png,s0001,01686,0,1,0,0,0,01
Closed_Eyes/s0001_01687_0_1_0_0_0_01.png,s0001,01687,0,1,0,0,0,01
Closed_Eyes/s0001_01688_0_1_0_0_0_01.png,s0001,01688,0,1,0,0,0,01
Closed_Eyes/s0001_01689_0_1_0_0_0_01.png,s0001,01689,0,1,0,0,0,01
Closed_Eyes/s0001_01690_0_1_0_0_0_01.png,s0001,01690,0,1,0,0,0,01
Closed_Eyes/s0001_01691_0_1_0_0_0_01.png,s0001,01691,0,1,0,0,0,01
Closed_Eyes/s0001_01692_0_1_0_0_0_01.png,s0001,01692,0,1,0,0,0,01
Closed_Eyes/s0001_01693_0_1_0_0_0_01.png,s0001,01693,0,1,0,0,0,01
Closed_Eyes/s0001_01694_0_1_0_0_0_01.png,s0001,01694,0,1,0,0,0,01
Closed_Eyes/s0001_01695_0_1_0_0_0_01.png,s0001,01695,0,1,0,0,0,01
Closed_Eyes/s0001_01696_0_1_0_0_0_01.png,s0001,01696,0,1,0,0,0,01
Closed_Eyes/s0001_01697_0_1_0_0_0_01.png,s0001,01697,0,1,0,0,0,01
Closed_Eyes/s0001_01698_0_1_0_0_0_01.png,s0001,01698,0,1,0,0,0,01
Closed_Eyes/s0001_01699_0_1_0_0_0_01.png,s0001,01699,0,1,0,0,0,01
Closed_Eyes/s0001_01700_0_1_0_0_0_01.png,s0001,01700,0,1,0,0,0,01
Closed_Eyes/s0001_01701_0_1_0_0_0_01.png,s0001,01701,0,1,0,0,0,01
Closed_Eyes/s0001_01702_0_1_0_0_0_01.png,s0001,01702,0,1,0,0,0,01
Closed_Eyes/s0001_01703_0_1_0_0_0_01.png,s0001,01703,0,1,0,0,0,01
Closed_Eyes/s0001_01704_0_1_0_0_0_01.png,s0001,01704,0,1,0,0,0,01
Closed_Eyes/s0001_01705_0_1_0_0_0_01.png,s0001,01705,0,1,0,0,0,01
Closed_Eyes/s0001_01706_0_1_0_0_0_01.png,s0001,01706,0,1,0,0,0,01
Closed_Eyes/s0001_01707_0_1_0_0_0_01.png,s0001,01707,0,1,0,0,0,01
Closed_Eyes/s0001_01708_0_1_0_0_0_01.png,s0001,01708,0,1,0,0,0,01
Closed_Eyes/s0001_01709_0_1_0_0_0_01.png,s0001,01709,0,1,0,0,0,01
Closed_Eyes/s0001_01710_0_1_0_0_0_01.png,s0001,01710,0,1,0,0,0,01
Closed_Eyes/s0001_01711_0_1_0_0_0_01.png,s0001,01711,0,1,0,0,0,01
Closed_Eyes/s0001_01713_0_1_0_0_0_01.png,s0001,01713,0,1,0,0,0,01
Closed_Eyes/s0001_01714_0_1_0_0_0_01.png,s0001,01714,0,1,0,0,0,01
Open_Eyes/s0001_02334_0_0_1_0_0_01.png,s0001,02334,0,0,1,0,0,01
Open_Eyes/s0001_02336_0_0_1_0_0_01.png,s0001,02336,0,0,1,0,0,01
Open_Eyes/s0001_02337_0_0_1_0_0_01.png,s0001,02337,0,0,1,0,0,01
Open_Eyes/s0001_02338_0_0_1_0_0_01.png,s0001,02338,0,0,1,0,0,01
Open_Eyes/s0001_02339_0_0_1_0_0_01.png,s0001,02339,0,0,1,0,0,01
Open_Eyes/s0001_02340_0_0_1_0_0_01.png,s0001,02340,0,0,1,0,0,01
Open_Eyes/s0001_02341_0_0_1_0_0_01.png,s0001,02341,0,0,1,0,0,01
Open_Eyes/s0001_02342_0_0_1_0_0_01.png,s0001,02342,0,0,1,0,0,01
Open_Eyes/s0001_02343_0_0_1_0_0_01.png,s0001,02343,0,0,1,0,0,01
Open_Eyes/s0001_02344_0_0_1_0_0_01.png,s0001,02344,0,0,1,0,0,01
Open_Eyes/s0001_02345_0_0_1_0_0_01.png,s0001,02345,0,0,1,0,0,01
Open_Eyes/s0001_02358_0_0_1_0_0_01.png,s0001,02358,0,0,1,0,0,01
Open_Eyes/s0001_02359_0_0_1_0_0_01.png,s0001,02359,0,0,1,0,0,01
Open_Eyes/s0001_02360_0_0_1_0_0_01.png,s0001,02360,0,0,1,0,0,01
Open_Eyes/s0001_02361_0_0_1_0_0_01.png,s0001,02361,0,0,1,0,0,01
Open_Eyes/s0001_02362_0_0_1_0_0_01.png,s0001,02362,0,0,1,0,0,01
Open_Eyes/s0001_02363_0_0_1_0_0_01.png,s0001,02363,0,0,1,0,0,01
Open_Eyes/s0001_02364_0_0_1_0_0_01.png,s0001,02364,0,0,1,0,0,01
Open_Eyes/s0001_02366_0_0_1_0_0_01.png,s0001,02366,0,0,1,0,0,01
Open_Eyes/s0001_02367_0_0_1_0_0_01.png,s0001,02367,0,0,1,0,0,01
Open_Eyes/s0001_02368_0_0_1_0_0_01.png,s0001,02368,0,0,1,0,0,01
Open_Eyes/s0001_02369_0_0_1_0_0_01.png,s0001,02369,0,0,1,0,0,01
Open_Eyes/s0001_02370_0_0_1_0_0_01.png,s0001,02370,0,0,1,0,0,01
Open_Eyes/s0001_02371_0_0_1_0_0_01.png,s0001,02371,0,0,1,0,0,01
Open_Eyes/s0001_02372_0_0_1_0_0_01.png,s0001,02372,0,0,1,0,0,01
Open_Eyes/s0001_02375_0_0_1_0_0_01.png,s0001,02375,0,0,1,0,0,01
Open_Eyes/s0001_02376_0_0_1_0_0_01.png,s0001,02376,0,0,1,0,0,01
Open_Eyes/s0001_02377_0_0_1_0_0_01.png,s0001,02377,0,0,1,0,0,01
Open_Eyes/s0001_02378_0_0_1_0_0_01.png,s0001,02378,0,0,1,0,0,01
Open_Eyes/s0001_02379_0_0_1_0_0_01.png,s0001,02379,0,0,1,0,0,01
Open_Eyes/s0001_02380_0_0_1_0_0_01.png,s0001,02380,0,0,1,0,0,01
Open_Eyes/s0001_02381_0_0_1_0_0_01.png,s0001,02381,0,0,1,0,0,01
Open_Eyes/s0001_02382_0_0_1_0_0_01.png,s0001,02382,0,0,1,0,0,01
Open_Eyes/s0001_02383_0_0_1_0_0_01.png,s0001,02383,0,0,1,0,0,01
Open_Eyes/s0001_02384_0_0_1_0_0_01.png,s0001,02384,0,0,1,0,0,01
Open_Eyes/s0001_02385_0_0_1_0_0_01.png,s0001,02385,0,0,1,0,0,01
Open_Eyes/s0001_02386_0_0_1_0_0_01.png,s0001,02386,0,0,1,0,0,01
Open_Eyes/s0001_02387_0_0_1_0_0_01.png,s0001,02387,0,0,1,0,0,01
Open_Eyes/s0001_02388_0_0_1_0_0_01.png,s0001,02388,0,0,1,0,0,01
Open_Eyes/s0001_02389_0_0_1_0_0_01.png,s0001,02389,0,0,1,0,0,01
Open_Eyes/s0001_02390_0_0_1_0_0_01.png,s0001,02390,0,0,1,0,0,01
Open_Eyes/s0001_02391_0_0_1_0_0_01.png,s0001,02391,0,0,1,0,0,01
Open_Eyes/s0001_02392_0_0_1_0_0_01.png,s0001,02392,0,0,1,0,0,01
Open_Eyes/s0001_02393_0_0_1_0_0_01.png,s0001,02393,0,0,1,0,0,01
Open_Eyes/s0001_02394_0_0_1_0_0_01.png,s0001,02394,0,0,1,0,0,01
Open_Eyes/s0001_02569_0_1_1_0_0_01.png,s0001,02569,0,1,1,0,0,01
Open_Eyes/s0001_02571_0_1_1_0_0_01.png,s0001,02571,0,1,1,0,0,01
Open_Eyes/s0001_02587_0_1_1_0_0_01.png,s0001,02587,0,1,1,0,0,01
Open_Eyes/s0001_02592_0_1_1_0_0_01.png,s0001,02592,0,1,1,0,0,01
Open_Eyes/s0001_02593_0_1_1_0_0_01.png,s0001,02593,0,1,1,0,0,01
Open_Eyes/s0001_02594_0_1_1_0_0_01.png,s0001,02594,0,1,1,0,0,01
Open_Eyes/s0001_02595_0_1_1_0_0_01.png,s0001,02595,0,1,1,0,0,01
Open_Eyes/s0001_02596_0_1_1_0_0_01.png,s0001,02596,0,1,1,0,0,01
Open_Eyes/s0001_02597_0_1_1_0_0_01.png,s0001,02597,0,1,1,0,0,01
Open_Eyes/s0001_02599_0_1_1_0_0_01.png,s0001,02599,0,1,1,0,0,01
Open_Eyes/s0001_02600_0_1_1_0_0_01.png,s0001,02600,0,1,1,0,0,01
Open_Eyes/s0001_02602_0_1_1_0_0_01.png,s0001,02602,0,1,1,0,0,01
Open_Eyes/s0001_02603_0_1_1_0_0_01.png,s0001,02603,0,1,1,0,0,01
Open_Eyes/s0001_02621_0_1_1_2_0_01.png,s0001,02621,0,1,1,2,0,01
Open_Eyes/s0001_02623_0_1_1_0_0_01.png,s0001,02623,0,1,1,0,0,01
Open_Eyes/s0001_02624_0_1_1_0_0_01.png,s0001,02624,0,1,1,0,0,01
Open_Eyes/s0001_02625_0_1_1_2_0_01.png,s0001,02625,0,1,1,2,0,01
Open_Eyes/s0001_02629_0_1_1_2_0_01.png,s0001,02629,0,1,1,2,0,01
Open_Eyes/s0001_02631_0_1_1_2_0_01.png,s0001,02631,0,1,1,2,0,01
Open_Eyes/s0001_02633_0_1_1_1_0_01.png,s0001,02633,0,1,1,1,0,01
Open_Eyes/s0001_02634_0_1_1_2_0_01.png,s0001,02634,0,1,1,2,0,01
Open_Eyes/s0001_02635_0_1_1_0_0_01.png,s0001,02635,0,1,1,0,0,01
Open_Eyes/s0001_02636_0_1_1_2_0_01.png,s0001,02636,0,1,1,2,0,01
Open_Eyes/s0001_02637_0_1_1_0_0_01.png,s0001,02637,0,1,1,0,0,01
Open_Eyes/s0001_02638_0_1_1_2_0_01.png,s0001,02638,0,1,1,2,0,01
Open_Eyes/s0001_02639_0_1_1_2_0_01.png,s0001,02639,0,1,1,2,0,01
Open_Eyes/s0001_02640_0_1_1_0_0_01.png,s0001,02640,0,1,1,0,0,01
Open_Eyes/s0001_02641_0_1_1_2_0_01.png,s0001,02641,0,1,1,2,0,01
Open_Eyes/s0001_02642_0_1_1_0_0_01.png,s0001,02642,0,1,1,0,0,01
Open_Eyes/s0001_02643_0_1_1_2_0_01.png,s0001,02643,0,1,1,2,0,01
Open_Eyes/s0001_02644_0_1_1_0_0_01.png,s0001,02644,0,1,1,0,0,01
Open_Eyes/s0001_02645_0_1_1_2_0_01.png,s0001,02645,0,1,1,2,0,01
Open_Eyes/s0001_02646_0_1_1_0_0_01.png,s0001,02646,0,1,1,0,0,01
Open_Eyes/s0001_02647_0_1_1_0_0_01.png,s0001,02647,0,1,1,0,0,01
Open_Eyes/s0001_02648_0_1_1_0_0_01.png,s0001,02648,0,1,1,0,0,01
Open_Eyes/s0001_02649_0_1_1_2_0_01.png,s0001,02649,0,1,1,2,0,01
Open_Eyes/s0001_02650_0_1_1_1_0_01.png,s0001,02650,0,1,1,1,0,01
Open_Eyes/s0001_02651_0_1_1_2_0_01.png,s0001,02651,0,1,1,2,0,01
Open_Eyes/s0001_02652_0_1_1_2_0_01.png,s0001,02652,0,1,1,2,0,01
Open_Eyes/s0001_02653_0_1_1_2_0_01.png,s0001,02653,0,1,1,2,0,01
Open_Eyes/s0001_02654_0_1_1_2_0_01.png,s0001,02654,0,1,1,2,0,01
Open_Eyes/s0001_02655_0_1_1_2_0_01.png,s0001,02655,0,1,1,2,0,01
Open_Eyes/s0001_02656_0_1_1_2_0_01.png,s0001,02656,0,1,1,2,0,01
Open_Eyes/s0001_02669_0_1_1_2_0_01.png,s0001,02669,0,1,1,2,0,01
Open_Eyes/s0001_02670_0_1_1_0_0_01.png,s0001,02670,0,1,1,0,0,01
Open_Eyes/s0001_02671_0_1_1_0_0_01.png,s0001,02671,0,1,1,0,0,01
Open_Eyes/s0001_02672_0_1_1_2_0_01.png,s0001,02672,0,1,1,2,0,01
Open_Eyes/s0001_02673_0_1_1_2_0_01.png,s0001,02673,0,1,1,2,0,01
Open_Eyes/s0001_02674_0_1_1_2_0_01.png,s0001,02674,0,1,1,2,0,01
Open_Eyes/s0001_02675_0_1_1_2_0_01.png,s0001,02675,0,1,1,2,0,01
Open_Eyes/s0001_02676_0_1_1_2_0_01.png,s0001,02676,0,1,1,2,0,01
Open_Eyes/s0001_02678_0_1_1_2_0_01.png,s0001,02678,0,1,1,2,0,01
Open_Eyes/s0001_02679_0_1_1_2_0_01.png,s0001,02679,0,1,1,2,0,01
Open_Eyes/s0001_02680_0_1_1_2_0_01.png,s0001,02680,0,1,1,2,0,01
Open_Eyes/s0001_02681_0_1_1_2_0_01.png,s0001,02681,0,1,1,2,0,01
Open_Eyes/s0001_02682_0_1_1_2_0_01.png,s0001,02682,0,1,1,2,0,01
Open_Eyes/s0001_02683_0_1_1_2_0_01.png,s0001,02683,0,1,1,2,0,01
Open_Eyes/s0001_02684_0_1_1_2_0_01.png,s0001,02684,0,1,1,2,0,01
Open_Eyes/s0001_02685_0_1_1_2_0_01.png,s0001,02685,0,1,1,2,0,01
Open_Eyes/s0001_02686_0_1_1_2_0_01.png,s0001,02686,0,1,1,2,0,01
Open_Eyes/s0001_02687_0_1_1_2_0_01.png,s0001,02687,0,1,1,2,0,01
Open_Eyes/s0001_02688_0_1_1_0_0_01.png,s0001,02688,0,1,1,0,0,01
Open_Eyes/s0001_02689_0_1_1_0_0_01.png,s0001,02689,0,1,1,0,0,01
Open_Eyes/s0001_02692_0_1_1_2_0_01.png,s0001,02692,0,1,1,2,0,01
Open_Eyes/s0001_02693_0_1_1_2_0_01.png,s0001,02693,0,1,1,2,0,01
Open_Eyes/s0001_02694_0_1_1_2_0_01.png,s0001,02694,0,1,1,2,0,01
Open_Eyes/s0001_02695_0_1_1_2_0_01.png,s0001,02695,0,1,1,2,0,01
Open_Eyes/s0001_02696_0_1_1_2_0_01.png,s0001,02696,0,1,1,2,0,01
Open_Eyes/s0001_02713_0_1_1_0_0_01.png,s0001,02713,0,1,1,0,0,01
Open_Eyes/s0001_02714_0_1_1_0_0_01.png,s0001,02714,0,1,1,0,0,01
Open_Eyes/s0001_02715_0_1_1_2_0_01.png,s0001,02715,0,1,1,2,0,01
Open_Eyes/s0001_02716_0_1_1_2_0_01.png,s0001,02716,0,1,1,2,0,01
Open_Eyes/s0001_02717_0_1_1_2_0_01.png,s0001,02717,0,1,1,2,0,01
Open_Eyes/s0001_02718_0_1_1_2_0_01.png,s0001,02718,0,1,1,2,0,01
Open_Eyes/s0001_02719_0_1_1_2_0_01.png,s0001,02719,0,1,1,2,0,01
Open_Eyes/s0001_02720_0_1_1_2_0_01.png,s0001,02720,0,1,1,2,0,01
Open_Eyes/s0001_02721_0_1_1_2_0_01.png,s0001,02721,0,1,1,2,0,01
Open_Eyes/s0001_02722_0_1_1_2_0_01.png,s0001,02722,0,1,1,2,0,01
Open_Eyes/s0001_02723_0_1_1_0_0_01.png,s0001,02723,0,1,1,0,0,01
Open_Eyes/s0001_02724_0_1_1_0_0_01.png,s0001,02724,0,1,1,0,0,01
Open_Eyes/s0001_02725_0_1_1_0_0_01.png,s0001,02725,0,1,1,0,0,01
Open_Eyes/s0001_02726_0_1_1_0_0_01.png,s0001,02726,0,1,1,0,0,01
Open_Eyes/s0001_02727_0_1_1_0_0_01.png,s0001,02727,0,1,1,0,0,01
Open_Eyes/s0001_02745_0_1_1_2_0_01.png,s0001,02745,0,1,1,2,0,01
Open_Eyes/s0001_02747_0_1_1_2_0_01.png,s0001,02747,0,1,1,2,0,01
Open_Eyes/s0001_02748_0_1_1_2_0_01.png,s0001,02748,0,1,1,2,0,01
Open_Eyes/s0001_02749_0_1_1_2_0_01.png,s0001,02749,0,1,1,2,0,01
Open_Eyes/s0001_02781_0_1_1_2_0_01.png,s0001,02781,0,1,1,2,0,01
Open_Eyes/s0001_02792_0_1_1_2_0_01.png,s0001,02792,0,1,1,2,0,01
Open_Eyes/s0001_02793_0_1_1_2_0_01.png,s0001,02793,0,1,1,2,0,01
Open_Eyes/s0001_02794_0_1_1_2_0_01.png,s0001,02794,0,1,1,2,0,01
Open_Eyes/s0001_02795_0_1_1_2_0_01.png,s0001,02795,0,1,1,2,0,01
Open_Eyes/s0001_02796_0_1_1_2_0_01.png,s0001,02796,0,1,1,2,0,01
Open_Eyes/s0001_02798_0_1_1_0_0_01.png,s0001,02798,0,1,1,0,0,01
Open_Eyes/s0001_02800_0_1_1_0_0_01.png,s0001,02800,0,1,1,0,0,01
Open_Eyes/s0001_02801_0_1_1_2_0_01.png,s0001,02801,0,1,1,2,0,01
Open_Eyes/s0001_02815_0_1_1_0_0_01.png,s0001,02815,0,1,1,0,0,01
Open_Eyes/s0001_02816_0_1_1_0_0_01.png,s0001,02816,0,1,1,0,0,01
Open_Eyes/s0001_02825_0_1_1_0_0_01.png,s0001,02825,0,1,1,0,0,01
Open_Eyes/s0001_02826_0_1_1_0_0_01.png,s0001,02826,0,1,1,0,0,01
Open_Eyes/s0001_02828_0_1_1_0_0_01.png,s0001,02828,0,1,1,0,0,01
Open_Eyes/s0001_02829_0_1_1_0_0_01.png,s0001,02829,0,1,1,0,0,01
Open_Eyes/s0001_02830_0_1_1_0_0_01.png,s0001,02830,0,1,1,0,0,01
Open_Eyes/s0001_02831_0_1_1_0_0_01.png,s0001,02831,0,1,1,0,0,01
Open_Eyes/s0001_02832_0_1_1_0_0_01.png,s0001,02832,0,1,1,0,0,01
Open_Eyes/s0001_02833_0_1_1_0_0_01.png,s0001,02833,0,1,1,0,0,01
Open_Eyes/s0001_02837_0_1_1_0_0_01.png,s0001,02837,0,1,1,0,0,01
Open_Eyes/s0001_02838_0_1_1_0_0_01.png,s0001,02838,0,1,1,0,0,01
Open_Eyes/s0001_02849_0_1_1_2_0_01.png,s0001,02849,0,1,1,2,0,01
Open_Eyes/s0001_02850_0_1_1_2_0_01.png,s0001,02850,0,1,1,2,0,01
Open_Eyes/s0001_02851_0_1_1_2_0_01.png,s0001,02851,0,1,1,2,0,01
Open_Eyes/s0001_02853_0_1_1_1_0_01.png,s0001,02853,0,1,1,1,0,01
Open_Eyes/s0001_02854_0_1_1_0_0_01.png,s0001,02854,0,1,1,0,0,01
Open_Eyes/s0001_02855_0_1_1_0_0_01.png,s0001,02855,0,1,1,0,0,01
Open_Eyes/s0001_02857_0_1_1_0_0_01.png,s0001,02857,0,1,1,0,0,01
Open_Eyes/s0001_02860_0_1_1_0_0_01.png,s0001,02860,0,1,1,0,0,01
Open_Eyes/s0001_02861_0_1_1_1_1_01.png,s0001,02861,0,1,1,1,1,01
Open_Eyes/s0001_02862_0_1_1_0_0_01.png,s0001,02862,0,1,1,0,0,01
Open_Eyes/s0001_02863_0_1_1_1_1_01.png,s0001,02863,0,1,1,1,1,01
Open_Eyes/s0001_02864_0_1_1_0_0_01.png,s0001,02864,0,1,1,0,0,01
Open_Eyes/s0001_02865_0_1_1_2_1_01.png,s0001,02865,0,1,1,2,1,01
Open_Eyes/s0001_02866_0_1_1_0_0_01.png,s0001,02866,0,1,1,0,0,01
Open_Eyes/s0001_02868_0_1_1_2_0_01.png,s0001,02868,0,1,1,2,0,01
Open_Eyes/s0001_02869_0_1_1_0_1_01.png,s0001,02869,0,1,1,0,1,01
Open_Eyes/s0001_02870_0_1_1_0_1_01.png,s0001,02870,0,1,1,0,1,01
Open_Eyes/s0001_02871_0_1_1_0_0_01.png,s0001,02871,0,1,1,0,0,01
Open_Eyes/s0001_02872_0_1_1_0_0_01.png,s0001,02872,0,1,1,0,0,01
Open_Eyes/s0001_02873_0_1_1_0_1_01.png,s0001,02873,0,1,1,0,1,01
Open_Eyes/s0001_02874_0_1_1_0_1_01.png,s0001,02874,0,1,1,0,1,01
Open_Eyes/s0001_02875_0_1_1_0_1_01.png,s0001,02875,0,1,1,0,1,01
Open_Eyes/s0001_02876_0_1_1_0_1_01.png,s0001,02876,0,1,1,0,1,01
Open_Eyes/s0001_02878_0_1_1_0_1_01.png,s0001,02878,0,1,1,0,1,01
Open_Eyes/s0001_02879_0_1_1_0_1_01.png,s0001,02879,0,1,1,0,1,01
Open_Eyes/s0001_02882_0_1_1_0_0_01.png,s0001,02882,0,1,1,0,0,01
Open_Eyes/s0001_02883_0_1_1_0_0_01.png,s0001,02883,0,1,1,0,0,01
Open_Eyes/s0001_02884_0_1_1_0_1_01.png,s0001,02884,0,1,1,0,1,01
Open_Eyes/s0001_02885_0_1_1_0_1_01.png,s0001,02885,0,1,1,0,1,01
Open_Eyes/s0001_02886_0_1_1_2_0_01.png,s0001,02886,0,1,1,2,0,01
Open_Eyes/s0001_02887_0_1_1_0_1_01.png,s0001,02887,0,1,1,0,1,01
Open_Eyes/s0001_02888_0_1_1_0_0_01.png,s0001,02888,0,1,1,0,0,01
Open_Eyes/s0001_02889_0_1_1_0_0_01.png,s0001,02889,0,1,1,0,0,01
Open_Eyes/s0001_02926_0_1_1_2_0_01.png,s0001,02926,0,1,1,2,0,01
Open_Eyes/s0001_02928_0_1_1_2_0_01.png,s0001,02928,0,1,1,2,0,01
Open_Eyes/s0001_02931_0_1_1_2_0_01.png,s0001,02931,0,1,1,2,0,01
Open_Eyes/s0001_02932_0_1_1_1_0_01.png,s0001,02932,0,1,1,1,0,01
Open_Eyes/s0001_02933_0_1_1_2_0_01.png,s0001,02933,0,1,1,2,0,01
Open_Eyes/s0001_02935_0_1_1_2_0_01.png,s0001,02935,0,1,1,2,0,01
Open_Eyes/s0001_02936_0_1_1_2_0_01.png,s0001,02936,0,1,1,2,0,01
Open_Eyes/s0001_02938_0_1_1_2_0_01.png,s0001,02938,0,1,1,2,0,01
Open_Eyes/s0001_02939_0_1_1_2_0_01.png,s0001,02939,0,1,1,2,0,01
Open_Eyes/s0001_02940_0_1_1_2_0_01.png,s0001,02940,0,1,1,2,0,01
Open_Eyes/s0001_02941_0_1_1_2_0_01.png,s0001,02941,0,1,1,2,0,01
Open_Eyes/s0001_02942_0_1_1_2_0_01.png,s0001,02942,0,1,1,2,0,01
Open_Eyes/s0001_02943_0_1_1_2_0_01.png,s0001,02943,0,1,1,2,0,01
Open_Eyes/s0001_02944_0_1_1_2_0_01.png,s0001,02944,0,1,1,2,0,01
Open_Eyes/s0001_02945_0_1_1_2_0_01.png,s0001,02945,0,1,1,2,0,01
Open_Eyes/s0001_02946_0_1_1_2_0_01.png,s0001,02946,0,1,1,2,0,01
Open_Eyes/s0001_02947_0_1_1_2_0_01.png,s0001,02947,0,1,1,2,0,01
Open_Eyes/s0001_02948_0_1_1_2_0_01.png,s0001,02948,0,1,1,2,0,01
Open_Eyes/s0001_02949_0_1_1_1_0_01.png,s0001,02949,0,1,1,1,0,01
Open_Eyes/s0001_02950_0_1_1_2_0_01.png,s0001,02950,0,1,1,2,0,01
Open_Eyes/s0001_02951_0_1_1_2_0_01.png,s0001,02951,0,1,1,2,0,01
Open_Eyes/s0001_02952_0_1_1_2_0_01.png,s0001,02952,0,1,1,2,0,01
Open_Eyes/s0001_02953_0_1_1_2_0_01.png,s0001,02953,0,1,1,2,0,01
Open_Eyes/s0001_02955_0_1_1_2_0_01.png,s0001,02955,0,1,1,2,0,01
Open_Eyes/s0001_02956_0_1_1_2_0_01.png,s0001,02956,0,1,1,2,0,01
Open_Eyes/s0001_02957_0_1_1_2_0_01.png,s0001,02957,0,1,1,2,0,01
Open_Eyes/s0001_02958_0_1_1_2_0_01.png,s0001,02958,0,1,1,2,0,01
Open_Eyes/s0001_02959_0_1_1_2_0_01.png,s0001,02959,0,1,1,2,0,01
Open_Eyes/s0001_02960_0_1_1_2_0_01.png,s0001,02960,0,1,1,2,0,01
Open_Eyes/s0001_02961_0_1_1_2_0_01.png,s0001,02961,0,1,1,2,0,01
Open_Eyes/s0001_02962_0_1_1_2_0_01.png,s0001,02962,0,1,1,2,0,01
Open_Eyes/s0001_02963_0_1_1_2_0_01.png,s0001,02963,0,1,1,2,0,01
Open_Eyes/s0001_02964_0_1_1_2_0_01.png,s0001,02964,0,1,1,2,0,01
Open_Eyes/s0001_02965_0_1_1_2_0_01.png,s0001,02965,0,1,1,2,0,01
Open_Eyes/s0001_02966_0_1_1_2_0_01.png,s0001,02966,0,1,1,2,0,01
Open_Eyes/s0001_02967_0_1_1_2_0_01.png,s0001,02967,0,1,1,2,0,01
Open_Eyes/s0001_02968_0_1_1_2_0_01.png,s0001,02968,0,1,1,2,0,01
Open_Eyes/s0001_02969_0_1_1_2_0_01.png,s0001,02969,0,1,1,2,0,01
Open_Eyes/s0001_02970_0_1_1_2_0_01.png,s0001,02970,0,1,1,2,0,01
Open_Eyes/s0001_02971_0_1_1_2_0_01.png,s0001,02971,0,1,1,2,0,01
Open_Eyes/s0001_02972_0_1_1_2_0_01.png,s0001,02972,0,1,1,2,0,01
Open_Eyes/s0001_02973_0_1_1_2_0_01.png,s0001,02973,0,1,1,2,0,01
Open_Eyes/s0001_02974_0_1_1_2_0_01.png,s0001,02974,0,1,1,2,0,01
Open_Eyes/s0001_02975_0_1_1_2_0_01.png,s0001,02975,0,1,1,2,0,01
Open_Eyes/s0001_02977_0_1_1_2_0_01.png,s0001,02977,0,1,1,2,0,01
Open_Eyes/s0001_02978_0_1_1_2_0_01.png,s0001,02978,0,1,1,2,0,01
Open_Eyes/s0001_02980_0_1_1_2_0_01.png,s0001,02980,0,1,1,2,0,01
Open_Eyes/s0001_02982_0_1_1_2_0_01.png,s0001,02982,0,1,1,2,0,01
Open_Eyes/s0001_02983_0_1_1_2_0_01.png,s0001,02983,0,1,1,2,0,01
Open_Eyes/s0001_02984_0_1_1_2_0_01.png,s0001,02984,0,1,1,2,0,01
Open_Eyes/s0001_02985_0_1_1_2_0_01.png,s0001,02985,0,1,1,2,0,01
Open_Eyes/s0001_02986_0_1_1_2_0_01.png,s0001,02986,0,1,1,2,0,01
Open_Eyes/s0001_02987_0_1_1_2_0_01.png,s0001,02987,0,1,1,2,0,01
Open_Eyes/s0001_02988_0_1_1_2_0_01.png,s0001,02988,0,1,1,2,0,01
Open_Eyes/s0001_02989_0_1_1_2_0_01.png,s0001,02989,0,1,1,2,0,01
Open_Eyes/s0001_02990_0_1_1_2_0_01.png,s0001,02990,0,1,1,2,0,01
Open_Eyes/s0001_02991_0_1_1_2_0_01.png,s0001,02991,0,1,1,2,0,01
Open_Eyes/s0001_02992_0_1_1_2_0_01.png,s0001,02992,0,1,1,2,0,01
Open_Eyes/s0001_02993_0_1_1_2_0_01.png,s0001,02993,0,1,1,2,0,01
Open_Eyes/s0001_02994_0_1_1_2_0_01.png,s0001,02994,0,1,1,2,0,01
Open_Eyes/s0001_02995_0_1_1_2_0_01.png,s0001,02995,0,1,1,2,0,01
Open_Eyes/s0001_02996_0_1_1_2_0_01.png,s0001,02996,0,1,1,2,0,01
Open_Eyes/s0001_02997_0_1_1_2_0_01.png,s0001,02997,0,1,1,2,0,01
Open_Eyes/s0001_03001_0_1_1_2_0_01.png,s0001,03001,0,1,1,2,0,01
Open_Eyes/s0001_03002_0_1_1_2_0_01.png,s0001,03002,0,1,1,2,0,01
Open_Eyes/s0001_03003_0_1_1_2_0_01.png,s0001,03003,0,1,1,2,0,01
Open_Eyes/s0001_03004_0_1_1_2_0_01.png,s0001,03004,0,1,1,2,0,01
Open_Eyes/s0001_03005_0_1_1_2_0_01.png,s0001,03005,0,1,1,2,0,01
Open_Eyes/s0001_03006_0_1_1_2_0_01.png,s0001,03006,0,1,1,2,0,01
Open_Eyes/s0001_03007_0_1_1_2_0_01.png,s0001,03007,0,1,1,2,0,01
Open_Eyes/s0001_03009_0_1_1_2_0_01.png,s0001,03009,0,1,1,2,0,01
Open_Eyes/s0001_03010_0_1_1_2_0_01.png,s0001,03010,0,1,1,2,0,01
Open_Eyes/s0001_03011_0_1_1_2_0_01.png,s0001,03011,0,1,1,2,0,01
Open_Eyes/s0001_03012_0_1_1_2_0_01.png,s0001,03012,0,1,1,2,0,01
Open_Eyes/s0001_03013_0_1_1_2_0_01.png,s0001,03013,0,1,1,2,0,01
Open_Eyes/s0001_03014_0_1_1_2_0_01.png,s0001,03014,0,1,1,2,0,01
Open_Eyes/s0001_03015_0_1_1_2_0_01.png,s0001,03015,0,1,1,2,0,01
Open_Eyes/s0001_03016_0_1_1_2_0_01.png,s0001,03016,0,1,1,2,0,01
Open_Eyes/s0001_03017_0_1_1_2_0_01.png,s0001,03017,0,1,1,2,0,01
Open_Eyes/s0001_03018_0_1_1_2_0_01.png,s0001,03018,0,1,1,2,0,01
Open_Eyes/s0001_03019_0_1_1_2_0_01.png,s0001,03019,0,1,1,2,0,01
Open_Eyes/s0001_03020_0_1_1_2_0_01.png,s0001,03020,0,1,1,2,0,01
Open_Eyes/s0001_03021_0_1_1_2_0_01.png,s0001,03021,0,1,1,2,0,01
Open_Eyes/s0001_03024_0_1_1_2_0_01.png,s0001,03024,0,1,1,2,0,01
Open_Eyes/s0001_03026_0_1_1_2_0_01.png,s0001,03026,0,1,1,2,0,01
Open_Eyes/s0001_03027_0_1_1_2_0_01.png,s0001,03027,0,1,1,2,0,01
Open_Eyes/s0001_03028_0_1_1_2_0_01.png,s0001,03028,0,1,1,2,0,01
Open_Eyes/s0001_03029_0_1_1_2_0_01.png,s0001,03029,0,1,1,2,0,01
Open_Eyes/s0001_03030_0_1_1_2_0_01.png,s0001,03030,0,1,1,2,0,01
Open_Eyes/s0001_03031_0_1_1_2_0_01.png,s0001,03031,0,1,1,2,0,01
Open_Eyes/s0001_03032_0_1_1_2_0_01.png,s0001,03032,0,1,1,2,0,01
Open_Eyes/s0001_03033_0_1_1_2_0_01.png,s0001,03033,0,1,1,2,0,01
Open_Eyes/s0001_03035_0_1_1_2_0_01.png,s0001,03035,0,1,1,2,0,01
Open_Eyes/s0001_03036_0_1_1_2_0_01.png,s0001,03036,0,1,1,2,0,01
Open_Eyes/s0001_03037_0_1_1_2_0_01.png,s0001,03037,0,1,1,2,0,01
Open_Eyes/s0001_03038_0_1_1_2_0_01.png,s0001,03038,0,1,1,2,0,01
Open_Eyes/s0001_03039_0_1_1_2_0_01.png,s0001,03039,0,1,1,2,0,01
Open_Eyes/s0001_03040_0_1_1_2_0_01.png,s0001,03040,0,1,1,2,0,01
Open_Eyes/s0001_03041_0_1_1_2_0_01.png,s0001,03041,0,1,1,2,0,01
Open_Eyes/s0001_03042_0_1_1_2_0_01.png,s0001,03042,0,1,1,2,0,01
Open_Eyes/s0001_03043_0_1_1_2_0_01.png,s0001,03043,0,1,1,2,0,01
Open_Eyes/s0001_03044_0_1_1_2_0_01.png,s0001,03044,0,1,1,2,0,01
Open_Eyes/s0001_03045_0_1_1_2_0_01.png,s0001,03045,0,1,1,2,0,01
Open_Eyes/s0001_03049_0_1_1_2_0_01.png,s0001,03049,0,1,1,2,0,01
Open_Eyes/s0001_03050_0_1_1_2_0_01.png,s0001,03050,0,1,1,2,0,01
Open_Eyes/s0001_03051_0_1_1_2_0_01.png,s0001,03051,0,1,1,2,0,01
Open_Eyes/s0001_03053_0_1_1_2_0_01.png,s0001,03053,0,1,1,2,0,01
Open_Eyes/s0001_03054_0_1_1_2_0_01.png,s0001,03054,0,1,1,2,0,01
Open_Eyes/s0001_03055_0_1_1_2_0_01.png,s0001,03055,0,1,1,2,0,01
Open_Eyes/s0001_03056_0_1_1_2_0_01.png,s0001,03056,0,1,1,2,0,01
Open_Eyes/s0001_03057_0_1_1_2_0_01.png,s0001,03057,0,1,1,2,0,01
Open_Eyes/s0001_03058_0_1_1_2_0_01.png,s0001,03058,0,1,1,2,0,01
Open_Eyes/s0001_03059_0_1_1_2_0_01.png,s0001,03059,0,1,1,2,0,01
Open_Eyes/s0001_03060_0_1_1_2_0_01.png,s0001,03060,0,1,1,2,0,01
Open_Eyes/s0001_03062_0_1_1_2_0_01.png,s0001,03062,0,1,1,2,0,01
Open_Eyes/s0001_03063_0_1_1_2_0_01.png,s0001,03063,0,1,1,2,0,01
Open_Eyes/s0001_03064_0_1_1_2_0_01.png,s0001,03064,0,1,1,2,0,01
Open_Eyes/s0001_03065_0_1_1_2_0_01.png,s0001,03065,0,1,1,2,0,01
Open_Eyes/s0001_03066_0_1_1_2_0_01.png,s0001,03066,0,1,1,2,0,01
Open_Eyes/s0001_03067_0_1_1_2_0_01.png,s0001,03067,0,1,1,2,0,01
Open_Eyes/s0001_03068_0_1_1_2_0_01.png,s0001,03068,0,1,1,2,0,01
Open_Eyes/s0001_03071_0_1_1_2_0_01.png,s0001,03071,0,1,1,2,0,01
Open_Eyes/s0001_03072_0_1_1_2_0_01.png,s0001,03072,0,1,1,2,0,01
Open_Eyes/s0001_03073_0_1_1_2_0_01.png,s0001,03073,0,1,1,2,0,01
Open_Eyes/s0001_03074_0_1_1_2_0_01.png,s0001,03074,0,1,1,2,0,01
Open_Eyes/s0001_03075_0_1_1_2_0_01.png,s0001,03075,0,1,1,2,0,01
Open_Eyes/s0001_03076_0_1_1_2_0_01.png,s0001,03076,0,1,1,2,0,01
Open_Eyes/s0001_03077_0_1_1_2_0_01.png,s0001,03077,0,1,1,2,0,01
Open_Eyes/s0001_03078_0_1_1_2_0_01.png,s0001,03078,0,1,1,2,0,01
Open_Eyes/s0001_03079_0_1_1_2_0_01.png,s0001,03079,0,1,1,2,0,01
Open_Eyes/s0001_03080_0_1_1_2_0_01.png,s0001,03080,0,1,1,2,0,01
Open_Eyes/s0001_03081_0_1_1_2_0_01.png,s0001,03081,0,1,1,2,0,01
Open_Eyes/s0001_03082_0_1_1_2_0_01.png,s0001,03082,0,1,1,2,0,01
Open_Eyes/s0001_03083_0_1_1_2_0_01.png,s0001,03083,0,1,1,2,0,01
Open_Eyes/s0001_03084_0_1_1_2_0_01.png,s0001,03084,0,1,1,2,0,01
Open_Eyes/s0001_03085_0_1_1_2_0_01.png,s0001,03085,0,1,1,2,0,01
Open_Eyes/s0001_03086_0_1_1_2_0_01.png,s0001,03086,0,1,1,2,0,01
Open_Eyes/s0001_03087_0_1_1_2_0_01.png,s0001,03087,0,1,1,2,0,01
Open_Eyes/s0001_03088_0_1_1_2_0_01.png,s0001,03088,0,1,1,2,0,01
Open_Eyes/s0001_03089_0_1_1_2_0_01.png,s0001,03089,0,1,1,2,0,01
Open_Eyes/s0001_03090_0_1_1_2_0_01.png,s0001,03090,0,1,1,2,0,01
Open_Eyes/s0001_03095_0_1_1_2_0_01.png,s0001,03095,0,1,1,2,0,01
Open_Eyes/s0001_03096_0_1_1_2_0_01.png,s0001,03096,0,1,1,2,0,01
Open_Eyes/s0001_03097_0_1_1_2_0_01.png,s0001,03097,0,1,1,2,0,01
Open_Eyes/s0001_03098_0_1_1_2_0_01.png,s0001,03098,0,1,1,2,0,01
Open_Eyes/s0001_03099_0_1_1_2_0_01.png,s0001,03099,0,1,1,2,0,01
Open_Eyes/s0001_03100_0_1_1_2_0_01.png,s0001,03100,0,1,1,2,0,01
Closed_Eyes/s0002_00820_0_0_0_0_0_01.png,s0002,00820,0,0,0,0,0,01
Closed_Eyes/s0002_00821_0_0_0_0_0_01.png,s0002,00821,0,0,0,0,0,01
Closed_Eyes/s0002_00822_0_0_0_0_0_01.png,s0002,00822,0,0,0,0,0,01
Closed_Eyes/s0002_00823_0_0_0_0_0_01.png,s0002,00823,0,0,0,0,0,01
Closed_Eyes/s0002_00824_0_0_0_0_0_01.png,s0002,00824,0,0,0,0,0,01
Closed_Eyes/s0002_00825_0_0_0_0_0_01.png,s0002,00825,0,0,0,0,0,01
Closed_Eyes/s0002_00826_0_0_0_0_0_01.png,s0002,00826,0,0,0,0,0,01
Closed_Eyes/s0002_00827_0_0_0_0_0_01.png,s0002,00827,0,0,0,0,0,01
Closed_Eyes/s0002_00828_0_0_0_0_0_01.png,s0002,00828,0,0,0,0,0,01
Closed_Eyes/s0002_00829_0_0_0_0_0_01.png,s0002,00829,0,0,0,0,0,01
Closed_Eyes/s0002_00830_0_0_0_0_0_01.png,s0002,00830,0,0,0,0,0,01
Closed_Eyes/s0002_00831_0_0_0_0_0_01.png,s0002,00831,0,0,0,0,0,01
Closed_Eyes/s0002_00832_0_0_0_0_0_01.png,s0002,00832,0,0,0,0,0,01
Closed_Eyes/s0002_00833_0_0_0_0_0_01.png,s0002,00833,0,0,0,0,0,01
Closed_Eyes/s0002_00834_0_0_0_0_0_01.png,s0002,00834,0,0,0,0,0,01
Closed_Eyes/s0002_00835_0_0_0_0_0_01.png,s0002,00835,0,0,0,0,0,01
Closed_Eyes/s0002_00836_0_0_0_0_0_01.png,s0002,00836,0,0,0,0,0,01
Closed_Eyes/s0002_00837_0_0_0_0_0_01.png,s0002,00837,0,0,0,0,0,01
Closed_Eyes/s0002_00838_0_0_0_0_0_01.png,s0002,00838,0,0,0,0,0,01
Closed_Eyes/s0002_00839_0_0_0_0_0_01.png,s0002,00839,0,0,0,0,0,01
Closed_Eyes/s0002_00840_0_0_0_0_0_01.png,s0002,00840,0,0,0,0,0,01
Closed_Eyes/s0002_00841_0_0_0_0_0_01.png,s0002,00841,0,0,0,0,0,01
Closed_Eyes/s0002_00842_0_0_0_0_0_01.png,s0002,00842,0,0,0,0,0,01
Closed_Eyes/s0002_00843_0_0_0_0_0_01.png,s0002,00843,0,0,0,0,0,01
Closed_Eyes/s0002_00844_0_0_0_0_0_01.png,s0002,00844,0,0,0,0,0,01
Closed_Eyes/s0002_00845_0_0_0_0_0_01.png,s0002,00845,0,0,0,0,0,01
Closed_Eyes/s0002_00885_0_0_0_0_0_01.png,s0002,00885,0,0,0,0,0,01
Closed_Eyes/s0002_00886_0_0_0_0_0_01.png,s0002,00886,0,0,0,0,0,01
Closed_Eyes/s0002_00887_0_0_0_0_0_01.png,s0002,00887,0,0,0,0,0,01
Closed_Eyes/s0002_00888_0_0_0_0_0_01.png,s0002,00888,0,0,0,0,0,01
Closed_Eyes/s0002_00889_0_0_0_0_0_01.png,s0002,00889,0,0,0,0,0,01
Closed_Eyes/s0002_00890_0_0_0_0_0_01.png,s0002,00890,0,0,0,0,0,01
Closed_Eyes/s0002_00891_0_0_0_0_0_01.png,s0002,00891,0,0,0,0,0,01
Closed_Eyes/s0002_00892_0_0_0_0_0_01.png,s0002,00892,0,0,0,0,0,01
Closed_Eyes/s0006_00016_0_1_0_0_0_01.png,s0006,00016,0,1,0,0,0,01
Closed_Eyes/s0006_00124_0_1_0_0_0_01.png,s0006,00124,0,1,0,0,0,01
Closed_Eyes/s0006_00129_0_1_0_0_0_01.png,s0006,00129,0,1,0,0,0,01
Closed_Eyes/s0006_00130_0_1_0_0_0_01.png,s0006,00130,0,1,0,0,0,01
Closed_Eyes/s0006_00131_0_1_0_0_0_01.png,s0006,00131,0,1,0,0,0,01
Closed_Eyes/s0006_00132_0_1_0_0_0_01.png,s0006,00132,0,1,0,0,0,01
Closed_Eyes/s0006_00133_0_1_0_0_0_01.png,s0006,00133,0,1,0,0,0,01
Closed_Eyes/s0006_00135_0_1_0_0_0_01.png,s0006,00135,0,1,0,0,0,01
Closed_Eyes/s0006_00139_0_1_0_0_0_01.png,s0006,00139,0,1,0,0,0,01
Closed_Eyes/s0006_00140_0_1_0_0_0_01.png,s0006,00140,0,1,0,0,0,01
Closed_Eyes/s0006_00141_0_1_0_0_0_01.png,s0006,00141,0,1,0,0,0,01
Closed_Eyes/s0006_00293_0_1_0_0_0_01.png,s0006,00293,0,1,0,0,0,01
Closed_Eyes/s0006_00295_0_1_0_0_0_01.png,s0006,00295,0,1,0,0,0,01
Closed_Eyes/s0006_00296_0_1_0_0_0_01.png,s0006,00296,0,1,0,0,0,01
Closed_Eyes/s0006_00297_0_1_0_0_0_01.png,s0006,00297,0,1,0,0,0,01
Closed_Eyes/s0006_00298_0_1_0_0_0_01.png,s0006,00298,0,1,0,0,0,01
Closed_Eyes/s0006_00299_0_1_0_0_0_01.png,s0006,00299,0,1,0,0,0,01
Closed_Eyes/s0006_00300_0_1_0_0_0_01.png,s0006,00300,0,1,0,0,0,01
Closed_Eyes/s0006_00301_0_1_0_0_0_01.png,s0006,00301,0,1,0,0,0,01
Closed_Eyes/s0006_00302_0_1_0_0_0_01.png,s0006,00302,0,1,0,0,0,01
Closed_Eyes/s0006_00303_0_1_0_0_0_01.png,s0006,00303,0,1,0,0,0,01
Closed_Eyes/s0006_00304_0_1_0_0_0_01.png,s0006,00304,0,1,0,0,0,01
Closed_Eyes/s0006_00319_0_1_0_0_0_01.png,s0006,00319,0,1,0,0,0,01
Closed_Eyes/s0006_00320_0_1_0_0_0_01.png,s0006,00320,0,1,0,0,0,01
Closed_Eyes/s0006_00332_0_1_0_0_0_01.png,s0006,00332,0,1,0,0,0,01
Closed_Eyes/s0006_00333_0_1_0_0_0_01.png,s0006,00333,0,1,0,0,0,01
Closed_Eyes/s0006_00334_0_1_0_1_0_01.png,s0006,00334,0,1,0,1,0,01
Closed_Eyes/s0006_00335_0_1_0_0_0_01.png,s0006,00335,0,1,0,0,0,01
Closed_Eyes/s0006_00336_0_1_0_1_0_01.png,s0006,00336,0,1,0,1,0,01
Closed_Eyes/s0006_00337_0_1_0_1_0_01.png,s0006,00337,0,1,0,1,0,01
Closed_Eyes/s0006_00338_0_1_0_1_0_01.png,s0006,00338,0,1,0,1,0,01
Closed_Eyes/s0006_00339_0_1_0_0_0_01.png,s0006,00339,0,1,0,0,0,01
Closed_Eyes/s0006_00340_0_1_0_1_0_01.png,s0006,00340,0,1,0,1,0,01
Closed_Eyes/s0006_00341_0_1_0_0_0_01.png,s0006,00341,0,1,0,0,0,01
Closed_Eyes/s0006_00342_0_1_0_1_0_01.png,s0006,00342,0,1,0,1,0,01
Closed_Eyes/s0006_00343_0_1_0_0_0_01.png,s0006,00343,0,1,0,0,0,01
Closed_Eyes/s0006_00344_0_1_0_0_0_01.png,s0006,00344,0,1,0,0,0,01
Closed_Eyes/s0006_00345_0_1_0_1_0_01.png,s0006,00345,0,1,0,1,0,01
Closed_Eyes/s0006_00346_0_1_0_0_0_01.png,s0006,00346,0,1,0,0,0,01
Closed_Eyes/s0006_00347_0_1_0_1_0_01.png,s0006,00347,0,1,0,1,0,01
Closed_Eyes/s0006_00348_0_1_0_0_0_01.png,s0006,00348,0,1,0,0,0,01
Closed_Eyes/s0006_00349_0_1_0_1_0_01.png,s0006,00349,0,1,0,1,0,01
Closed_Eyes/s0006_00350_0_1_0_1_0_01.png,s0006,00350,0,1,0,1,0,01
Closed_Eyes/s0006_00351_0_1_0_0_0_01.png,s0006,00351,0,1,0,0,0,01
Closed_Eyes/s0006_00352_0_1_0_1_0_01.png,s0006,00352,0,1,0,1,0,01
Closed_Eyes/s0006_00362_0_1_0_0_0_01.png,s0006,00362,0,1,0,0,0,01
Closed_Eyes/s0006_00472_0_1_0_0_0_01.png,s0006,00472,0,1,0,0,0,01
Closed_Eyes/s0006_00473_0_1_0_0_0_01.png,s0006,00473,0,1,0,0,0,01
Closed_Eyes/s0006_00474_0_1_0_0_0_01.png,s0006,00474,0,1,0,0,0,01
Closed_Eyes/s0006_00475_0_1_0_0_0_01.png,s0006,00475,0,1,0,0,0,01
Closed_Eyes/s0006_00476_0_1_0_0_0_01.png,s0006,00476,0,1,0,0,0,01
Closed_Eyes/s0006_00477_0_1_0_0_0_01.png,s0006,00477,0,1,0,0,0,01
Closed_Eyes/s0006_00478_0_1_0_1_0_01.png,s0006,00478,0,1,0,1,0,01
Closed_Eyes/s0006_00479_0_1_0_0_0_01.png,s0006,00479,0,1,0,0,0,01
Closed_Eyes/s0006_00480_0_1_0_0_0_01.png,s0006,00480,0,1,0,0,0,01
Closed_Eyes/s0006_00481_0_1_0_0_0_01.png,s0006,00481,0,1,0,0,0,01
Closed_Eyes/s0006_00482_0_1_0_0_0_01.png,s0006,00482,0,1,0,0,0,01
Closed_Eyes/s0006_00483_0_1_0_0_0_01.png,s0006,00483,0,1,0,0,0,01
Closed_Eyes/s0006_00484_0_1_0_0_0_01.png,s0006,00484,0,1,0,0,0,01
Closed_Eyes/s0006_00497_0_1_0_1_0_01.png,s0006,00497,0,1,0,1,0,01
Closed_Eyes/s0006_00498_0_1_0_0_0_01.png,s0006,00498,0,1,0,0,0,01
Closed_Eyes/s0006_00499_0_1_0_1_0_01.png,s0006,00499,0,1,0,1,0,01
Closed_Eyes/s0006_00500_0_1_0_1_0_01.png,s0006,00500,0,1,0,1,0,01
Closed_Eyes/s0006_00501_0_1_0_0_0_01.png,s0006,00501,0,1,0,0,0,01
Closed_Eyes/s0006_00502_0_1_0_1_0_01.png,s0006,00502,0,1,0,1,0,01
Closed_Eyes/s0006_00503_0_1_0_0_0_01.png,s0006,00503,0,1,0,0,0,01
Closed_Eyes/s0006_00504_0_1_0_1_0_01.png,s0006,00504,0,1,0,1,0,01
Closed_Eyes/s0006_00505_0_1_0_0_0_01.png,s0006,00505,0,1,0,0,0,01
Closed_Eyes/s0006_00506_0_1_0_1_0_01.png,s0006,00506,0,1,0,1,0,01
Closed_Eyes/s0006_00507_0_1_0_0_0_01.png,s0006,00507,0,1,0,0,0,01
Closed_Eyes/s0006_00508_0_1_0_1_0_01.png,s0006,00508,0,1,0,1,0,01
Closed_Eyes/s0006_00509_0_1_0_0_0_01.png,s0006,00509,0,1,0,0,0,01
Closed_Eyes/s0006_00557_0_1_0_1_0_01.png,s0006,00557,0,1,0,1,0,01
Closed_Eyes/s0006_00558_0_1_0_1_0_01.png,s0006,00558,0,1,0,1,0,01
Closed_Eyes/s0006_00559_0_1_0_1_0_01.png,s0006,00559,0,1,0,1,0,01
Closed_Eyes/s0006_00560_0_1_0_1_0_01.png,s0006,00560,0,1,0,1,0,01
Closed_Eyes/s0006_00561_0_1_0_1_0_01.png,s0006,00561,0,1,0,1,0,01
Closed_Eyes/s0006_00562_0_1_0_1_0_01.png,s0006,00562,0,1,0,1,0,01
Closed_Eyes/s0006_00563_0_1_0_1_0_01.png,s0006,00563,0,1,0,1,0,01
Closed_Eyes/s0006_00564_0_1_0_1_0_01.png,s0006,00564,0,1,0,1,0,01
Closed_Eyes/s0006_00565_0_1_0_1_0_01.png,s0006,00565,0,1,0,1,0,01
Closed_Eyes/s0006_00566_0_1_0_1_0_01.png,s0006,00566,0,1,0,1,0,01
Closed_Eyes/s0006_00567_0_1_0_1_0_01.png,s0006,00567,0,1,0,1,0,01
Closed_Eyes/s0006_00568_0_1_0_1_0_01.png,s0006,00568,0,1,0,1,0,01
Closed_Eyes/s0006_00569_0_1_0_1_0_01.png,s0006,00569,0,1,0,1,0,01
Closed_Eyes/s0006_00570_0_1_0_1_0_01.png,s0006,00570,0,1,0,1,0,01
Closed_Eyes/s0006_00571_0_1_0_1_0_01.png,s0006,00571,0,1,0,1,0,01
Closed_Eyes/s0006_00572_0_1_0_1_0_01.png,s0006,00572,0,1,0,1,0,01
Closed_Eyes/s0006_00573_0_1_0_1_0_01.png,s0006,00573,0,1,0,1,0,01
Closed_Eyes/s0006_00574_0_1_0_1_0_01.png,s0006,00574,0,1,0,1,0,01
Closed_Eyes/s0006_00575_0_1_0_1_0_01.png,s0006,00575,0,1,0,1,0,01
Closed_Eyes/s0006_00576_0_1_0_1_0_01.png,s0006,00576,0,1,0,1,0,01
Closed_Eyes/s0006_00600_0_1_0_1_0_01.png,s0006,00600,0,1,0,1,0,01
Closed_Eyes/s0006_00601_0_1_0_1_0_01.png,s0006,00601,0,1,0,1,0,01
Closed_Eyes/s0006_00602_0_1_0_1_0_01.png,s0006,00602,0,1,0,1,0,01
Closed_Eyes/s0006_00603_0_1_0_1_0_01.png,s0006,00603,0,1,0,1,0,01
Closed_Eyes/s0006_00604_0_1_0_1_0_01.png,s0006,00604,0,1,0,1,0,01
Closed_Eyes/s0006_00605_0_1_0_1_0_01.png,s0006,00605,0,1,0,1,0,01
Closed_Eyes/s0006_00606_0_1_0_1_0_01.png,s0006,00606,0,1,0,1,0,01
Closed_Eyes/s0006_00607_0_1_0_1_0_01.png,s0006,00607,0,1,0,1,0,01
Open_Eyes/s0012_04557_0_0_1_0_1_03.png,s0012,04557,0,0,1,0,1,03
Open_Eyes/s0012_04558_0_0_1_2_1_03.png,s0012,04558,0,0,1,2,1,03
Open_Eyes/s0012_04559_0_0_1_0_1_03.png,s0012,04559,0,0,1,0,1,03
Open_Eyes/s0012_04560_0_0_1_2_1_03.png,s0012,04560,0,0,1,2,1,03
Open_Eyes/s0012_04561_0_0_1_0_1_03.png,s0012,04561,0,0,1,0,1,03
Open_Eyes/s0012_04562_0_0_1_2_1_03.png,s0012,04562,0,0,1,2,1,03
Open_Eyes/s0012_04563_0_0_1_0_1_03.png,s0012,04563,0,0,1,0,1,03
Open_Eyes/s0012_04564_0_0_1_2_1_03.png,s0012,04564,0,0,1,2,1,03
Open_Eyes/s0012_04565_0_0_1_0_1_03.png,s0012,04565,0,0,1,0,1,03
Open_Eyes/s0012_04566_0_0_1_2_1_03.png,s0012,04566,0,0,1,2,1,03
Open_Eyes/s0012_04567_0_0_1_0_1_03.png,s0012,04567,0,0,1,0,1,03
Open_Eyes/s0012_04568_0_0_1_2_1_03.png,s0012,04568,0,0,1,2,1,03
Open_Eyes/s0012_04569_0_0_1_0_1_03.png,s0012,04569,0,0,1,0,1,03
Open_Eyes/s0012_04570_0_0_1_2_1_03.png,s0012,04570,0,0,1,2,1,03
Open_Eyes/s0012_04571_0_0_1_0_1_03.png,s0012,04571,0,0,1,0,1,03
Open_Eyes/s0012_04572_0_0_1_2_1_03.png,s0012,04572,0,0,1,2,1,03
Open_Eyes/s0012_04573_0_0_1_0_1_03.png,s0012,04573,0,0,1,0,1,03
Open_Eyes/s0012_04574_0_0_1_2_1_03.png,s0012,04574,0,0,1,2,1,03
Open_Eyes/s0012_04599_0_0_1_1_1_03.png,s0012,04599,0,0,1,1,1,03
Open_Eyes/s0012_04648_0_0_1_2_1_03.png,s0012,04648,0,0,1,2,1,03
Open_Eyes/s0012_04649_0_0_1_0_1_03.png,s0012,04649,0,0,1,0,1,03
Open_Eyes/s0012_04650_0_0_1_2_1_03.png,s0012,04650,0,0,1,2,1,03
Open_Eyes/s0012_04651_0_0_1_0_1_03.png,s0012,04651,0,0,1,0,1,03
Open_Eyes/s0012_04652_0_0_1_2_1_03.png,s0012,04652,0,0,1,2,1,03
Open_Eyes/s0012_04653_0_0_1_0_1_03.png,s0012,04653,0,0,1,0,1,03
Open_Eyes/s0012_04654_0_0_1_2_1_03.png,s0012,04654,0,0,1,2,1,03
Open_Eyes/s0012_04655_0_0_1_0_1_03.png,s0012,04655,0,0,1,0,1,03
Open_Eyes/s0012_04656_0_0_1_2_1_03.png,s0012,04656,0,0,1,2,1,03
Open_Eyes/s0012_04657_0_0_1_0_1_03.png,s0012,04657,0,0,1,0,1,03
Open_Eyes/s0012_04658_0_0_1_2_1_03.png,s0012,04658,0,0,1,2,1,03
Open_Eyes/s0012_04659_0_0_1_0_1_03.png,s0012,04659,0,0,1,0,1,03
Open_Eyes/s0012_04660_0_0_1_2_1_03.png,s0012,04660,0,0,1,2,1,03
Open_Eyes/s0012_04661_0_0_1_2_1_03.png,s0012,04661,0,0,1,2,1,03
Open_Eyes/s0012_04662_0_0_1_0_1_03.png,s0012,04662,0,0,1,0,1,03
Open_Eyes/s0012_04663_0_0_1_2_1_03.png,s0012,04663,0,0,1,2,1,03
Open_Eyes/s0012_04664_0_0_1_0_1_03.png,s0012,04664,0,0,1,0,1,03
Open_Eyes/s0012_04665_0_0_1_2_1_03.png,s0012,04665,0,0,1,2,1,03
Open_Eyes/s0012_04666_0_0_1_0_1_03.png,s0012,04666,0,0,1,0,1,03
Open_Eyes/s0012_04667_0_0_1_2_1_03.png,s0012,04667,0,0,1,2,1,03
Open_Eyes/s0012_04668_0_0_1_0_1_03.png,s0012,04668,0,0,1,0,1,03
Open_Eyes/s0012_04669_0_0_1_2_1_03.png,s0012,04669,0,0,1,2,1,03
Open_Eyes/s0012_04670_0_0_1_0_1_03.png,s0012,04670,0,0,1,0,1,03
Open_Eyes/s0012_04671_0_0_1_2_1_03.png,s0012,04671,0,0,1,2,1,03
Open_Eyes/s0012_04672_0_0_1_0_1_03.png,s0012,04672,0,0,1,0,1,03
Open_Eyes/s0012_04673_0_0_1_2_1_03.png,s0012,04673,0,0,1,2,1,03
Open_Eyes/s0012_04698_0_0_1_0_1_03.png,s0012,04698,0,0,1,0,1,03
Open_Eyes/s0012_04699_0_0_1_0_0_03.png,s0012,04699,0,0,1,0,0,03
Open_Eyes/s0012_04700_0_0_1_0_1_03.png,s0012,04700,0,0,1,0,1,03
Open_Eyes/s0012_04701_0_0_1_0_0_03.png,s0012,04701,0,0,1,0,0,03
Open_Eyes/s0012_04702_0_0_1_0_1_03.png,s0012,04702,0,0,1,0,1,03
Open_Eyes/s0012_04703_0_0_1_0_0_03.png,s0012,04703,0,0,1,0,0,03
Open_Eyes/s0012_04704_0_0_1_0_0_03.png,s0012,04704,0,0,1,0,0,03
Open_Eyes/s0012_04705_0_0_1_0_0_03.png,s0012,04705,0,0,1,0,0,03
Open_Eyes/s0012_04718_0_0_1_0_1_03.png,s0012,04718,0,0,1,0,1,03
Open_Eyes/s0012_04719_0_0_1_0_0_03.png,s0012,04719,0,0,1,0,0,03
Open_Eyes/s0012_04720_0_0_1_0_0_03.png,s0012,04720,0,0,1,0,0,03
Open_Eyes/s0012_04721_0_0_1_0_1_03.png,s0012,04721,0,0,1,0,1,03
Open_Eyes/s0012_04734_0_0_1_0_1_03.png,s0012,04734,0,0,1,0,1,03
Open_Eyes/s0012_04747_0_0_1_0_1_03.png,s0012,04747,0,0,1,0,1,03
Open_Eyes/s0012_04748_0_0_1_0_0_03.png,s0012,04748,0,0,1,0,0,03
Open_Eyes/s0012_04749_0_0_1_0_1_03.png,s0012,04749,0,0,1,0,1,03
Open_Eyes/s0012_04750_0_0_1_0_0_03.png,s0012,04750,0,0,1,0,0,03
Open_Eyes/s0012_04751_0_0_1_0_1_03.png,s0012,04751,0,0,1,0,1,03
Open_Eyes/s0012_04776_0_0_1_0_0_03.png,s0012,04776,0,0,1,0,0,03
Open_Eyes/s0012_04777_0_0_1_0_0_03.png,s0012,04777,0,0,1,0,0,03
Open_Eyes/s0012_04778_0_0_1_0_0_03.png,s0012,04778,0,0,1,0,0,03
Open_Eyes/s0012_04779_0_0_1_0_0_03.png,s0012,04779,0,0,1,0,0,03
Open_Eyes/s0012_04780_0_0_1_0_0_03.png,s0012,04780,0,0,1,0,0,03
Open_Eyes/s0012_04781_0_0_1_0_0_03.png,s0012,04781,0,0,1,0,0,03
Open_Eyes/s0012_04782_0_0_1_0_0_03.png,s0012,04782,0,0,1,0,0,03
Open_Eyes/s0012_04783_0_0_1_0_0_03.png,s0012,04783,0,0,1,0,0,03
Open_Eyes/s0012_04784_0_0_1_0_0_03.png,s0012,04784,0,0,1,0,0,03
Open_Eyes/s0012_04785_0_0_1_0_0_03.png,s0012,04785,0,0,1,0,0,03
Open_Eyes/s0012_04786_0_0_1_0_0_03.png,s0012,04786,0,0,1,0,0,03
Open_Eyes/s0012_04787_0_0_1_0_0_03.png,s0012,04787,0,0,1,0,0,03
Open_Eyes/s0012_04788_0_0_1_0_0_03.png,s0012,04788,0,0,1,0,0,03
Open_Eyes/s0012_04789_0_0_1_0_0_03.png,s0012,04789,0,0,1,0,0,03
Open_Eyes/s0012_04790_0_0_1_0_0_03.png,s0012,04790,0,0,1,0,0,03
Open_Eyes/s0012_04791_0_0_1_0_1_03.png,s0012,04791,0,0,1,0,1,03
Open_Eyes/s0012_04792_0_0_1_0_0_03.png,s0012,04792,0,0,1,0,0,03
Open_Eyes/s0012_04793_0_0_1_0_1_03.png,s0012,04793,0,0,1,0,1,03
Open_Eyes/s0012_04794_0_0_1_0_0_03.png,s0012,04794,0,0,1,0,0,03
Open_Eyes/s0012_04795_0_0_1_0_1_03.png,s0012,04795,0,0,1,0,1,03
Open_Eyes/s0012_04796_0_0_1_0_0_03.png,s0012,04796,0,0,1,0,0,03
Open_Eyes/s0012_04797_0_0_1_0_1_03.png,s0012,04797,0,0,1,0,1,03
Open_Eyes/s0012_04798_0_0_1_0_0_03.png,s0012,04798,0,0,1,0,0,03
Open_Eyes/s0012_04799_0_0_1_0_0_03.png,s0012,04799,0,0,1,0,0,03
Open_Eyes/s0012_04849_0_0_1_0_1_03.png,s0012,04849,0,0,1,0,1,03
Open_Eyes/s0012_04850_0_0_1_2_1_03.png,s0012,04850,0,0,1,2,1,03
Open_Eyes/s0012_04851_0_0_1_0_1_03.png,s0012,04851,0,0,1,0,1,03
Open_Eyes/s0012_04852_0_0_1_2_1_03.png,s0012,04852,0,0,1,2,1,03
Open_Eyes/s0012_04853_0_0_1_0_1_03.png,s0012,04853,0,0,1,0,1,03
Open_Eyes/s0012_04854_0_0_1_2_1_03.png,s0012,04854,0,0,1,2,1,03
Open_Eyes/s0012_04855_0_0_1_0_1_03.png,s0012,04855,0,0,1,0,1,03
Open_Eyes/s0012_04856_0_0_1_1_1_03.png,s0012,04856,0,0,1,1,1,03
Open_Eyes/s0012_04857_0_0_1_0_1_03.png,s0012,04857,0,0,1,0,1,03
Open_Eyes/s0012_04905_0_0_1_0_1_03.png,s0012,04905,0,0,1,0,1,03
Open_Eyes/s0012_04906_0_0_1_0_0_03.png,s0012,04906,0,0,1,0,0,03
Open_Eyes/s0012_04907_0_0_1_0_1_03.png,s0012,04907,0,0,1,0,1,03
Open_Eyes/s0012_04908_0_0_1_0_0_03.png,s0012,04908,0,0,1,0,0,03
Open_Eyes/s0012_04909_0_0_1_0_0_03.png,s0012,04909,0,0,1,0,0,03
Open_Eyes/s0012_04910_0_0_1_0_1_03.png,s0012,04910,0,0,1,0,1,03
Open_Eyes/s0012_04911_0_0_1_2_1_03.png,s0012,04911,0,0,1,2,1,03
Open_Eyes/s0012_04912_0_0_1_0_0_03.png,s0012,04912,0,0,1,0,0,03
Open_Eyes/s0012_04913_0_0_1_2_1_03.png,s0012,04913,0,0,1,2,1,03
Open_Eyes/s0012_04914_0_0_1_0_0_03.png,s0012,04914,0,0,1,0,0,03
Open_Eyes/s0012_04915_0_0_1_2_1_03.png,s0012,04915,0,0,1,2,1,03
Open_Eyes/s0012_04916_0_0_1_0_0_03.png,s0012,04916,0,0,1,0,0,03
Open_Eyes/s0012_04917_0_0_1_2_1_03.png,s0012,04917,0,0,1,2,1,03
Open_Eyes/s0012_04918_0_0_1_0_0_03.png,s0012,04918,0,0,1,0,0,03
Open_Eyes/s0012_04919_0_0_1_2_1_03.png,s0012,04919,0,0,1,2,1,03
Open_Eyes/s0012_04920_0_0_1_0_0_03.png,s0012,04920,0,0,1,0,0,03
Open_Eyes/s0012_04921_0_0_1_2_1_03.png,s0012,04921,0,0,1,2,1,03
Open_Eyes/s0012_04922_0_0_1_0_0_03.png,s0012,04922,0,0,1,0,0,03
Open_Eyes/s0012_04923_0_0_1_2_1_03.png,s0012,04923,0,0,1,2,1,03
Open_Eyes/s0012_04924_0_0_1_0_0_03.png,s0012,04924,0,0,1,0,0,03
Open_Eyes/s0012_04925_0_0_1_2_1_03.png,s0012,04925,0,0,1,2,1,03
Open_Eyes/s0012_04926_0_0_1_0_0_03.png,s0012,04926,0,0,1,0,0,03
Open_Eyes/s0012_04927_0_0_1_2_1_03.png,s0012,04927,0,0,1,2,1,03
Open_Eyes/s0012_04928_0_0_1_0_0_03.png,s0012,04928,0,0,1,0,0,03
Open_Eyes/s0012_04929_0_0_1_2_1_03.png,s0012,04929,0,0,1,2,1,03
Open_Eyes/s0012_04930_0_0_1_0_0_03.png,s0012,04930,0,0,1,0,0,03
Open_Eyes/s0012_04931_0_0_1_0_0_03.png,s0012,04931,0,0,1,0,0,03
Open_Eyes/s0012_04932_0_0_1_0_0_03.png,s0012,04932,0,0,1,0,0,03
Open_Eyes/s0012_04933_0_0_1_0_0_03.png,s0012,04933,0,0,1,0,0,03
Open_Eyes/s0012_04934_0_0_1_0_0_03.png,s0012,04934,0,0,1,0,0,03
Open_Eyes/s0012_04935_0_0_1_0_0_03.png,s0012,04935,0,0,1,0,0,03
Open_Eyes/s0012_04936_0_0_1_0_0_03.png,s0012,04936,0,0,1,0,0,03
Open_Eyes/s0012_04937_0_0_1_0_0_03.png,s0012,04937,0,0,1,0,0,03
Open_Eyes/s0012_04938_0_0_1_0_0_03.png,s0012,04938,0,0,1,0,0,03
Open_Eyes/s0012_04939_0_0_1_0_0_03.png,s0012,04939,0,0,1,0,0,03
Open_Eyes/s0012_07591_0_1_1_2_1_01.png,s0012,07591,0,1,1,2,1,01
Open_Eyes/s0012_07592_0_1_1_2_1_01.png,s0012,07592,0,1,1,2,1,01
Open_Eyes/s0012_07593_0_1_1_2_1_01.png,s0012,07593,0,1,1,2,1,01
Open_Eyes/s0012_07594_0_1_1_2_1_01.png,s0012,07594,0,1,1,2,1,01
Open_Eyes/s0012_07595_0_1_1_2_0_01.png,s0012,07595,0,1,1,2,0,01
Open_Eyes/s0012_07598_0_1_1_2_0_01.png,s0012,07598,0,1,1,2,0,01
Open_Eyes/s0012_07599_0_1_1_2_1_01.png,s0012,07599,0,1,1,2,1,01
Open_Eyes/s0012_07600_0_1_1_2_1_01.png,s0012,07600,0,1,1,2,1,01
Open_Eyes/s0012_07601_0_1_1_2_1_01.png,s0012,07601,0,1,1,2,1,01
Open_Eyes/s0012_07602_0_1_1_2_0_01.png,s0012,07602,0,1,1,2,0,01
Open_Eyes/s0012_07603_0_1_1_2_1_01.png,s0012,07603,0,1,1,2,1,01
Open_Eyes/s0012_07604_0_1_1_2_1_01.png,s0012,07604,0,1,1,2,1,01
Open_Eyes/s0012_07605_0_1_1_2_1_01.png,s0012,07605,0,1,1,2,1,01
Open_Eyes/s0012_07606_0_1_1_2_0_01.png,s0012,07606,0,1,1,2,0,01
Open_Eyes/s0012_07607_0_1_1_2_1_01.png,s0012,07607,0,1,1,2,1,01
Open_Eyes/s0012_07608_0_1_1_2_0_01.png,s0012,07608,0,1,1,2,0,01
Open_Eyes/s0012_07609_0_1_1_2_1_01.png,s0012,07609,0,1,1,2,1,01
Open_Eyes/s0012_07610_0_1_1_2_1_01.png,s0012,07610,0,1,1,2,1,01
Open_Eyes/s0012_07611_0_1_1_2_0_01.png,s0012,07611,0,1,1,2,0,01
Open_Eyes/s0012_07649_0_0_1_1_0_02.png,s0012,07649,0,0,1,1,0,02
Open_Eyes/s0012_07650_0_0_1_1_0_02.png,s0012,07650,0,0,1,1,0,02
Open_Eyes/s0012_07651_0_0_1_1_0_02.png,s0012,07651,0,0,1,1,0,02
Open_Eyes/s0012_07652_0_0_1_1_0_02.png,s0012,07652,0,0,1,1,0,02
Open_Eyes/s0012_07653_0_0_1_1_0_02.png,s0012,07653,0,0,1,1,0,02
Open_Eyes/s0012_07654_0_0_1_1_0_02.png,s0012,07654,0,0,1,1,0,02
Open_Eyes/s0012_07655_0_0_1_1_0_02.png,s0012,07655,0,0,1,1,0,02
Open_Eyes/s0012_07656_0_0_1_1_0_02.png,s0012,07656,0,0,1,1,0,02
Open_Eyes/s0012_07657_0_0_1_1_0_02.png,s0012,07657,0,0,1,1,0,02
Open_Eyes/s0012_07658_0_0_1_1_0_02.png,s0012,07658,0,0,1,1,0,02
Open_Eyes/s0012_07659_0_0_1_1_0_02.png,s0012,07659,0,0,1,1,0,02
Open_Eyes/s0012_07660_0_0_1_1_0_02.png,s0012,07660,0,0,1,1,0,02
Open_Eyes/s0012_07661_0_0_1_1_0_02.png,s0012,07661,0,0,1,1,0,02
Open_Eyes/s0012_07662_0_0_1_1_0_02.png,s0012,07662,0,0,1,1,0,02
Open_Eyes/s0012_07663_0_0_1_1_0_02.png,s0012,07663,0,0,1,1,0,02
Open_Eyes/s0012_07664_0_0_1_1_0_02.png,s0012,07664,0,0,1,1,0,02
Open_Eyes/s0012_07665_0_0_1_1_0_02.png,s0012,07665,0,0,1,1,0,02
Open_Eyes/s0012_07666_0_0_1_1_0_02.png,s0012,07666,0,0,1,1,0,02
Open_Eyes/s0012_07667_0_0_1_1_0_02.png,s0012,07667,0,0,1,1,0,02
Open_Eyes/s0012_07668_0_0_1_1_0_02.png,s0012,07668,0,0,1,1,0,02
Open_Eyes/s0012_07669_0_0_1_1_0_02.png,s0012,07669,0,0,1,1,0,02
Open_Eyes/s0012_07670_0_0_1_1_0_02.png,s0012,07670,0,0,1,1,0,02
Open_Eyes/s0012_07671_0_0_1_1_0_02.png,s0012,07671,0,0,1,1,0,02
Open_Eyes/s0012_07672_0_0_1_1_0_02.png,s0012,07672,0,0,1,1,0,02
Open_Eyes/s0012_07673_0_0_1_1_0_02.png,s0012,07673,0,0,1,1,0,02
Open_Eyes/s0012_07674_0_0_1_1_0_02.png,s0012,07674,0,0,1,1,0,02
Open_Eyes/s0012_07675_0_0_1_1_0_02.png,s0012,07675,0,0,1,1,0,02
Open_Eyes/s0012_07676_0_0_1_1_0_02.png,s0012,07676,0,0,1,1,0,02
Open_Eyes/s0012_07689_0_0_1_1_0_02.png,s0012,07689,0,0,1,1,0,02
Open_Eyes/s0012_07690_0_0_1_1_0_02.png,s0012,07690,0,0,1,1,0,02
Open_Eyes/s0012_07691_0_0_1_1_0_02.png,s0012,07691,0,0,1,1,0,02
Open_Eyes/s0012_07692_0_0_1_1_0_02.png,s0012,07692,0,0,1,1,0,02
Open_Eyes/s0012_07693_0_0_1_1_0_02.png,s0012,07693,0,0,1,1,0,02
Open_Eyes/s0012_07694_0_0_1_1_0_02.png,s0012,07694,0,0,1,1,0,02
Open_Eyes/s0012_07695_0_0_1_1_0_02.png,s0012,07695,0,0,1,1,0,02
Open_Eyes/s0012_07696_0_0_1_1_0_02.png,s0012,07696,0,0,1,1,0,02
Open_Eyes/s0012_07697_0_0_1_1_0_02.png,s0012,07697,0,0,1,1,0,02
Open_Eyes/s0012_07698_0_0_1_1_0_02.png,s0012,07698,0,0,1,1,0,02
Open_Eyes/s0012_07699_0_0_1_1_0_02.png,s0012,07699,0,0,1,1,0,02
Open_Eyes/s0012_07700_0_0_1_1_0_02.png,s0012,07700,0,0,1,1,0,02
Open_Eyes/s0012_07701_0_0_1_1_0_02.png,s0012,07701,0,0,1,1,0,02
Open_Eyes/s0012_07702_0_0_1_1_0_02.png,s0012,07702,0,0,1,1,0,02
Open_Eyes/s0012_07703_0_0_1_1_0_02.png,s0012,07703,0,0,1,1,0,02
Open_Eyes/s0012_07704_0_0_1_1_0_02.png,s0012,07704,0,0,1,1,0,02
Open_Eyes/s0012_07705_0_0_1_1_0_02.png,s0012,07705,0,0,1,1,0,02
Open_Eyes/s0012_07775_0_0_1_1_0_02.png,s0012,07775,0,0,1,1,0,02
Open_Eyes/s0012_07776_0_0_1_1_0_02.png,s0012,07776,0,0,1,1,0,02
Open_Eyes/s0012_07777_0_0_1_1_0_02.png,s0012,07777,0,0,1,1,0,02
Open_Eyes/s0012_07778_0_0_1_1_0_02.png,s0012,07778,0,0,1,1,0,02
Open_Eyes/s0012_07779_0_0_1_1_0_02.png,s0012,07779,0,0,1,1,0,02
Open_Eyes/s0012_07780_0_0_1_1_0_02.png,s0012,07780,0,0,1,1,0,02
Open_Eyes/s0012_07781_0_0_1_1_0_02.png,s0012,07781,0,0,1,1,0,02
Open_Eyes/s0012_07782_0_0_1_1_0_02.png,s0012,07782,0,0,1,1,0,02
Open_Eyes/s0012_07783_0_0_1_1_0_02.png,s0012,07783,0,0,1,1,0,02
Open_Eyes/s0012_07784_0_0_1_1_0_02.png,s0012,07784,0,0,1,1,0,02
Open_Eyes/s0012_07785_0_0_1_1_0_02.png,s0012,07785,0,0,1,1,0,02
Open_Eyes/s0012_07786_0_0_1_1_0_02.png,s0012,07786,0,0,1,1,0,02
Open_Eyes/s0012_07787_0_0_1_1_0_02.png,s0012,07787,0,0,1,1,0,02
Open_Eyes/s0012_07788_0_0_1_1_0_02.png,s0012,07788,0,0,1,1,0,02
Open_Eyes/s0012_07789_0_0_1_1_0_02.png,s0012,07789,0,0,1,1,0,02
Open_Eyes/s0012_07790_0_0_1_0_0_02.png,s0012,07790,0,0,1,0,0,02
Open_Eyes/s0012_07826_0_0_1_1_0_02.png,s0012,07826,0,0,1,1,0,02
Open_Eyes/s0012_07827_0_0_1_1_0_02.png,s0012,07827,0,0,1,1,0,02
Open_Eyes/s0012_07828_0_0_1_1_0_02.png,s0012,07828,0,0,1,1,0,02
Open_Eyes/s0012_07829_0_0_1_1_0_02.png,s0012,07829,0,0,1,1,0,02
Open_Eyes/s0012_07830_0_0_1_0_0_02.png,s0012,07830,0,0,1,0,0,02
Open_Eyes/s0012_07831_0_0_1_1_0_02.png,s0012,07831,0,0,1,1,0,02
Open_Eyes/s0012_07832_0_0_1_1_0_02.png,s0012,07832,0,0,1,1,0,02
Open_Eyes/s0012_07833_0_0_1_1_0_02.png,s0012,07833,0,0,1,1,0,02
Open_Eyes/s0012_07834_0_0_1_0_0_02.png,s0012,07834,0,0,1,0,0,02
Open_Eyes/s0012_07835_0_0_1_1_0_02.png,s0012,07835,0,0,1,1,0,02
Open_Eyes/s0012_07836_0_0_1_1_0_02.png,s0012,07836,0,0,1,1,0,02
Open_Eyes/s0012_07837_0_0_1_1_0_02.png,s0012,07837,0,0,1,1,0,02
Open_Eyes/s0012_07838_0_0_1_1_0_02.png,s0012,07838,0,0,1,1,0,02
Open_Eyes/s0012_07839_0_0_1_1_0_02.png,s0012,07839,0,0,1,1,0,02
Open_Eyes/s0012_07840_0_0_1_1_0_02.png,s0012,07840,0,0,1,1,0,02
Open_Eyes/s0012_07841_0_0_1_1_0_02.png,s0012,07841,0,0,1,1,0,02
Open_Eyes/s0012_07842_0_0_1_1_0_02.png,s0012,07842,0,0,1,1,0,02
Open_Eyes/s0012_07843_0_0_1_1_0_02.png,s0012,07843,0,0,1,1,0,02
Open_Eyes/s0012_07844_0_0_1_1_0_02.png,s0012,07844,0,0,1,1,0,02
Open_Eyes/s0012_07845_0_0_1_1_0_02.png,s0012,07845,0,0,1,1,0,02
Open_Eyes/s0012_07846_0_0_1_1_0_02.png,s0012,07846,0,0,1,1,0,02
Open_Eyes/s0012_07847_0_0_1_1_0_02.png,s0012,07847,0,0,1,1,0,02
Open_Eyes/s0012_07848_0_0_1_1_0_02.png,s0012,07848,0,0,1,1,0,02
Open_Eyes/s0012_07849_0_0_1_1_0_02.png,s0012,07849,0,0,1,1,0,02
Open_Eyes/s0012_07850_0_0_1_1_0_02.png,s0012,07850,0,0,1,1,0,02
Open_Eyes/s0012_07851_0_0_1_1_0_02.png,s0012,07851,0,0,1,1,0,02
Open_Eyes/s0012_07852_0_0_1_1_0_02.png,s0012,07852,0,0,1,1,0,02
Open_Eyes/s0012_07853_0_0_1_1_0_02.png,s0012,07853,0,0,1,1,0,02
Open_Eyes/s0012_07854_0_0_1_1_0_02.png,s0012,07854,0,0,1,1,0,02
Open_Eyes/s0012_07855_0_0_1_1_0_02.png,s0012,07855,0,0,1,1,0,02
Open_Eyes/s0012_07856_0_0_1_1_0_02.png,s0012,07856,0,0,1,1,0,02
Open_Eyes/s0012_07857_0_0_1_1_0_02.png,s0012,07857,0,0,1,1,0,02
Open_Eyes/s0012_07858_0_0_1_1_0_02.png,s0012,07858,0,0,1,1,0,02
Open_Eyes/s0012_07859_0_0_1_1_0_02.png,s0012,07859,0,0,1,1,0,02
Open_Eyes/s0012_07860_0_0_1_1_0_02.png,s0012,07860,0,0,1,1,0,02
Open_Eyes/s0012_07861_0_0_1_1_0_02.png,s0012,07861,0,0,1,1,0,02
Open_Eyes/s0012_07862_0_0_1_1_0_02.png,s0012,07862,0,0,1,1,0,02
Open_Eyes/s0012_07863_0_0_1_1_0_02.png,s0012,07863,0,0,1,1,0,02
Open_Eyes/s0012_07887_0_0_1_1_0_02.png,s0012,07887,0,0,1,1,0,02
Open_Eyes/s0012_07888_0_0_1_1_0_02.png,s0012,07888,0,0,1,1,0,02
Open_Eyes/s0012_07889_0_0_1_1_0_02.png,s0012,07889,0,0,1,1,0,02
Open_Eyes/s0012_07890_0_0_1_1_0_02.png,s0012,07890,0,0,1,1,0,02
Open_Eyes/s0012_07891_0_0_1_1_0_02.png,s0012,07891,0,0,1,1,0,02
Open_Eyes/s0012_07892_0_0_1_1_0_02.png,s0012,07892,0,0,1,1,0,02
Open_Eyes/s0012_07893_0_0_1_1_0_02.png,s0012,07893,0,0,1,1,0,02
Open_Eyes/s0012_07894_0_0_1_1_0_02.png,s0012,07894,0,0,1,1,0,02
Open_Eyes/s0012_07895_0_0_1_1_0_02.png,s0012,07895,0,0,1,1,0,02
Open_Eyes/s0012_07896_0_0_1_1_0_02.png,s0012,07896,0,0,1,1,0,02
Open_Eyes/s0012_07897_0_0_1_1_0_02.png,s0012,07897,0,0,1,1,0,02
Open_Eyes/s0012_07898_0_0_1_1_0_02.png,s0012,07898,0,0,1,1,0,02
Open_Eyes/s0012_07899_0_0_1_1_0_02.png,s0012,07899,0,0,1,1,0,02
Open_Eyes/s0012_07900_0_0_1_1_0_02.png,s0012,07900,0,0,1,1,0,02
Open_Eyes/s0012_07901_0_0_1_1_0_02.png,s0012,07901,0,0,1,1,0,02
Open_Eyes/s0012_07902_0_0_1_1_0_02.png,s0012,07902,0,0,1,1,0,02
Open_Eyes/s0012_07903_0_0_1_1_0_02.png,s0012,07903,0,0,1,1,0,02
Open_Eyes/s0012_07904_0_0_1_1_0_02.png,s0012,07904,0,0,1,1,0,02
Open_Eyes/s0012_07905_0_0_1_1_0_02.png,s0012,07905,0,0,1,1,0,02
Open_Eyes/s0012_07906_0_0_1_1_0_02.png,s0012,07906,0,0,1,1,0,02
Open_Eyes/s0012_07907_0_0_1_1_0_02.png,s0012,07907,0,0,1,1,0,02
Open_Eyes/s0012_07908_0_0_1_1_0_02.png,s0012,07908,0,0,1,1,0,02
Open_Eyes/s0012_07909_0_0_1_1_0_02.png,s0012,07909,0,0,1,1,0,02
Open_Eyes/s0012_07910_0_0_1_1_0_02.png,s0012,07910,0,0,1,1,0,02
Open_Eyes/s0012_07911_0_0_1_1_0_02.png,s0012,07911,0,0,1,1,0,02
Open_Eyes/s0012_07912_0_0_1_1_0_02.png,s0012,07912,0,0,1,1,0,02
Open_Eyes/s0012_07925_0_0_1_1_0_02.png,s0012,07925,0,0,1,1,0,02
Open_Eyes/s0012_07926_0_0_1_1_0_02.png,s0012,07926,0,0,1,1,0,02
Open_Eyes/s0012_07927_0_0_1_1_0_02.png,s0012,07927,0,0,1,1,0,02
Open_Eyes/s0012_07928_0_0_1_1_0_02.png,s0012,07928,0,0,1,1,0,02
Open_Eyes/s0012_07929_0_0_1_1_0_02.png,s0012,07929,0,0,1,1,0,02
Open_Eyes/s0012_08173_0_0_1_1_0_02.png,s0012,08173,0,0,1,1,0,02
Open_Eyes/s0012_08174_0_0_1_1_0_02.png,s0012,08174,0,0,1,1,0,02
Open_Eyes/s0012_08175_0_0_1_1_0_02.png,s0012,08175,0,0,1,1,0,02
Open_Eyes/s0012_08176_0_0_1_1_0_02.png,s0012,08176,0,0,1,1,0,02
Open_Eyes/s0012_08177_0_0_1_1_0_02.png,s0012,08177,0,0,1,1,0,02
Open_Eyes/s0012_08178_0_0_1_1_0_02.png,s0012,08178,0,0,1,1,0,02
Open_Eyes/s0012_08179_0_0_1_1_0_02.png,s0012,08179,0,0,1,1,0,02
Open_Eyes/s0012_08180_0_0_1_1_0_02.png,s0012,08180,0,0,1,1,0,02
Open_Eyes/s0012_08181_0_0_1_1_0_02.png,s0012,08181,0,0,1,1,0,02
Open_Eyes/s0012_08182_0_0_1_1_0_02.png,s0012,08182,0,0,1,1,0,02
Open_Eyes/s0012_08218_0_0_1_1_0_02.png,s0012,08218,0,0,1,1,0,02
Open_Eyes/s0012_08219_0_0_1_1_0_02.png,s0012,08219,0,0,1,1,0,02
Open_Eyes/s0012_08220_0_0_1_1_0_02.png,s0012,08220,0,0,1,1,0,02
Open_Eyes/s0012_08221_0_0_1_1_0_02.png,s0012,08221,0,0,1,1,0,02
Open_Eyes/s0012_08245_0_0_1_0_0_02.png,s0012,08245,0,0,1,0,0,02
Open_Eyes/s0012_08246_0_0_1_1_0_02.png,s0012,08246,0,0,1,1,0,02
Open_Eyes/s0012_08247_0_0_1_1_0_02.png,s0012,08247,0,0,1,1,0,02
Open_Eyes/s0012_08271_0_0_1_1_0_02.png,s0012,08271,0,0,1,1,0,02
Open_Eyes/s0012_08272_0_0_1_1_0_02.png,s0012,08272,0,0,1,1,0,02
Open_Eyes/s0012_08273_0_0_1_1_0_02.png,s0012,08273,0,0,1,1,0,02
Open_Eyes/s0012_08274_0_0_1_1_0_02.png,s0012,08274,0,0,1,1,0,02
Open_Eyes/s0012_08275_0_0_1_1_0_02.png,s0012,08275,0,0,1,1,0,02
Open_Eyes/s0012_08276_0_0_1_1_0_02.png,s0012,08276,0,0,1,1,0,02
Open_Eyes/s0012_08277_0_0_1_1_0_02.png,s0012,08277,0,0,1,1,0,02
Open_Eyes/s0012_08278_0_0_1_0_0_02.png,s0012,08278,0,0,1,0,0,02
Open_Eyes/s0012_08279_0_0_1_1_0_02.png,s0012,08279,0,0,1,1,0,02
Open_Eyes/s0012_08280_0_0_1_0_0_02.png,s0012,08280,0,0,1,0,0,02
Open_Eyes/s0012_08281_0_0_1_1_0_02.png,s0012,08281,0,0,1,1,0,02
Open_Eyes/s0012_08282_0_0_1_0_0_02.png,s0012,08282,0,0,1,0,0,02
Open_Eyes/s0012_08283_0_0_1_1_0_02.png,s0012,08283,0,0,1,1,0,02
Open_Eyes/s0012_08284_0_0_1_0_0_02.png,s0012,08284,0,0,1,0,0,02
Open_Eyes/s0012_08285_0_0_1_1_0_02.png,s0012,08285,0,0,1,1,0,02
Open_Eyes/s0012_08286_0_0_1_1_0_02.png,s0012,08286,0,0,1,1,0,02
Open_Eyes/s0012_08287_0_0_1_1_0_02.png,s0012,08287,0,0,1,1,0,02
Open_Eyes/s0012_08288_0_0_1_1_0_02.png,s0012,08288,0,0,1,1,0,02
Open_Eyes/s0012_08289_0_0_1_1_0_02.png,s0012,08289,0,0,1,1,0,02
Open_Eyes/s0012_08290_0_0_1_0_0_02.png,s0012,08290,0,0,1,0,0,02
Open_Eyes/s0012_08291_0_0_1_1_0_02.png,s0012,08291,0,0,1,1,0,02
Open_Eyes/s0012_08292_0_0_1_0_0_02.png,s0012,08292,0,0,1,0,0,02
Open_Eyes/s0012_08293_0_0_1_1_0_02.png,s0012,08293,0,0,1,1,0,02
Open_Eyes/s0012_08294_0_0_1_0_0_02.png,s0012,08294,0,0,1,0,0,02
Open_Eyes/s0012_08295_0_0_1_1_0_02.png,s0012,08295,0,0,1,1,0,02
Open_Eyes/s0012_08296_0_0_1_1_0_02.png,s0012,08296,0,0,1,1,0,02
Open_Eyes/s0012_08297_0_0_1_1_0_02.png,s0012,08297,0,0,1,1,0,02
Open_Eyes/s0012_08298_0_0_1_0_0_02.png,s0012,08298,0,0,1,0,0,02
Open_Eyes/s0012_08299_0_0_1_1_0_02.png,s0012,08299,0,0,1,1,0,02
Open_Eyes/s0012_08300_0_0_1_0_0_02.png,s0012,08300,0,0,1,0,0,02
Open_Eyes/s0012_08301_0_0_1_1_0_02.png,s0012,08301,0,0,1,1,0,02
Open_Eyes/s0012_08302_0_0_1_0_0_02.png,s0012,08302,0,0,1,0,0,02
Open_Eyes/s0012_08303_0_0_1_1_0_02.png,s0012,08303,0,0,1,1,0,02
Open_Eyes/s0012_08304_0_0_1_1_0_02.png,s0012,08304,0,0,1,1,0,02
Open_Eyes/s0012_08305_0_0_1_1_0_02.png,s0012,08305,0,0,1,1,0,02
Open_Eyes/s0012_08306_0_0_1_0_0_02.png,s0012,08306,0,0,1,0,0,02
Open_Eyes/s0012_08307_0_0_1_1_0_02.png,s0012,08307,0,0,1,1,0,02
Open_Eyes/s0012_08308_0_0_1_0_0_02.png,s0012,08308,0,0,1,0,0,02
Open_Eyes/s0012_08309_0_0_1_1_0_02.png,s0012,08309,0,0,1,1,0,02
Open_Eyes/s0012_08310_0_0_1_1_0_02.png,s0012,08310,0,0,1,1,0,02
Open_Eyes/s0012_08311_0_0_1_1_0_02.png,s0012,08311,0,0,1,1,0,02
Open_Eyes/s0012_08312_0_0_1_1_0_02.png,s0012,08312,0,0,1,1,0,02
Open_Eyes/s0012_08313_0_0_1_1_0_02.png,s0012,08313,0,0,1,1,0,02
Open_Eyes/s0012_08314_0_0_1_0_0_02.png,s0012,08314,0,0,1,0,0,02
Open_Eyes/s0012_08361_0_0_1_1_0_02.png,s0012,08361,0,0,1,1,0,02
Open_Eyes/s0012_08362_0_0_1_1_0_02.png,s0012,08362,0,0,1,1,0,02
Open_Eyes/s0012_08363_0_0_1_1_0_02.png,s0012,08363,0,0,1,1,0,02
Open_Eyes/s0012_08364_0_0_1_1_0_02.png,s0012,08364,0,0,1,1,0,02
Open_Eyes/s0012_08365_0_0_1_1_0_02.png,s0012,08365,0,0,1,1,0,02
Open_Eyes/s0012_08366_0_0_1_1_0_02.png,s0012,08366,0,0,1,1,0,02
Open_Eyes/s0012_08367_0_0_1_1_0_02.png,s0012,08367,0,0,1,1,0,02
Open_Eyes/s0012_08368_0_0_1_1_0_02.png,s0012,08368,0,0,1,1,0,02
Open_Eyes/s0012_08369_0_0_1_1_0_02.png,s0012,08369,0,0,1,1,0,02
Open_Eyes/s0012_08370_0_0_1_1_0_02.png,s0012,08370,0,0,1,1,0,02
Open_Eyes/s0012_08371_0_0_1_1_0_02.png,s0012,08371,0,0,1,1,0,02
Open_Eyes/s0012_08372_0_0_1_1_0_02.png,s0012,08372,0,0,1,1,0,02
Open_Eyes/s0012_08373_0_0_1_1_0_02.png,s0012,08373,0,0,1,1,0,02
Open_Eyes/s0012_08374_0_0_1_1_0_02.png,s0012,08374,0,0,1,1,0,02
Open_Eyes/s0012_08375_0_0_1_1_0_02.png,s0012,08375,0,0,1,1,0,02
Open_Eyes/s0012_08376_0_0_1_1_0_02.png,s0012,08376,0,0,1,1,0,02
Open_Eyes/s0012_08377_0_0_1_1_0_02.png,s0012,08377,0,0,1,1,0,02
Open_Eyes/s0012_08378_0_0_1_1_0_02.png,s0012,08378,0,0,1,1,0,02
Open_Eyes/s0012_08379_0_0_1_1_0_02.png,s0012,08379,0,0,1,1,0,02
Open_Eyes/s0012_08380_0_0_1_1_0_02.png,s0012,08380,0,0,1,1,0,02
Open_Eyes/s0012_08381_0_0_1_1_0_02.png,s0012,08381,0,0,1,1,0,02
Open_Eyes/s0012_08382_0_0_1_1_0_02.png,s0012,08382,0,0,1,1,0,02
Open_Eyes/s0012_08383_0_0_1_1_0_02.png,s0012,08383,0,0,1,1,0,02
Open_Eyes/s0012_08384_0_0_1_1_0_02.png,s0012,08384,0,0,1,1,0,02
Open_Eyes/s0012_08385_0_0_1_1_0_02.png,s0012,08385,0,0,1,1,0,02
Open_Eyes/s0012_08386_0_0_1_1_0_02.png,s0012,08386,0,0,1,1,0,02
Open_Eyes/s0012_08387_0_0_1_1_0_02.png,s0012,08387,0,0,1,1,0,02
Open_Eyes/s0012_08388_0_0_1_1_0_02.png,s0012,08388,0,0,1,1,0,02
Open_Eyes/s0012_08389_0_0_1_1_0_02.png,s0012,08389,0,0,1,1,0,02
Open_Eyes/s0012_08390_0_0_1_1_0_02.png,s0012,08390,0,0,1,1,0,02
Open_Eyes/s0012_08391_0_0_1_1_0_02.png,s0012,08391,0,0,1,1,0,02
Open_Eyes/s0012_08392_0_0_1_1_0_02.png,s0012,08392,0,0,1,1,0,02
Open_Eyes/s0012_08393_0_0_1_1_0_02.png,s0012,08393,0,0,1,1,0,02
Open_Eyes/s0012_08394_0_0_1_1_0_02.png,s0012,08394,0,0,1,1,0,02
Open_Eyes/s0012_08395_0_0_1_1_0_02.png,s0012,08395,0,0,1,1,0,02
Open_Eyes/s0012_08396_0_0_1_1_0_02.png,s0012,08396,0,0,1,1,0,02
Open_Eyes/s0012_08397_0_0_1_1_0_02.png,s0012,08397,0,0,1,1,0,02
Open_Eyes/s0012_08398_0_0_1_1_0_02.png,s0012,08398,0,0,1,1,0,02
Open_Eyes/s0012_08399_0_0_1_1_0_02.png,s0012,08399,0,0,1,1,0,02
Open_Eyes/s0012_08400_0_0_1_1_0_02.png,s0012,08400,0,0,1,1,0,02
Open_Eyes/s0012_08401_0_0_1_1_0_02.png,s0012,08401,0,0,1,1,0,02
Open_Eyes/s0012_08414_0_0_1_1_0_02.png,s0012,08414,0,0,1,1,0,02
Open_Eyes/s0012_08415_0_0_1_1_0_02.png,s0012,08415,0,0,1,1,0,02
Open_Eyes/s0012_08416_0_0_1_1_0_02.png,s0012,08416,0,0,1,1,0,02
Open_Eyes/s0012_08417_0_0_1_1_0_02.png,s0012,08417,0,0,1,1,0,02
Open_Eyes/s0012_08418_0_0_1_1_0_02.png,s0012,08418,0,0,1,1,0,02
Open_Eyes/s0012_08419_0_0_1_1_0_02.png,s0012,08419,0,0,1,1,0,02
Open_Eyes/s0012_08420_0_0_1_1_0_02.png,s0012,08420,0,0,1,1,0,02
Open_Eyes/s0012_08421_0_0_1_1_0_02.png,s0012,08421,0,0,1,1,0,02
Open_Eyes/s0012_08422_0_0_1_1_0_02.png,s0012,08422,0,0,1,1,0,02
Open_Eyes/s0012_08423_0_0_1_1_0_02.png,s0012,08423,0,0,1,1,0,02
Open_Eyes/s0012_08424_0_0_1_1_0_02.png,s0012,08424,0,0,1,1,0,02
Open_Eyes/s0012_08425_0_0_1_1_0_02.png,s0012,08425,0,0,1,1,0,02
Open_Eyes/s0012_08426_0_0_1_1_0_02.png,s0012,08426,0,0,1,1,0,02
Open_Eyes/s0012_08427_0_0_1_1_0_02.png,s0012,08427,0,0,1,1,0,02
Open_Eyes/s0012_08428_0_0_1_1_0_02.png,s0012,08428,0,0,1,1,0,02
Open_Eyes/s0012_08429_0_0_1_1_0_02.png,s0012,08429,0,0,1,1,0,02
Open_Eyes/s0012_08430_0_0_1_1_0_02.png,s0012,08430,0,0,1,1,0,02
Open_Eyes/s0012_08431_0_0_1_0_0_02.png,s0012,08431,0,0,1,0,0,02
Open_Eyes/s0012_08432_0_0_1_1_0_02.png,s0012,08432,0,0,1,1,0,02
Open_Eyes/s0012_08433_0_0_1_1_0_02.png,s0012,08433,0,0,1,1,0,02
Open_Eyes/s0012_08434_0_0_1_1_0_02.png,s0012,08434,0,0,1,1,0,02
Open_Eyes/s0012_08435_0_0_1_1_0_02.png,s0012,08435,0,0,1,1,0,02
Open_Eyes/s0012_08459_0_0_1_1_0_02.png,s0012,08459,0,0,1,1,0,02
Open_Eyes/s0012_08460_0_0_1_1_0_02.png,s0012,08460,0,0,1,1,0,02
Open_Eyes/s0012_08461_0_0_1_1_0_02.png,s0012,08461,0,0,1,1,0,02
Open_Eyes/s0012_08462_0_0_1_1_0_02.png,s0012,08462,0,0,1,1,0,02
Open_Eyes/s0012_08463_0_0_1_1_0_02.png,s0012,08463,0,0,1,1,0,02
Open_Eyes/s0012_08464_0_0_1_1_0_02.png,s0012,08464,0,0,1,1,0,02
Open_Eyes/s0012_08465_0_0_1_1_0_02.png,s0012,08465,0,0,1,1,0,02
Open_Eyes/s0012_08466_0_0_1_1_0_02.png,s0012,08466,0,0,1,1,0,02
Open_Eyes/s0012_08467_0_0_1_1_0_02.png,s0012,08467,0,0,1,1,0,02
Open_Eyes/s0012_08468_0_0_1_1_0_02.png,s0012,08468,0,0,1,1,0,02
Open_Eyes/s0012_08469_0_0_1_1_0_02.png,s0012,08469,0,0,1,1,0,02
Open_Eyes/s0012_08482_0_0_1_1_0_02.png,s0012,08482,0,0,1,1,0,02
Open_Eyes/s0012_08483_0_0_1_1_0_02.png,s0012,08483,0,0,1,1,0,02
Open_Eyes/s0012_08484_0_0_1_1_0_02.png,s0012,08484,0,0,1,1,0,02
Open_Eyes/s0012_08485_0_0_1_1_0_02.png,s0012,08485,0,0,1,1,0,02
Open_Eyes/s0012_08486_0_0_1_1_0_02.png,s0012,08486,0,0,1,1,0,02
Open_Eyes/s0012_08487_0_0_1_1_0_02.png,s0012,08487,0,0,1,1,0,02
Open_Eyes/s0012_08488_0_0_1_1_0_02.png,s0012,08488,0,0,1,1,0,02
Open_Eyes/s0012_08489_0_0_1_1_0_02.png,s0012,08489,0,0,1,1,0,02
Open_Eyes/s0012_08490_0_0_1_1_0_02.png,s0012,08490,0,0,1,1,0,02
Open_Eyes/s0012_08491_0_0_1_1_0_02.png,s0012,08491,0,0,1,1,0,02
Open_Eyes/s0012_08492_0_0_1_1_0_02.png,s0012,08492,0,0,1,1,0,02
Open_Eyes/s0012_08493_0_0_1_1_0_02.png,s0012,08493,0,0,1,1,0,02
Open_Eyes/s0012_08494_0_0_1_1_0_02.png,s0012,08494,0,0,1,1,0,02
Open_Eyes/s0012_08495_0_0_1_1_0_02.png,s0012,08495,0,0,1,1,0,02
Open_Eyes/s0012_08496_0_0_1_1_0_02.png,s0012,08496,0,0,1,1,0,02
Open_Eyes/s0012_08497_0_0_1_1_0_02.png,s0012,08497,0,0,1,1,0,02
Open_Eyes/s0012_08498_0_0_1_1_0_02.png,s0012,08498,0,0,1,1,0,02
Open_Eyes/s0012_08499_0_0_1_1_0_02.png,s0012,08499,0,0,1,1,0,02
Open_Eyes/s0012_08500_0_0_1_1_0_02.png,s0012,08500,0,0,1,1,0,02
Open_Eyes/s0012_08501_0_0_1_1_0_02.png,s0012,08501,0,0,1,1,0,02
Open_Eyes/s0012_08525_0_0_1_1_0_02.png,s0012,08525,0,0,1,1,0,02
Open_Eyes/s0012_08611_0_0_1_1_0_02.png,s0012,08611,0,0,1,1,0,02
Open_Eyes/s0012_08635_0_0_1_1_0_02.png,s0012,08635,0,0,1,1,0,02
Open_Eyes/s0012_08636_0_0_1_1_0_02.png,s0012,08636,0,0,1,1,0,02
Open_Eyes/s0012_08637_0_0_1_1_0_02.png,s0012,08637,0,0,1,1,0,02
Open_Eyes/s0012_08638_0_0_1_1_0_02.png,s0012,08638,0,0,1,1,0,02
Open_Eyes/s0012_08639_0_0_1_1_0_02.png,s0012,08639,0,0,1,1,0,02
Open_Eyes/s0012_08640_0_0_1_1_0_02.png,s0012,08640,0,0,1,1,0,02
Open_Eyes/s0012_08641_0_0_1_1_0_02.png,s0012,08641,0,0,1,1,0,02
Open_Eyes/s0012_08642_0_0_1_1_0_02.png,s0012,08642,0,0,1,1,0,02
Open_Eyes/s0012_08643_0_0_1_1_0_02.png,s0012,08643,0,0,1,1,0,02
Open_Eyes/s0012_08644_0_0_1_1_0_02.png,s0012,08644,0,0,1,1,0,02
Open_Eyes/s0012_08645_0_0_1_1_0_02.png,s0012,08645,0,0,1,1,0,02
Open_Eyes/s0012_08646_0_0_1_1_0_02.png,s0012,08646,0,0,1,1,0,02
Open_Eyes/s0012_08647_0_0_1_1_0_02.png,s0012,08647,0,0,1,1,0,02
Open_Eyes/s0012_08648_0_0_1_1_0_02.png,s0012,08648,0,0,1,1,0,02
Open_Eyes/s0012_08649_0_0_1_1_0_02.png,s0012,08649,0,0,1,1,0,02
Open_Eyes/s0012_08650_0_0_1_1_0_02.png,s0012,08650,0,0,1,1,0,02
Open_Eyes/s0012_08651_0_0_1_1_0_02.png,s0012,08651,0,0,1,1,0,02
Open_Eyes/s0012_08652_0_0_1_1_0_02.png,s0012,08652,0,0,1,1,0,02
Open_Eyes/s0012_08653_0_0_1_1_0_02.png,s0012,08653,0,0,1,1,0,02
Open_Eyes/s0012_08654_0_0_1_1_0_02.png,s0012,08654,0,0,1,1,0,02
Open_Eyes/s0012_08655_0_0_1_1_0_02.png,s0012,08655,0,0,1,1,0,02
Open_Eyes/s0012_08656_0_0_1_1_0_02.png,s0012,08656,0,0,1,1,0,02
Open_Eyes/s0012_08657_0_0_1_1_0_02.png,s0012,08657,0,0,1,1,0,02
Open_Eyes/s0012_08658_0_0_1_1_0_02.png,s0012,08658,0,0,1,1,0,02
Open_Eyes/s0012_08659_0_0_1_1_0_02.png,s0012,08659,0,0,1,1,0,02
Open_Eyes/s0012_08660_0_0_1_1_0_02.png,s0012,08660,0,0,1,1,0,02
Open_Eyes/s0012_08661_0_0_1_1_0_02.png,s0012,08661,0,0,1,1,0,02
Open_Eyes/s0012_08662_0_0_1_1_0_02.png,s0012,08662,0,0,1,1,0,02
Open_Eyes/s0012_08687_0_0_1_1_0_02.png,s0012,08687,0,0,1,1,0,02
Open_Eyes/s0012_08688_0_0_1_1_0_02.png,s0012,08688,0,0,1,1,0,02
Open_Eyes/s0012_08689_0_0_1_1_0_02.png,s0012,08689,0,0,1,1,0,02
Open_Eyes/s0012_08713_0_0_1_1_0_02.png,s0012,08713,0,0,1,1,0,02
Open_Eyes/s0012_08714_0_0_1_1_0_02.png,s0012,08714,0,0,1,1,0,02
Open_Eyes/s0012_08715_0_0_1_1_0_02.png,s0012,08715,0,0,1,1,0,02
Open_Eyes/s0012_08716_0_0_1_1_0_02.png,s0012,08716,0,0,1,1,0,02
Closed_Eyes/s0013_01819_0_1_0_0_0_01.png,s0013,01819,0,1,0,0,0,01
Closed_Eyes/s0013_01820_0_1_0_0_0_01.png,s0013,01820,0,1,0,0,0,01
Closed_Eyes/s0013_01821_0_1_0_0_0_01.png,s0013,01821,0,1,0,0,0,01
Closed_Eyes/s0013_01822_0_1_0_0_0_01.png,s0013,01822,0,1,0,0,0,01
Closed_Eyes/s0013_01823_0_1_0_0_0_01.png,s0013,01823,0,1,0,0,0,01
Closed_Eyes/s0013_01824_0_1_0_0_0_01.png,s0013,01824,0,1,0,0,0,01
Closed_Eyes/s0013_01825_0_1_0_0_0_01.png,s0013,01825,0,1,0,0,0,01
Closed_Eyes/s0013_01826_0_1_0_0_0_01.png,s0013,01826,0,1,0,0,0,01
Closed_Eyes/s0013_01827_0_1_0_0_0_01.png,s0013,01827,0,1,0,0,0,01
Closed_Eyes/s0013_01828_0_1_0_0_0_01.png,s0013,01828,0,1,0,0,0,01
Closed_Eyes/s0013_01829_0_1_0_0_0_01.png,s0013,01829,0,1,0,0,0,01
Closed_Eyes/s0013_01830_0_1_0_0_0_01.png,s0013,01830,0,1,0,0,0,01
Closed_Eyes/s0013_01831_0_1_0_0_0_01.png,s0013,01831,0,1,0,0,0,01
Closed_Eyes/s0013_01832_0_1_0_0_0_01.png,s0013,01832,0,1,0,0,0,01
Closed_Eyes/s0013_01846_0_1_0_0_0_01.png,s0013,01846,0,1,0,0,0,01
Closed_Eyes/s0013_01847_0_1_0_0_0_01.png,s0013,01847,0,1,0,0,0,01
Closed_Eyes/s0013_01848_0_1_0_0_0_01.png,s0013,01848,0,1,0,0,0,01
Closed_Eyes/s0013_01849_0_1_0_0_0_01.png,s0013,01849,0,1,0,0,0,01
Closed_Eyes/s0013_01850_0_1_0_0_0_01.png,s0013,01850,0,1,0,0,0,01
Closed_Eyes/s0013_01851_0_1_0_0_0_01.png,s0013,01851,0,1,0,0,0,01
Closed_Eyes/s0013_01858_0_1_0_0_0_01.png,s0013,01858,0,1,0,0,0,01
Closed_Eyes/s0013_01859_0_1_0_0_0_01.png,s0013,01859,0,1,0,0,0,01
Closed_Eyes/s0013_01860_0_1_0_0_0_01.png,s0013,01860,0,1,0,0,0,01
Closed_Eyes/s0013_01861_0_1_0_0_0_01.png,s0013,01861,0,1,0,0,0,01
Closed_Eyes/s0013_01862_0_1_0_0_0_01.png,s0013,01862,0,1,0,0,0,01
Closed_Eyes/s0013_01922_0_1_0_0_0_01.png,s0013,01922,0,1,0,0,0,01
Closed_Eyes/s0013_01923_0_1_0_0_0_01.png,s0013,01923,0,1,0,0,0,01
Closed_Eyes/s0013_01924_0_1_0_0_0_01.png,s0013,01924,0,1,0,0,0,01
Closed_Eyes/s0013_01925_0_1_0_0_0_01.png,s0013,01925,0,1,0,0,0,01
Closed_Eyes/s0013_01926_0_1_0_0_0_01.png,s0013,01926,0,1,0,0,0,01
Closed_Eyes/s0013_01927_0_1_0_0_0_01.png,s0013,01927,0,1,0,0,0,01
Closed_Eyes/s0013_01928_0_1_0_0_0_01.png,s0013,01928,0,1,0,0,0,01
Closed_Eyes/s0013_01929_0_1_0_0_0_01.png,s0013,01929,0,1,0,0,0,01
Closed_Eyes/s0013_01930_0_1_0_0_0_01.png,s0013,01930,0,1,0,0,0,01
Closed_Eyes/s0013_01931_0_1_0_0_0_01.png,s0013,01931,0,1,0,0,0,01
Closed_Eyes/s0013_01932_0_1_0_0_0_01.png,s0013,01932,0,1,0,0,0,01
Closed_Eyes/s0013_01933_0_1_0_0_0_01.png,s0013,01933,0,1,0,0,0,01
Closed_Eyes/s0013_01934_0_1_0_0_0_01.png,s0013,01934,0,1,0,0,0,01
Closed_Eyes/s0013_01935_0_1_0_0_0_01.png,s0013,01935,0,1,0,0,0,01
Closed_Eyes/s0013_01936_0_1_0_0_0_01.png,s0013,01936,0,1,0,0,0,01
Closed_Eyes/s0013_01937_0_1_0_0_0_01.png,s0013,01937,0,1,0,0,0,01
Closed_Eyes/s0013_01938_0_1_0_0_0_01.png,s0013,01938,0,1,0,0,0,01
Closed_Eyes/s0013_01939_0_1_0_0_0_01.png,s0013,01939,0,1,0,0,0,01
Closed_Eyes/s0013_01940_0_1_0_0_0_01.png,s0013,01940,0,1,0,0,0,01
Closed_Eyes/s0013_01941_0_1_0_0_0_01.png,s0013,01941,0,1,0,0,0,01
Closed_Eyes/s0013_01942_0_1_0_0_0_01.png,s0013,01942,0,1,0,0,0,01
Closed_Eyes/s0013_01943_0_1_0_0_0_01.png,s0013,01943,0,1,0,0,0,01
Closed_Eyes/s0013_01944_0_1_0_0_0_01.png,s0013,01944,0,1,0,0,0,01
Closed_Eyes/s0013_01945_0_1_0_0_0_01.png,s0013,01945,0,1,0,0,0,01
Closed_Eyes/s0013_01946_0_1_0_0_0_01.png,s0013,01946,0,1,0,0,0,01
Closed_Eyes/s0013_01947_0_1_0_0_0_01.png,s0013,01947,0,1,0,0,0,01
Closed_Eyes/s0013_01948_0_1_0_0_0_01.png,s0013,01948,0,1,0,0,0,01
Closed_Eyes/s0013_01949_0_1_0_0_0_01.png,s0013,01949,0,1,0,0,0,01
Closed_Eyes/s0013_01950_0_1_0_0_0_01.png,s0013,01950,0,1,0,0,0,01
Closed_Eyes/s0013_01951_0_1_0_0_0_01.png,s0013,01951,0,1,0,0,0,01
Closed_Eyes/s0013_01952_0_1_0_0_0_01.png,s0013,01952,0,1,0,0,0,01
Closed_Eyes/s0013_01953_0_1_0_0_0_01.png,s0013,01953,0,1,0,0,0,01
Closed_Eyes/s0013_01954_0_1_0_0_0_01.png,s0013,01954,0,1,0,0,0,01
Closed_Eyes/s0013_01955_0_1_0_0_0_01.png,s0013,01955,0,1,0,0,0,01
Closed_Eyes/s0013_01956_0_1_0_0_0_01.png,s0013,01956,0,1,0,0,0,01
Closed_Eyes/s0013_01957_0_1_0_0_0_01.png,s0013,01957,0,1,0,0,0,01
Closed_Eyes/s0013_01958_0_1_0_0_0_01.png,s0013,01958,0,1,0,0,0,01
Closed_Eyes/s0013_01959_0_1_0_0_0_01.png,s0013,01959,0,1,0,0,0,01
Closed_Eyes/s0013_01960_0_1_0_0_0_01.png,s0013,01960,0,1,0,0,0,01
Closed_Eyes/s0013_01961_0_1_0_0_0_01.png,s0013,01961,0,1,0,0,0,01
Closed_Eyes/s0013_01962_0_1_0_0_0_01.png,s0013,01962,0,1,0,0,0,01
Closed_Eyes/s0013_01963_0_1_0_0_0_01.png,s0013,01963,0,1,0,0,0,01
Closed_Eyes/s0013_01964_0_1_0_0_0_01.png,s0013,01964,0,1,0,0,0,01
Closed_Eyes/s0013_01965_0_1_0_0_0_01.png,s0013,01965,0,1,0,0,0,01
Closed_Eyes/s0013_01966_0_1_0_0_0_01.png,s0013,01966,0,1,0,0,0,01
Closed_Eyes/s0013_01967_0_1_0_0_0_01.png,s0013,01967,0,1,0,0,0,01
Closed_Eyes/s0013_01968_0_1_0_0_0_01.png,s0013,01968,0,1,0,0,0,01
Closed_Eyes/s0013_01969_0_1_0_0_0_01.png,s0013,01969,0,1,0,0,0,01
Closed_Eyes/s0013_01970_0_1_0_0_0_01.png,s0013,01970,0,1,0,0,0,01
Closed_Eyes/s0013_01971_0_1_0_0_0_01.png,s0013,01971,0,1,0,0,0,01
Closed_Eyes/s0013_01972_0_1_0_0_0_01.png,s0013,01972,0,1,0,0,0,01
Closed_Eyes/s0013_01973_0_1_0_0_0_01.png,s0013,01973,0,1,0,0,0,01
Closed_Eyes/s0013_01974_0_1_0_0_0_01.png,s0013,01974,0,1,0,0,0,01
Closed_Eyes/s0013_01975_0_1_0_0_0_01.png,s0013,01975,0,1,0,0,0,01
Closed_Eyes/s0013_02046_0_1_0_0_0_01.png,s0013,02046,0,1,0,0,0,01
Closed_Eyes/s0013_02047_0_1_0_0_0_01.png,s0013,02047,0,1,0,0,0,01
Closed_Eyes/s0013_02048_0_1_0_0_0_01.png,s0013,02048,0,1,0,0,0,01
Closed_Eyes/s0013_02049_0_1_0_0_0_01.png,s0013,02049,0,1,0,0,0,01
Closed_Eyes/s0013_02050_0_1_0_0_0_01.png,s0013,02050,0,1,0,0,0,01
Closed_Eyes/s0013_02051_0_1_0_0_0_01.png,s0013,02051,0,1,0,0,0,01
Closed_Eyes/s0013_02052_0_1_0_0_0_01.png,s0013,02052,0,1,0,0,0,01
Closed_Eyes/s0013_02053_0_1_0_0_0_01.png,s0013,02053,0,1,0,0,0,01
Closed_Eyes/s0013_02054_0_1_0_0_0_01.png,s0013,02054,0,1,0,0,0,01
Closed_Eyes/s0013_02055_0_1_0_0_0_01.png,s0013,02055,0,1,0,0,0,01
Closed_Eyes/s0013_02056_0_1_0_0_0_01.png,s0013,02056,0,1,0,0,0,01
Closed_Eyes/s0013_02057_0_1_0_0_0_01.png,s0013,02057,0,1,0,0,0,01
Closed_Eyes/s0013_02058_0_1_0_0_0_01.png,s0013,02058,0,1,0,0,0,01
Closed_Eyes/s0013_02059_0_1_0_0_0_01.png,s0013,02059,0,1,0,0,0,01
Closed_Eyes/s0013_02060_0_1_0_0_0_01.png,s0013,02060,0,1,0,0,0,01
Closed_Eyes/s0013_02061_0_1_0_0_0_01.png,s0013,02061,0,1,0,0,0,01
Closed_Eyes/s0013_02062_0_1_0_0_0_01.png,s0013,02062,0,1,0,0,0,01
Closed_Eyes/s0013_02063_0_1_0_0_0_01.png,s0013,02063,0,1,0,0,0,01
Closed_Eyes/s0013_02064_0_1_0_0_0_01.png,s0013,02064,0,1,0,0,0,01
Closed_Eyes/s0013_02065_0_1_0_0_0_01.png,s0013,02065,0,1,0,0,0,01
Closed_Eyes/s0013_02066_0_1_0_0_0_01.png,s0013,02066,0,1,0,0,0,01
Closed_Eyes/s0013_02067_0_1_0_0_0_01.png,s0013,02067,0,1,0,0,0,01
Closed_Eyes/s0013_02068_0_1_0_0_0_01.png,s0013,02068,0,1,0,0,0,01
Closed_Eyes/s0013_02069_0_1_0_0_0_01.png,s0013,02069,0,1,0,0,0,01
Closed_Eyes/s0013_02070_0_1_0_0_0_01.png,s0013,02070,0,1,0,0,0,01
Closed_Eyes/s0013_02071_0_1_0_0_0_01.png,s0013,02071,0,1,0,0,0,01
Closed_Eyes/s0013_02072_0_1_0_0_0_01.png,s0013,02072,0,1,0,0,0,01
Closed_Eyes/s0013_02073_0_1_0_0_0_01.png,s0013,02073,0,1,0,0,0,01
Closed_Eyes/s0013_02074_0_1_0_0_0_01.png,s0013,02074,0,1,0,0,0,01
Closed_Eyes/s0013_02075_0_1_0_0_0_01.png,s0013,02075,0,1,0,0,0,01
Closed_Eyes/s0013_02076_0_1_0_0_0_01.png,s0013,02076,0,1,0,0,0,01
Closed_Eyes/s0013_02077_0_1_0_0_0_01.png,s0013,02077,0,1,0,0,0,01
Closed_Eyes/s0013_02078_0_1_0_0_0_01.png,s0013,02078,0,1,0,0,0,01
Closed_Eyes/s0013_02079_0_1_0_0_0_01.png,s0013,02079,0,1,0,0,0,01
Closed_Eyes/s0013_02104_0_1_0_0_0_01.png,s0013,02104,0,1,0,0,0,01
Closed_Eyes/s0013_02105_0_1_0_0_0_01.png,s0013,02105,0,1,0,0,0,01
Closed_Eyes/s0013_02106_0_1_0_0_0_01.png,s0013,02106,0,1,0,0,0,01
Closed_Eyes/s0013_02107_0_1_0_0_0_01.png,s0013,02107,0,1,0,0,0,01
Closed_Eyes/s0014_00001_0_0_0_0_0_01.png,s0014,00001,0,0,0,0,0,01
Closed_Eyes/s0014_00002_0_0_0_0_0_01.png,s0014,00002,0,0,0,0,0,01
Closed_Eyes/s0014_00003_0_0_0_0_0_01.png,s0014,00003,0,0,0,0,0,01
Closed_Eyes/s0014_00004_0_0_0_0_0_01.png,s0014,00004,0,0,0,0,0,01
Closed_Eyes/s0014_00005_0_0_0_0_0_01.png,s0014,00005,0,0,0,0,0,01
Closed_Eyes/s0014_00006_0_0_0_0_0_01.png,s0014,00006,0,0,0,0,0,01
Closed_Eyes/s0014_00007_0_0_0_0_0_01.png,s0014,00007,0,0,0,0,0,01
Closed_Eyes/s0014_00008_0_0_0_0_0_01.png,s0014,00008,0,0,0,0,0,01
Closed_Eyes/s0014_00009_0_0_0_0_0_01.png,s0014,00009,0,0,0,0,0,01
Closed_Eyes/s0014_00010_0_0_0_0_0_01.png,s0014,00010,0,0,0,0,0,01
Closed_Eyes/s0014_00011_0_0_0_0_0_01.png,s0014,00011,0,0,0,0,0,01
Closed_Eyes/s0014_00012_0_0_0_0_0_01.png,s0014,00012,0,0,0,0,0,01
Closed_Eyes/s0014_00013_0_0_0_0_0_01.png,s0014,00013,0,0,0,0,0,01
Closed_Eyes/s0014_00014_0_0_0_0_0_01.png,s0014,00014,0,0,0,0,0,01
Closed_Eyes/s0014_00015_0_0_0_0_0_01.png,s0014,00015,0,0,0,0,0,01
Closed_Eyes/s0014_00028_0_0_0_0_0_01.png,s0014,00028,0,0,0,0,0,01
Closed_Eyes/s0014_00029_0_0_0_0_0_01.png,s0014,00029,0,0,0,0,0,01
Closed_Eyes/s0014_00030_0_0_0_0_0_01.png,s0014,00030,0,0,0,0,0,01
Closed_Eyes/s0014_00031_0_0_0_0_0_01.png,s0014,00031,0,0,0,0,0,01
Closed_Eyes/s0014_00032_0_0_0_0_0_01.png,s0014,00032,0,0,0,0,0,01
Closed_Eyes/s0014_00033_0_0_0_0_0_01.png,s0014,00033,0,0,0,0,0,01
Closed_Eyes/s0014_00034_0_0_0_0_0_01.png,s0014,00034,0,0,0,0,0,01
Closed_Eyes/s0014_00035_0_0_0_0_0_01.png,s0014,00035,0,0,0,0,0,01
Closed_Eyes/s0014_00036_0_0_0_0_0_01.png,s0014,00036,0,0,0,0,0,01
Closed_Eyes/s0014_00037_0_0_0_0_0_01.png,s0014,00037,0,0,0,0,0,01
Closed_Eyes/s0014_00038_0_0_0_0_0_01.png,s0014,00038,0,0,0,0,0,01
Closed_Eyes/s0014_00039_0_0_0_0_0_01.png,s0014,00039,0,0,0,0,0,01
Closed_Eyes/s0014_00040_0_0_0_0_0_01.png,s0014,00040,0,0,0,0,0,01
Closed_Eyes/s0014_00041_0_0_0_0_0_01.png,s0014,00041,0,0,0,0,0,01
Closed_Eyes/s0014_00042_0_0_0_0_0_01.png,s0014,00042,0,0,0,0,0,01
Closed_Eyes/s0014_00043_0_0_0_0_0_01.png,s0014,00043,0,0,0,0,0,01
Closed_Eyes/s0014_00044_0_0_0_0_0_01.png,s0014,00044,0,0,0,0,0,01
Closed_Eyes/s0014_00045_0_0_0_0_0_01.png,s0014,00045,0,0,0,0,0,01
Closed_Eyes/s0014_00046_0_0_0_0_0_01.png,s0014,00046,0,0,0,0,0,01
Closed_Eyes/s0014_00047_0_0_0_0_0_01.png,s0014,00047,0,0,0,0,0,01
Closed_Eyes/s0014_00082_0_0_0_0_0_01.png,s0014,00082,0,0,0,0,0,01
Closed_Eyes/s0014_00083_0_0_0_0_0_01.png,s0014,00083,0,0,0,0,0,01
Closed_Eyes/s0014_00084_0_0_0_0_0_01.png,s0014,00084,0,0,0,0,0,01
Closed_Eyes/s0014_00085_0_0_0_0_0_01.png,s0014,00085,0,0,0,0,0,01
Closed_Eyes/s0014_00086_0_0_0_0_0_01.png,s0014,00086,0,0,0,0,0,01
Closed_Eyes/s0014_00087_0_0_0_0_0_01.png,s0014,00087,0,0,0,0,0,01
Closed_Eyes/s0014_00088_0_0_0_0_0_01.png,s0014,00088,0,0,0,0,0,01
Closed_Eyes/s0014_00089_0_0_0_0_0_01.png,s0014,00089,0,0,0,0,0,01
Closed_Eyes/s0014_00090_0_0_0_0_0_01.png,s0014,00090,0,0,0,0,0,01
Closed_Eyes/s0014_00091_0_0_0_0_0_01.png,s0014,00091,0,0,0,0,0,01
Closed_Eyes/s0014_00092_0_0_0_0_0_01.png,s0014,00092,0,0,0,0,0,01
Closed_Eyes/s0014_00093_0_0_0_0_0_01.png,s0014,00093,0,0,0,0,0,01
Closed_Eyes/s0014_00094_0_0_0_0_0_01.png,s0014,00094,0,0,0,0,0,01
Closed_Eyes/s0014_00095_0_0_0_0_0_01.png,s0014,00095,0,0,0,0,0,01
Closed_Eyes/s0014_00096_0_0_0_0_0_01.png,s0014,00096,0,0,0,0,0,01
Closed_Eyes/s0014_00097_0_0_0_0_0_01.png,s0014,00097,0,0,0,0,0,01
Closed_Eyes/s0014_00098_0_0_0_0_0_01.png,s0014,00098,0,0,0,0,0,01
Closed_Eyes/s0014_00099_0_0_0_0_0_01.png,s0014,00099,0,0,0,0,0,01
Closed_Eyes/s0014_00100_0_0_0_0_0_01.png,s0014,00100,0,0,0,0,0,01
Closed_Eyes/s0014_00101_0_0_0_0_0_01.png,s0014,00101,0,0,0,0,0,01
Closed_Eyes/s0014_00102_0_0_0_0_0_01.png,s0014,00102,0,0,0,0,0,01
Closed_Eyes/s0014_00103_0_0_0_0_0_01.png,s0014,00103,0,0,0,0,0,01
Closed_Eyes/s0014_00104_0_0_0_0_0_01.png,s0014,00104,0,0,0,0,0,01
Closed_Eyes/s0014_00105_0_0_0_0_0_01.png,s0014,00105,0,0,0,0,0,01
Closed_Eyes/s0014_00106_0_0_0_0_0_01.png,s0014,00106,0,0,0,0,0,01
Closed_Eyes/s0014_00107_0_0_0_0_0_01.png,s0014,00107,0,0,0,0,0,01
Closed_Eyes/s0014_00108_0_0_0_0_0_01.png,s0014,00108,0,0,0,0,0,01
Closed_Eyes/s0014_00109_0_0_0_0_0_01.png,s0014,00109,0,0,0,0,0,01
Closed_Eyes/s0014_00110_0_0_0_0_0_01.png,s0014,00110,0,0,0,0,0,01
Closed_Eyes/s0014_00111_0_0_0_0_0_01.png,s0014,00111,0,0,0,0,0,01
Closed_Eyes/s0014_00112_0_0_0_0_1_01.png,s0014,00112,0,0,0,0,1,01
Closed_Eyes/s0014_00113_0_0_0_0_0_01.png,s0014,00113,0,0,0,0,0,01
Closed_Eyes/s0014_00114_0_0_0_0_0_01.png,s0014,00114,0,0,0,0,0,01
Closed_Eyes/s0014_00115_0_0_0_0_0_01.png,s0014,00115,0,0,0,0,0,01
Closed_Eyes/s0014_00116_0_0_0_0_0_01.png,s0014,00116,0,0,0,0,0,01
Closed_Eyes/s0014_00129_0_0_0_0_0_01.png,s0014,00129,0,0,0,0,0,01
Closed_Eyes/s0014_00130_0_0_0_0_0_01.png,s0014,00130,0,0,0,0,0,01
Closed_Eyes/s0014_00131_0_0_0_0_0_01.png,s0014,00131,0,0,0,0,0,01
Closed_Eyes/s0014_00132_0_0_0_0_0_01.png,s0014,00132,0,0,0,0,0,01
Closed_Eyes/s0014_00133_0_0_0_0_0_01.png,s0014,00133,0,0,0,0,0,01
Closed_Eyes/s0014_00134_0_0_0_0_0_01.png,s0014,00134,0,0,0,0,0,01
Closed_Eyes/s0014_00135_0_0_0_0_0_01.png,s0014,00135,0,0,0,0,0,01
Closed_Eyes/s0014_00136_0_0_0_0_0_01.png,s0014,00136,0,0,0,0,0,01
Closed_Eyes/s0014_00137_0_0_0_0_0_01.png,s0014,00137,0,0,0,0,0,01
Closed_Eyes/s0014_00138_0_0_0_0_0_01.png,s0014,00138,0,0,0,0,0,01
Closed_Eyes/s0014_00139_0_0_0_0_0_01.png,s0014,00139,0,0,0,0,0,01
Closed_Eyes/s0014_00140_0_0_0_0_0_01.png,s0014,00140,0,0,0,0,0,01
Closed_Eyes/s0014_00141_0_0_0_0_0_01.png,s0014,00141,0,0,0,0,0,01
Closed_Eyes/s0014_00142_0_0_0_0_0_01.png,s0014,00142,0,0,0,0,0,01
Closed_Eyes/s0014_00143_0_0_0_0_0_01.png,s0014,00143,0,0,0,0,0,01
Closed_Eyes/s0014_00144_0_0_0_0_0_01.png,s0014,00144,0,0,0,0,0,01
Closed_Eyes/s0014_00145_0_0_0_0_0_01.png,s0014,00145,0,0,0,0,0,01
Closed_Eyes/s0014_00146_0_0_0_0_0_01.png,s0014,00146,0,0,0,0,0,01
Closed_Eyes/s0014_00147_0_0_0_0_0_01.png,s0014,00147,0,0,0,0,0,01
Closed_Eyes/s0014_00148_0_0_0_0_0_01.png,s0014,00148,0,0,0,0,0,01
Closed_Eyes/s0014_00149_0_0_0_0_0_01.png,s0014,00149,0,0,0,0,0,01
Closed_Eyes/s0014_00150_0_0_0_0_0_01.png,s0014,00150,0,0,0,0,0,01
Closed_Eyes/s0014_00151_0_0_0_0_0_01.png,s0014,00151,0,0,0,0,0,01
Closed_Eyes/s0014_00152_0_0_0_0_0_01.png,s0014,00152,0,0,0,0,0,01
Open_Eyes/s0014_06921_0_1_1_2_1_01.png,s0014,06921,0,1,1,2,1,01
Open_Eyes/s0014_06922_0_1_1_2_1_01.png,s0014,06922,0,1,1,2,1,01
Open_Eyes/s0014_06923_0_1_1_2_1_01.png,s0014,06923,0,1,1,2,1,01
Open_Eyes/s0014_06924_0_1_1_2_1_01.png,s0014,06924,0,1,1,2,1,01
Open_Eyes/s0014_06925_0_1_1_2_1_01.png,s0014,06925,0,1,1,2,1,01
Open_Eyes/s0014_06926_0_1_1_2_0_01.png,s0014,06926,0,1,1,2,0,01
Open_Eyes/s0014_06927_0_1_1_2_1_01.png,s0014,06927,0,1,1,2,1,01
Open_Eyes/s0014_06928_0_1_1_2_1_01.png,s0014,06928,0,1,1,2,1,01
Open_Eyes/s0014_06930_0_1_1_2_0_01.png,s0014,06930,0,1,1,2,0,01
Open_Eyes/s0014_06931_0_1_1_2_1_01.png,s0014,06931,0,1,1,2,1,01
Open_Eyes/s0014_06932_0_1_1_2_1_01.png,s0014,06932,0,1,1,2,1,01
Open_Eyes/s0014_06933_0_1_1_2_1_01.png,s0014,06933,0,1,1,2,1,01
Open_Eyes/s0014_06934_0_1_1_2_0_01.png,s0014,06934,0,1,1,2,0,01
Open_Eyes/s0014_06935_0_1_1_2_1_01.png,s0014,06935,0,1,1,2,1,01
Open_Eyes/s0014_06936_0_1_1_2_1_01.png,s0014,06936,0,1,1,2,1,01
Open_Eyes/s0014_06937_0_1_1_2_1_01.png,s0014,06937,0,1,1,2,1,01
Open_Eyes/s0014_06938_0_1_1_2_1_01.png,s0014,06938,0,1,1,2,1,01
Open_Eyes/s0014_06939_0_1_1_2_0_01.png,s0014,06939,0,1,1,2,0,01
Open_Eyes/s0014_06940_0_1_1_2_1_01.png,s0014,06940,0,1,1,2,1,01
Open_Eyes/s0014_06941_0_1_1_2_1_01.png,s0014,06941,0,1,1,2,1,01
Open_Eyes/s0014_06944_0_1_1_2_1_01.png,s0014,06944,0,1,1,2,1,01
Open_Eyes/s0014_06945_0_1_1_1_1_01.png,s0014,06945,0,1,1,1,1,01
Open_Eyes/s0014_06946_0_1_1_2_1_01.png,s0014,06946,0,1,1,2,1,01
Open_Eyes/s0014_06947_0_1_1_0_1_01.png,s0014,06947,0,1,1,0,1,01
Open_Eyes/s0014_06948_0_1_1_1_1_01.png,s0014,06948,0,1,1,1,1,01
Open_Eyes/s0014_06950_0_1_1_2_1_01.png,s0014,06950,0,1,1,2,1,01
Open_Eyes/s0014_06951_0_1_1_0_1_01.png,s0014,06951,0,1,1,0,1,01
Open_Eyes/s0014_06954_0_1_1_0_1_01.png,s0014,06954,0,1,1,0,1,01
Open_Eyes/s0014_06960_0_1_1_0_1_01.png,s0014,06960,0,1,1,0,1,01
Open_Eyes/s0014_06961_0_1_1_1_1_01.png,s0014,06961,0,1,1,1,1,01
Open_Eyes/s0014_06962_0_1_1_2_1_01.png,s0014,06962,0,1,1,2,1,01
Open_Eyes/s0014_06963_0_1_1_0_1_01.png,s0014,06963,0,1,1,0,1,01
Open_Eyes/s0014_06964_0_1_1_1_1_01.png,s0014,06964,0,1,1,1,1,01
Open_Eyes/s0014_06965_0_1_1_0_1_01.png,s0014,06965,0,1,1,0,1,01
Open_Eyes/s0014_06966_0_1_1_2_1_01.png,s0014,06966,0,1,1,2,1,01
Open_Eyes/s0014_06967_0_1_1_0_1_01.png,s0014,06967,0,1,1,0,1,01
Open_Eyes/s0014_06968_0_1_1_2_1_01.png,s0014,06968,0,1,1,2,1,01
Open_Eyes/s0014_06969_0_1_1_0_1_01.png,s0014,06969,0,1,1,0,1,01
Open_Eyes/s0014_06973_0_0_1_2_1_02.png,s0014,06973,0,0,1,2,1,02
Open_Eyes/s0014_06974_0_0_1_2_1_02.png,s0014,06974,0,0,1,2,1,02
Open_Eyes/s0014_06975_0_0_1_2_1_02.png,s0014,06975,0,0,1,2,1,02
Open_Eyes/s0014_06976_0_0_1_2_1_02.png,s0014,06976,0,0,1,2,1,02
Open_Eyes/s0014_06977_0_0_1_2_1_02.png,s0014,06977,0,0,1,2,1,02
Open_Eyes/s0014_06978_0_0_1_2_1_02.png,s0014,06978,0,0,1,2,1,02
Open_Eyes/s0014_06979_0_0_1_2_1_02.png,s0014,06979,0,0,1,2,1,02
Open_Eyes/s0014_06980_0_0_1_2_1_02.png,s0014,06980,0,0,1,2,1,02
Open_Eyes/s0014_06981_0_0_1_2_1_02.png,s0014,06981,0,0,1,2,1,02
Open_Eyes/s0014_06982_0_0_1_2_1_02.png,s0014,06982,0,0,1,2,1,02
Open_Eyes/s0014_06983_0_0_1_2_1_02.png,s0014,06983,0,0,1,2,1,02
Open_Eyes/s0014_06984_0_0_1_2_1_02.png,s0014,06984,0,0,1,2,1,02
Open_Eyes/s0014_06985_0_0_1_2_1_02.png,s0014,06985,0,0,1,2,1,02
Open_Eyes/s0014_06986_0_0_1_2_1_02.png,s0014,06986,0,0,1,2,1,02
Open_Eyes/s0014_06987_0_0_1_2_1_02.png,s0014,06987,0,0,1,2,1,02
Open_Eyes/s0014_06988_0_0_1_2_1_02.png,s0014,06988,0,0,1,2,1,02
Open_Eyes/s0014_06989_0_0_1_2_1_02.png,s0014,06989,0,0,1,2,1,02
Open_Eyes/s0014_06990_0_0_1_2_1_02.png,s0014,06990,0,0,1,2,1,02
Open_Eyes/s0014_06991_0_0_1_2_1_02.png,s0014,06991,0,0,1,2,1,02
Open_Eyes/s0014_06992_0_0_1_2_1_02.png,s0014,06992,0,0,1,2,1,02
Open_Eyes/s0014_06993_0_0_1_2_1_02.png,s0014,06993,0,0,1,2,1,02
Open_Eyes/s0014_06994_0_0_1_2_1_02.png,s0014,06994,0,0,1,2,1,02
Open_Eyes/s0014_06995_0_0_1_2_1_02.png,s0014,06995,0,0,1,2,1,02
Open_Eyes/s0014_06996_0_0_1_2_1_02.png,s0014,06996,0,0,1,2,1,02
Open_Eyes/s0014_06997_0_0_1_2_1_02.png,s0014,06997,0,0,1,2,1,02
Open_Eyes/s0014_06998_0_0_1_2_1_02.png,s0014,06998,0,0,1,2,1,02
Open_Eyes/s0014_06999_0_0_1_2_1_02.png,s0014,06999,0,0,1,2,1,02
Open_Eyes/s0014_07000_0_0_1_2_1_02.png,s0014,07000,0,0,1,2,1,02
Open_Eyes/s0014_07001_0_0_1_2_1_02.png,s0014,07001,0,0,1,2,1,02
Open_Eyes/s0014_07002_0_0_1_2_1_02.png,s0014,07002,0,0,1,2,1,02
Open_Eyes/s0014_07003_0_0_1_2_1_02.png,s0014,07003,0,0,1,2,1,02
Open_Eyes/s0014_07004_0_0_1_2_1_02.png,s0014,07004,0,0,1,2,1,02
Open_Eyes/s0014_07005_0_0_1_2_1_02.png,s0014,07005,0,0,1,2,1,02
Open_Eyes/s0014_07006_0_0_1_2_1_02.png,s0014,07006,0,0,1,2,1,02
Open_Eyes/s0014_07007_0_0_1_2_1_02.png,s0014,07007,0,0,1,2,1,02
Open_Eyes/s0014_07008_0_0_1_2_1_02.png,s0014,07008,0,0,1,2,1,02
Open_Eyes/s0014_07020_0_0_1_2_1_02.png,s0014,07020,0,0,1,2,1,02
Open_Eyes/s0014_07021_0_0_1_2_1_02.png,s0014,07021,0,0,1,2,1,02
Open_Eyes/s0014_07022_0_0_1_2_1_02.png,s0014,07022,0,0,1,2,1,02
Open_Eyes/s0014_07023_0_0_1_2_1_02.png,s0014,07023,0,0,1,2,1,02
Open_Eyes/s0014_07024_0_0_1_2_1_02.png,s0014,07024,0,0,1,2,1,02
Open_Eyes/s0014_07025_0_0_1_2_1_02.png,s0014,07025,0,0,1,2,1,02
Open_Eyes/s0014_07038_0_0_1_2_1_02.png,s0014,07038,0,0,1,2,1,02
Open_Eyes/s0014_07039_0_0_1_2_1_02.png,s0014,07039,0,0,1,2,1,02
Open_Eyes/s0014_07040_0_0_1_2_1_02.png,s0014,07040,0,0,1,2,1,02
Open_Eyes/s0014_07041_0_0_1_2_1_02.png,s0014,07041,0,0,1,2,1,02
Open_Eyes/s0014_07042_0_0_1_2_1_02.png,s0014,07042,0,0,1,2,1,02
Open_Eyes/s0014_07043_0_0_1_2_1_02.png,s0014,07043,0,0,1,2,1,02
Open_Eyes/s0014_07044_0_0_1_2_1_02.png,s0014,07044,0,0,1,2,1,02
Open_Eyes/s0014_07045_0_0_1_2_1_02.png,s0014,07045,0,0,1,2,1,02
Open_Eyes/s0014_07046_0_0_1_2_1_02.png,s0014,07046,0,0,1,2,1,02
Open_Eyes/s0014_07047_0_0_1_2_1_02.png,s0014,07047,0,0,1,2,1,02
Open_Eyes/s0014_07048_0_0_1_2_1_02.png,s0014,07048,0,0,1,2,1,02
Open_Eyes/s0014_07049_0_0_1_2_1_02.png,s0014,07049,0,0,1,2,1,02
Open_Eyes/s0014_07050_0_0_1_2_1_02.png,s0014,07050,0,0,1,2,1,02
Open_Eyes/s0014_07051_0_0_1_2_1_02.png,s0014,07051,0,0,1,2,1,02
Open_Eyes/s0014_07052_0_0_1_2_1_02.png,s0014,07052,0,0,1,2,1,02
Open_Eyes/s0014_07053_0_0_1_2_1_02.png,s0014,07053,0,0,1,2,1,02
Open_Eyes/s0014_07066_0_0_1_2_1_02.png,s0014,07066,0,0,1,2,1,02
Open_Eyes/s0014_07067_0_0_1_2_1_02.png,s0014,07067,0,0,1,2,1,02
Open_Eyes/s0014_07068_0_0_1_2_1_02.png,s0014,07068,0,0,1,2,1,02
Open_Eyes/s0014_07069_0_0_1_2_1_02.png,s0014,07069,0,0,1,2,1,02
Open_Eyes/s0014_07070_0_0_1_2_1_02.png,s0014,07070,0,0,1,2,1,02
Open_Eyes/s0014_07071_0_0_1_2_1_02.png,s0014,07071,0,0,1,2,1,02
Open_Eyes/s0014_07072_0_0_1_2_1_02.png,s0014,07072,0,0,1,2,1,02
Open_Eyes/s0014_07073_0_0_1_2_1_02.png,s0014,07073,0,0,1,2,1,02
Open_Eyes/s0014_07074_0_0_1_2_1_02.png,s0014,07074,0,0,1,2,1,02
Open_Eyes/s0014_07075_0_0_1_2_1_02.png,s0014,07075,0,0,1,2,1,02
Open_Eyes/s0014_07076_0_0_1_2_1_02.png,s0014,07076,0,0,1,2,1,02
Open_Eyes/s0014_07077_0_0_1_2_1_02.png,s0014,07077,0,0,1,2,1,02
Open_Eyes/s0014_07078_0_0_1_2_1_02.png,s0014,07078,0,0,1,2,1,02
Open_Eyes/s0014_07079_0_0_1_2_1_02.png,s0014,07079,0,0,1,2,1,02
Open_Eyes/s0014_07080_0_0_1_2_1_02.png,s0014,07080,0,0,1,2,1,02
Open_Eyes/s0014_07081_0_0_1_2_1_02.png,s0014,07081,0,0,1,2,1,02
Open_Eyes/s0014_07082_0_0_1_2_1_02.png,s0014,07082,0,0,1,2,1,02
Open_Eyes/s0014_07083_0_0_1_2_1_02.png,s0014,07083,0,0,1,2,1,02
Open_Eyes/s0014_07084_0_0_1_2_1_02.png,s0014,07084,0,0,1,2,1,02
Open_Eyes/s0014_07085_0_0_1_2_1_02.png,s0014,07085,0,0,1,2,1,02
Open_Eyes/s0014_07086_0_0_1_2_1_02.png,s0014,07086,0,0,1,2,1,02
Open_Eyes/s0014_07087_0_0_1_2_1_02.png,s0014,07087,0,0,1,2,1,02
Open_Eyes/s0014_07088_0_0_1_2_1_02.png,s0014,07088,0,0,1,2,1,02
Open_Eyes/s0014_07089_0_0_1_2_1_02.png,s0014,07089,0,0,1,2,1,02
Open_Eyes/s0014_07090_0_0_1_2_1_02.png,s0014,07090,0,0,1,2,1,02
Open_Eyes/s0014_07091_0_0_1_2_1_02.png,s0014,07091,0,0,1,2,1,02
Open_Eyes/s0014_07092_0_0_1_2_1_02.png,s0014,07092,0,0,1,2,1,02
Open_Eyes/s0014_07093_0_0_1_2_1_02.png,s0014,07093,0,0,1,2,1,02
Open_Eyes/s0014_07094_0_0_1_2_1_02.png,s0014,07094,0,0,1,2,1,02
Open_Eyes/s0014_07095_0_0_1_2_1_02.png,s0014,07095,0,0,1,2,1,02
Open_Eyes/s0014_07096_0_0_1_2_1_02.png,s0014,07096,0,0,1,2,1,02
Open_Eyes/s0014_07097_0_0_1_2_1_02.png,s0014,07097,0,0,1,2,1,02
Open_Eyes/s0014_07098_0_0_1_2_1_02.png,s0014,07098,0,0,1,2,1,02
Open_Eyes/s0014_07099_0_0_1_2_1_02.png,s0014,07099,0,0,1,2,1,02
Open_Eyes/s0014_07100_0_0_1_2_1_02.png,s0014,07100,0,0,1,2,1,02
Open_Eyes/s0014_07101_0_0_1_2_1_02.png,s0014,07101,0,0,1,2,1,02
Open_Eyes/s0014_07102_0_0_1_2_1_02.png,s0014,07102,0,0,1,2,1,02
Open_Eyes/s0014_07103_0_0_1_2_1_02.png,s0014,07103,0,0,1,2,1,02
Open_Eyes/s0014_07104_0_0_1_2_1_02.png,s0014,07104,0,0,1,2,1,02
Open_Eyes/s0014_07105_0_0_1_2_1_02.png,s0014,07105,0,0,1,2,1,02
Open_Eyes/s0014_07106_0_0_1_2_1_02.png,s0014,07106,0,0,1,2,1,02
Open_Eyes/s0014_07107_0_0_1_2_1_02.png,s0014,07107,0,0,1,2,1,02
Open_Eyes/s0014_07108_0_0_1_2_1_02.png,s0014,07108,0,0,1,2,1,02
Open_Eyes/s0014_07109_0_0_1_2_1_02.png,s0014,07109,0,0,1,2,1,02
Open_Eyes/s0014_07110_0_0_1_2_1_02.png,s0014,07110,0,0,1,2,1,02
Open_Eyes/s0014_07111_0_0_1_2_1_02.png,s0014,07111,0,0,1,2,1,02
Open_Eyes/s0014_07112_0_0_1_2_1_02.png,s0014,07112,0,0,1,2,1,02
Open_Eyes/s0014_07440_0_0_1_1_1_02.png,s0014,07440,0,0,1,1,1,02
Open_Eyes/s0014_07441_0_0_1_2_1_02.png,s0014,07441,0,0,1,2,1,02
Open_Eyes/s0014_07442_0_0_1_2_1_02.png,s0014,07442,0,0,1,2,1,02
Open_Eyes/s0014_07443_0_0_1_2_1_02.png,s0014,07443,0,0,1,2,1,02
Open_Eyes/s0014_07444_0_0_1_2_1_02.png,s0014,07444,0,0,1,2,1,02
Open_Eyes/s0014_07445_0_0_1_2_1_02.png,s0014,07445,0,0,1,2,1,02
Open_Eyes/s0014_07446_0_0_1_2_1_02.png,s0014,07446,0,0,1,2,1,02
Open_Eyes/s0014_07447_0_0_1_2_1_02.png,s0014,07447,0,0,1,2,1,02
Open_Eyes/s0014_07460_0_0_1_2_1_02.png,s0014,07460,0,0,1,2,1,02
Open_Eyes/s0014_07461_0_0_1_2_1_02.png,s0014,07461,0,0,1,2,1,02
Open_Eyes/s0014_07462_0_0_1_2_1_02.png,s0014,07462,0,0,1,2,1,02
Open_Eyes/s0014_07463_0_0_1_2_1_02.png,s0014,07463,0,0,1,2,1,02
Open_Eyes/s0014_07464_0_0_1_2_1_02.png,s0014,07464,0,0,1,2,1,02
Open_Eyes/s0014_07465_0_0_1_2_1_02.png,s0014,07465,0,0,1,2,1,02
Open_Eyes/s0014_07466_0_0_1_2_1_02.png,s0014,07466,0,0,1,2,1,02
Open_Eyes/s0014_07467_0_0_1_2_1_02.png,s0014,07467,0,0,1,2,1,02
Open_Eyes/s0014_07468_0_0_1_2_1_02.png,s0014,07468,0,0,1,2,1,02
Open_Eyes/s0014_07469_0_0_1_2_1_02.png,s0014,07469,0,0,1,2,1,02
Open_Eyes/s0014_07470_0_0_1_2_1_02.png,s0014,07470,0,0,1,2,1,02
Open_Eyes/s0014_07471_0_0_1_2_1_02.png,s0014,07471,0,0,1,2,1,02
Open_Eyes/s0014_07472_0_0_1_2_1_02.png,s0014,07472,0,0,1,2,1,02
Open_Eyes/s0014_07473_0_0_1_2_1_02.png,s0014,07473,0,0,1,2,1,02
Open_Eyes/s0014_07474_0_0_1_2_1_02.png,s0014,07474,0,0,1,2,1,02
Open_Eyes/s0014_07509_0_0_1_2_1_02.png,s0014,07509,0,0,1,2,1,02
Open_Eyes/s0014_07510_0_0_1_2_1_02.png,s0014,07510,0,0,1,2,1,02
Open_Eyes/s0014_07511_0_0_1_2_1_02.png,s0014,07511,0,0,1,2,1,02
Open_Eyes/s0014_07512_0_0_1_2_1_02.png,s0014,07512,0,0,1,2,1,02
Open_Eyes/s0014_07513_0_0_1_2_1_02.png,s0014,07513,0,0,1,2,1,02
Open_Eyes/s0014_07514_0_0_1_2_1_02.png,s0014,07514,0,0,1,2,1,02
Open_Eyes/s0014_07515_0_0_1_2_1_02.png,s0014,07515,0,0,1,2,1,02
Open_Eyes/s0014_07516_0_0_1_2_1_02.png,s0014,07516,0,0,1,2,1,02
Open_Eyes/s0014_07517_0_0_1_2_1_02.png,s0014,07517,0,0,1,2,1,02
Open_Eyes/s0014_07518_0_0_1_2_1_02.png,s0014,07518,0,0,1,2,1,02
Open_Eyes/s0014_07519_0_0_1_2_1_02.png,s0014,07519,0,0,1,2,1,02
Open_Eyes/s0014_07520_0_0_1_2_1_02.png,s0014,07520,0,0,1,2,1,02
Open_Eyes/s0014_07521_0_0_1_2_1_02.png,s0014,07521,0,0,1,2,1,02
Open_Eyes/s0014_07522_0_0_1_2_1_02.png,s0014,07522,0,0,1,2,1,02
Open_Eyes/s0014_07523_0_0_1_2_1_02.png,s0014,07523,0,0,1,2,1,02
Open_Eyes/s0014_07524_0_0_1_2_1_02.png,s0014,07524,0,0,1,2,1,02
Open_Eyes/s0014_07525_0_0_1_2_1_02.png,s0014,07525,0,0,1,2,1,02
Open_Eyes/s0014_07526_0_0_1_2_1_02.png,s0014,07526,0,0,1,2,1,02
Open_Eyes/s0014_07527_0_0_1_2_1_02.png,s0014,07527,0,0,1,2,1,02
Open_Eyes/s0014_07528_0_0_1_2_1_02.png,s0014,07528,0,0,1,2,1,02
Open_Eyes/s0014_07529_0_0_1_2_1_02.png,s0014,07529,0,0,1,2,1,02
Open_Eyes/s0014_07530_0_0_1_2_1_02.png,s0014,07530,0,0,1,2,1,02
Open_Eyes/s0014_07531_0_0_1_2_1_02.png,s0014,07531,0,0,1,2,1,02
Open_Eyes/s0014_07532_0_0_1_2_1_02.png,s0014,07532,0,0,1,2,1,02
Open_Eyes/s0014_07533_0_0_1_2_1_02.png,s0014,07533,0,0,1,2,1,02
Open_Eyes/s0014_07534_0_0_1_2_1_02.png,s0014,07534,0,0,1,2,1,02
Open_Eyes/s0014_07535_0_0_1_2_1_02.png,s0014,07535,0,0,1,2,1,02
Open_Eyes/s0014_07536_0_0_1_2_1_02.png,s0014,07536,0,0,1,2,1,02
Open_Eyes/s0014_07537_0_0_1_2_1_02.png,s0014,07537,0,0,1,2,1,02
Open_Eyes/s0014_07538_0_0_1_2_1_02.png,s0014,07538,0,0,1,2,1,02
Open_Eyes/s0014_07539_0_0_1_2_1_02.png,s0014,07539,0,0,1,2,1,02
Open_Eyes/s0014_07540_0_0_1_2_1_02.png,s0014,07540,0,0,1,2,1,02
Open_Eyes/s0014_07541_0_0_1_2_1_02.png,s0014,07541,0,0,1,2,1,02
Open_Eyes/s0014_07542_0_0_1_2_1_02.png,s0014,07542,0,0,1,2,1,02
Open_Eyes/s0014_07543_0_0_1_2_1_02.png,s0014,07543,0,0,1,2,1,02
Open_Eyes/s0014_07544_0_0_1_2_1_02.png,s0014,07544,0,0,1,2,1,02
Open_Eyes/s0014_07545_0_0_1_2_1_02.png,s0014,07545,0,0,1,2,1,02
Open_Eyes/s0014_07546_0_0_1_2_1_02.png,s0014,07546,0,0,1,2,1,02
Open_Eyes/s0014_07547_0_0_1_2_1_02.png,s0014,07547,0,0,1,2,1,02
Open_Eyes/s0014_07548_0_0_1_2_1_02.png,s0014,07548,0,0,1,2,1,02
Open_Eyes/s0014_07549_0_0_1_2_1_02.png,s0014,07549,0,0,1,2,1,02
Open_Eyes/s0014_07550_0_0_1_2_1_02.png,s0014,07550,0,0,1,2,1,02
Open_Eyes/s0014_07551_0_0_1_2_1_02.png,s0014,07551,0,0,1,2,1,02
Open_Eyes/s0014_07587_0_0_1_2_1_02.png,s0014,07587,0,0,1,2,1,02
Open_Eyes/s0014_07588_0_0_1_2_1_02.png,s0014,07588,0,0,1,2,1,02
Open_Eyes/s0014_07589_0_0_1_2_1_02.png,s0014,07589,0,0,1,2,1,02
Open_Eyes/s0014_07590_0_0_1_2_1_02.png,s0014,07590,0,0,1,2,1,02
Open_Eyes/s0014_07591_0_0_1_2_1_02.png,s0014,07591,0,0,1,2,1,02
Open_Eyes/s0014_07592_0_0_1_2_1_02.png,s0014,07592,0,0,1,2,1,02
Open_Eyes/s0014_07593_0_0_1_2_1_02.png,s0014,07593,0,0,1,2,1,02
Open_Eyes/s0014_07594_0_0_1_2_1_02.png,s0014,07594,0,0,1,2,1,02
Open_Eyes/s0014_07595_0_0_1_2_1_02.png,s0014,07595,0,0,1,2,1,02
Open_Eyes/s0014_07596_0_0_1_2_1_02.png,s0014,07596,0,0,1,2,1,02
Open_Eyes/s0014_07597_0_0_1_2_1_02.png,s0014,07597,0,0,1,2,1,02
Open_Eyes/s0014_07622_0_0_1_2_1_02.png,s0014,07622,0,0,1,2,1,02
Open_Eyes/s0014_07623_0_0_1_2_1_02.png,s0014,07623,0,0,1,2,1,02
Open_Eyes/s0014_07624_0_0_1_2_1_02.png,s0014,07624,0,0,1,2,1,02
Open_Eyes/s0014_07648_0_0_1_1_0_02.png,s0014,07648,0,0,1,1,0,02
Open_Eyes/s0014_07649_0_0_1_1_1_02.png,s0014,07649,0,0,1,1,1,02
Open_Eyes/s0014_07650_0_0_1_1_0_02.png,s0014,07650,0,0,1,1,0,02
Open_Eyes/s0014_07651_0_0_1_1_1_02.png,s0014,07651,0,0,1,1,1,02
Open_Eyes/s0014_07652_0_0_1_1_0_02.png,s0014,07652,0,0,1,1,0,02
Open_Eyes/s0014_07653_0_0_1_1_1_02.png,s0014,07653,0,0,1,1,1,02
Open_Eyes/s0014_07654_0_0_1_1_0_02.png,s0014,07654,0,0,1,1,0,02
Open_Eyes/s0014_07655_0_0_1_1_1_02.png,s0014,07655,0,0,1,1,1,02
Open_Eyes/s0014_07656_0_0_1_1_0_02.png,s0014,07656,0,0,1,1,0,02
Open_Eyes/s0014_07657_0_0_1_0_1_02.png,s0014,07657,0,0,1,0,1,02
Open_Eyes/s0014_07658_0_0_1_1_0_02.png,s0014,07658,0,0,1,1,0,02
Open_Eyes/s0014_07659_0_0_1_1_0_02.png,s0014,07659,0,0,1,1,0,02
Open_Eyes/s0014_07660_0_0_1_1_1_02.png,s0014,07660,0,0,1,1,1,02
Open_Eyes/s0014_07661_0_0_1_1_1_02.png,s0014,07661,0,0,1,1,1,02
Open_Eyes/s0014_07662_0_0_1_1_0_02.png,s0014,07662,0,0,1,1,0,02
Open_Eyes/s0014_07663_0_0_1_1_1_02.png,s0014,07663,0,0,1,1,1,02
Open_Eyes/s0014_07664_0_0_1_1_0_02.png,s0014,07664,0,0,1,1,0,02
Open_Eyes/s0014_07665_0_0_1_1_1_02.png,s0014,07665,0,0,1,1,1,02
Open_Eyes/s0014_07666_0_0_1_1_0_02.png,s0014,07666,0,0,1,1,0,02
Open_Eyes/s0014_07667_0_0_1_1_1_02.png,s0014,07667,0,0,1,1,1,02
Open_Eyes/s0014_07668_0_0_1_1_0_02.png,s0014,07668,0,0,1,1,0,02
Open_Eyes/s0014_07669_0_0_1_1_1_02.png,s0014,07669,0,0,1,1,1,02
Open_Eyes/s0014_07670_0_0_1_1_0_02.png,s0014,07670,0,0,1,1,0,02
Open_Eyes/s0014_07671_0_0_1_1_1_02.png,s0014,07671,0,0,1,1,1,02
Open_Eyes/s0014_07672_0_0_1_1_0_02.png,s0014,07672,0,0,1,1,0,02
Open_Eyes/s0014_07673_0_0_1_1_1_02.png,s0014,07673,0,0,1,1,1,02
Open_Eyes/s0014_07674_0_0_1_1_0_02.png,s0014,07674,0,0,1,1,0,02
Open_Eyes/s0014_07675_0_0_1_1_1_02.png,s0014,07675,0,0,1,1,1,02
Open_Eyes/s0014_07676_0_0_1_1_0_02.png,s0014,07676,0,0,1,1,0,02
Open_Eyes/s0014_07677_0_0_1_1_1_02.png,s0014,07677,0,0,1,1,1,02
Open_Eyes/s0014_07690_0_0_1_1_1_02.png,s0014,07690,0,0,1,1,1,02
Open_Eyes/s0014_07691_0_0_1_1_0_02.png,s0014,07691,0,0,1,1,0,02
Open_Eyes/s0014_07692_0_0_1_0_1_02.png,s0014,07692,0,0,1,0,1,02
Open_Eyes/s0014_07693_0_0_1_1_1_02.png,s0014,07693,0,0,1,1,1,02
Open_Eyes/s0014_07694_0_0_1_1_0_02.png,s0014,07694,0,0,1,1,0,02
Open_Eyes/s0014_07695_0_0_1_1_0_02.png,s0014,07695,0,0,1,1,0,02
Open_Eyes/s0014_07696_0_0_1_0_1_02.png,s0014,07696,0,0,1,0,1,02
Open_Eyes/s0014_07697_0_0_1_1_1_02.png,s0014,07697,0,0,1,1,1,02
Open_Eyes/s0014_07698_0_0_1_1_0_02.png,s0014,07698,0,0,1,1,0,02
Open_Eyes/s0014_07699_0_0_1_1_1_02.png,s0014,07699,0,0,1,1,1,02
Open_Eyes/s0014_07723_0_0_1_1_1_02.png,s0014,07723,0,0,1,1,1,02
Open_Eyes/s0014_07724_0_0_1_1_0_02.png,s0014,07724,0,0,1,1,0,02
Open_Eyes/s0014_07725_0_0_1_1_1_02.png,s0014,07725,0,0,1,1,1,02
Open_Eyes/s0014_07726_0_0_1_1_0_02.png,s0014,07726,0,0,1,1,0,02
Open_Eyes/s0014_07727_0_0_1_0_1_02.png,s0014,07727,0,0,1,0,1,02
Open_Eyes/s0014_07728_0_0_1_1_0_02.png,s0014,07728,0,0,1,1,0,02
Open_Eyes/s0014_07729_0_0_1_1_1_02.png,s0014,07729,0,0,1,1,1,02
Open_Eyes/s0014_07730_0_0_1_1_0_02.png,s0014,07730,0,0,1,1,0,02
Open_Eyes/s0014_07731_0_0_1_1_1_02.png,s0014,07731,0,0,1,1,1,02
Open_Eyes/s0014_07732_0_0_1_1_0_02.png,s0014,07732,0,0,1,1,0,02
Open_Eyes/s0014_07733_0_0_1_1_1_02.png,s0014,07733,0,0,1,1,1,02
Open_Eyes/s0014_07734_0_0_1_1_0_02.png,s0014,07734,0,0,1,1,0,02
Open_Eyes/s0014_07850_0_0_1_1_1_02.png,s0014,07850,0,0,1,1,1,02
Open_Eyes/s0014_07851_0_0_1_1_0_02.png,s0014,07851,0,0,1,1,0,02
Open_Eyes/s0014_07852_0_0_1_1_1_02.png,s0014,07852,0,0,1,1,1,02
Open_Eyes/s0014_07853_0_0_1_1_0_02.png,s0014,07853,0,0,1,1,0,02
Open_Eyes/s0014_07885_0_0_1_1_0_02.png,s0014,07885,0,0,1,1,0,02
Open_Eyes/s0014_07886_0_0_1_1_1_02.png,s0014,07886,0,0,1,1,1,02
Open_Eyes/s0014_07887_0_0_1_1_0_02.png,s0014,07887,0,0,1,1,0,02
Open_Eyes/s0014_07888_0_0_1_1_1_02.png,s0014,07888,0,0,1,1,1,02
Open_Eyes/s0014_07889_0_0_1_1_0_02.png,s0014,07889,0,0,1,1,0,02
Open_Eyes/s0014_07890_0_0_1_1_1_02.png,s0014,07890,0,0,1,1,1,02
Open_Eyes/s0014_07918_0_0_1_1_1_02.png,s0014,07918,0,0,1,1,1,02
Open_Eyes/s0014_07919_0_0_1_1_0_02.png,s0014,07919,0,0,1,1,0,02
Open_Eyes/s0014_07921_0_0_1_1_0_02.png,s0014,07921,0,0,1,1,0,02
Open_Eyes/s0014_07922_0_0_1_1_1_02.png,s0014,07922,0,0,1,1,1,02
Open_Eyes/s0014_07923_0_0_1_1_0_02.png,s0014,07923,0,0,1,1,0,02
Open_Eyes/s0014_07924_0_0_1_1_1_02.png,s0014,07924,0,0,1,1,1,02
Open_Eyes/s0014_08066_0_0_1_1_1_02.png,s0014,08066,0,0,1,1,1,02
Open_Eyes/s0014_08067_0_0_1_1_0_02.png,s0014,08067,0,0,1,1,0,02
Open_Eyes/s0014_08068_0_0_1_1_1_02.png,s0014,08068,0,0,1,1,1,02
Open_Eyes/s0014_08069_0_0_1_1_0_02.png,s0014,08069,0,0,1,1,0,02
Open_Eyes/s0014_08070_0_0_1_1_1_02.png,s0014,08070,0,0,1,1,1,02
Open_Eyes/s0014_08071_0_0_1_1_0_02.png,s0014,08071,0,0,1,1,0,02
Open_Eyes/s0014_08073_0_0_1_1_0_02.png,s0014,08073,0,0,1,1,0,02
Open_Eyes/s0014_08074_0_0_1_1_1_02.png,s0014,08074,0,0,1,1,1,02
Open_Eyes/s0014_08075_0_0_1_1_0_02.png,s0014,08075,0,0,1,1,0,02
Open_Eyes/s0014_08076_0_0_1_1_1_02.png,s0014,08076,0,0,1,1,1,02
Open_Eyes/s0014_08077_0_0_1_1_0_02.png,s0014,08077,0,0,1,1,0,02
Open_Eyes/s0014_08078_0_0_1_1_1_02.png,s0014,08078,0,0,1,1,1,02
Open_Eyes/s0014_08079_0_0_1_1_0_02.png,s0014,08079,0,0,1,1,0,02
Open_Eyes/s0014_08080_0_0_1_1_1_02.png,s0014,08080,0,0,1,1,1,02
Open_Eyes/s0014_08081_0_0_1_1_0_02.png,s0014,08081,0,0,1,1,0,02
Open_Eyes/s0014_08082_0_0_1_1_1_02.png,s0014,08082,0,0,1,1,1,02
Open_Eyes/s0014_08083_0_0_1_1_0_02.png,s0014,08083,0,0,1,1,0,02
Open_Eyes/s0014_08084_0_0_1_1_1_02.png,s0014,08084,0,0,1,1,1,02
Open_Eyes/s0014_08085_0_0_1_1_0_02.png,s0014,08085,0,0,1,1,0,02
Open_Eyes/s0014_08086_0_0_1_1_1_02.png,s0014,08086,0,0,1,1,1,02
Open_Eyes/s0014_08087_0_0_1_1_0_02.png,s0014,08087,0,0,1,1,0,02
Open_Eyes/s0014_08088_0_0_1_1_1_02.png,s0014,08088,0,0,1,1,1,02
Open_Eyes/s0014_08089_0_0_1_1_0_02.png,s0014,08089,0,0,1,1,0,02
Open_Eyes/s0014_08090_0_0_1_1_1_02.png,s0014,08090,0,0,1,1,1,02
Open_Eyes/s0014_08091_0_0_1_1_0_02.png,s0014,08091,0,0,1,1,0,02
Open_Eyes/s0014_08092_0_0_1_1_1_02.png,s0014,08092,0,0,1,1,1,02
Open_Eyes/s0014_08093_0_0_1_1_0_02.png,s0014,08093,0,0,1,1,0,02
Open_Eyes/s0014_08094_0_0_1_1_1_02.png,s0014,08094,0,0,1,1,1,02
Open_Eyes/s0014_08095_0_0_1_1_0_02.png,s0014,08095,0,0,1,1,0,02
Open_Eyes/s0014_08119_0_0_1_1_0_02.png,s0014,08119,0,0,1,1,0,02
Open_Eyes/s0014_08120_0_0_1_1_1_02.png,s0014,08120,0,0,1,1,1,02
Open_Eyes/s0014_08121_0_0_1_1_0_02.png,s0014,08121,0,0,1,1,0,02
Open_Eyes/s0014_08122_0_0_1_1_1_02.png,s0014,08122,0,0,1,1,1,02
Open_Eyes/s0014_08123_0_0_1_1_0_02.png,s0014,08123,0,0,1,1,0,02
Open_Eyes/s0014_08124_0_0_1_1_1_02.png,s0014,08124,0,0,1,1,1,02
Open_Eyes/s0014_08125_0_0_1_1_0_02.png,s0014,08125,0,0,1,1,0,02
Open_Eyes/s0014_08149_0_0_1_1_0_02.png,s0014,08149,0,0,1,1,0,02
Open_Eyes/s0014_08150_0_0_1_1_1_02.png,s0014,08150,0,0,1,1,1,02
Open_Eyes/s0014_08151_0_0_1_1_0_02.png,s0014,08151,0,0,1,1,0,02
Open_Eyes/s0014_08152_0_0_1_1_1_02.png,s0014,08152,0,0,1,1,1,02
Open_Eyes/s0014_08153_0_0_1_1_0_02.png,s0014,08153,0,0,1,1,0,02
Open_Eyes/s0014_08154_0_0_1_1_1_02.png,s0014,08154,0,0,1,1,1,02
Open_Eyes/s0014_08155_0_0_1_1_0_02.png,s0014,08155,0,0,1,1,0,02
Open_Eyes/s0014_08156_0_0_1_1_1_02.png,s0014,08156,0,0,1,1,1,02
Open_Eyes/s0014_08157_0_0_1_1_0_02.png,s0014,08157,0,0,1,1,0,02
Open_Eyes/s0014_08158_0_0_1_1_1_02.png,s0014,08158,0,0,1,1,1,02
Open_Eyes/s0014_08159_0_0_1_1_0_02.png,s0014,08159,0,0,1,1,0,02
Open_Eyes/s0014_08160_0_0_1_1_1_02.png,s0014,08160,0,0,1,1,1,02
Open_Eyes/s0014_08161_0_0_1_1_0_02.png,s0014,08161,0,0,1,1,0,02
Open_Eyes/s0014_08162_0_0_1_1_1_02.png,s0014,08162,0,0,1,1,1,02
Open_Eyes/s0014_08163_0_0_1_1_0_02.png,s0014,08163,0,0,1,1,0,02
Open_Eyes/s0014_08164_0_0_1_1_1_02.png,s0014,08164,0,0,1,1,1,02
Open_Eyes/s0014_08165_0_0_1_1_0_02.png,s0014,08165,0,0,1,1,0,02
Open_Eyes/s0014_08166_0_0_1_1_1_02.png,s0014,08166,0,0,1,1,1,02
Open_Eyes/s0014_08167_0_0_1_1_0_02.png,s0014,08167,0,0,1,1,0,02
Open_Eyes/s0014_08168_0_0_1_1_1_02.png,s0014,08168,0,0,1,1,1,02
Open_Eyes/s0014_08169_0_0_1_1_0_02.png,s0014,08169,0,0,1,1,0,02
Open_Eyes/s0014_08170_0_0_1_1_1_02.png,s0014,08170,0,0,1,1,1,02
Open_Eyes/s0014_08171_0_0_1_1_0_02.png,s0014,08171,0,0,1,1,0,02
Open_Eyes/s0014_08172_0_0_1_1_1_02.png,s0014,08172,0,0,1,1,1,02
Open_Eyes/s0014_08173_0_0_1_1_0_02.png,s0014,08173,0,0,1,1,0,02
Open_Eyes/s0014_08209_0_0_1_1_0_02.png,s0014,08209,0,0,1,1,0,02
Open_Eyes/s0014_08210_0_0_1_1_1_02.png,s0014,08210,0,0,1,1,1,02
Open_Eyes/s0014_08234_0_0_1_1_1_02.png,s0014,08234,0,0,1,1,1,02
Open_Eyes/s0014_08235_0_0_1_1_0_02.png,s0014,08235,0,0,1,1,0,02
Open_Eyes/s0014_08236_0_0_1_1_1_02.png,s0014,08236,0,0,1,1,1,02
Open_Eyes/s0014_08237_0_0_1_1_0_02.png,s0014,08237,0,0,1,1,0,02
Open_Eyes/s0014_08238_0_0_1_1_1_02.png,s0014,08238,0,0,1,1,1,02
Open_Eyes/s0014_08239_0_0_1_1_0_02.png,s0014,08239,0,0,1,1,0,02
Open_Eyes/s0014_08240_0_0_1_1_1_02.png,s0014,08240,0,0,1,1,1,02
Open_Eyes/s0014_08241_0_0_1_1_0_02.png,s0014,08241,0,0,1,1,0,02
Open_Eyes/s0014_08242_0_0_1_1_1_02.png,s0014,08242,0,0,1,1,1,02
Open_Eyes/s0014_08243_0_0_1_1_0_02.png,s0014,08243,0,0,1,1,0,02
Open_Eyes/s0014_08244_0_0_1_1_1_02.png,s0014,08244,0,0,1,1,1,02
Open_Eyes/s0014_08245_0_0_1_1_0_02.png,s0014,08245,0,0,1,1,0,02
Open_Eyes/s0014_08246_0_0_1_1_1_02.png,s0014,08246,0,0,1,1,1,02
Open_Eyes/s0014_08247_0_0_1_1_0_02.png,s0014,08247,0,0,1,1,0,02
Open_Eyes/s0014_08248_0_0_1_1_1_02.png,s0014,08248,0,0,1,1,1,02
Open_Eyes/s0014_08305_0_0_1_1_0_02.png,s0014,08305,0,0,1,1,0,02
Open_Eyes/s0014_08306_0_0_1_1_1_02.png,s0014,08306,0,0,1,1,1,02
Open_Eyes/s0014_08307_0_0_1_1_0_02.png,s0014,08307,0,0,1,1,0,02
Open_Eyes/s0014_08308_0_0_1_1_1_02.png,s0014,08308,0,0,1,1,1,02
Open_Eyes/s0014_08309_0_0_1_1_0_02.png,s0014,08309,0,0,1,1,0,02
Open_Eyes/s0014_08310_0_0_1_0_1_02.png,s0014,08310,0,0,1,0,1,02
Open_Eyes/s0014_08311_0_0_1_1_0_02.png,s0014,08311,0,0,1,1,0,02
Open_Eyes/s0014_08312_0_0_1_1_1_02.png,s0014,08312,0,0,1,1,1,02
Open_Eyes/s0014_08313_0_0_1_1_0_02.png,s0014,08313,0,0,1,1,0,02
Open_Eyes/s0014_08314_0_0_1_1_1_02.png,s0014,08314,0,0,1,1,1,02
Open_Eyes/s0014_08315_0_0_1_1_0_02.png,s0014,08315,0,0,1,1,0,02
Open_Eyes/s0014_08316_0_0_1_1_1_02.png,s0014,08316,0,0,1,1,1,02
Open_Eyes/s0014_08317_0_0_1_1_0_02.png,s0014,08317,0,0,1,1,0,02
Open_Eyes/s0014_08318_0_0_1_1_1_02.png,s0014,08318,0,0,1,1,1,02
Open_Eyes/s0014_08319_0_0_1_1_0_02.png,s0014,08319,0,0,1,1,0,02
Open_Eyes/s0014_08320_0_0_1_1_1_02.png,s0014,08320,0,0,1,1,1,02
Open_Eyes/s0014_08321_0_0_1_1_0_02.png,s0014,08321,0,0,1,1,0,02
Open_Eyes/s0014_08322_0_0_1_1_1_02.png,s0014,08322,0,0,1,1,1,02
Open_Eyes/s0014_08323_0_0_1_1_0_02.png,s0014,08323,0,0,1,1,0,02
Open_Eyes/s0014_08324_0_0_1_1_1_02.png,s0014,08324,0,0,1,1,1,02
Open_Eyes/s0014_08325_0_0_1_1_0_02.png,s0014,08325,0,0,1,1,0,02
Open_Eyes/s0014_08326_0_0_1_1_1_02.png,s0014,08326,0,0,1,1,1,02
Open_Eyes/s0014_08327_0_0_1_1_0_02.png,s0014,08327,0,0,1,1,0,02
Open_Eyes/s0014_08328_0_0_1_1_1_02.png,s0014,08328,0,0,1,1,1,02
Open_Eyes/s0014_08329_0_0_1_1_0_02.png,s0014,08329,0,0,1,1,0,02
Open_Eyes/s0014_08330_0_0_1_1_1_02.png,s0014,08330,0,0,1,1,1,02
Open_Eyes/s0014_08331_0_0_1_1_0_02.png,s0014,08331,0,0,1,1,0,02
Open_Eyes/s0014_08332_0_0_1_1_1_02.png,s0014,08332,0,0,1,1,1,02
Open_Eyes/s0014_08345_0_0_1_1_0_02.png,s0014,08345,0,0,1,1,0,02
Open_Eyes/s0014_08346_0_0_1_1_1_02.png,s0014,08346,0,0,1,1,1,02
Open_Eyes/s0014_08347_0_0_1_1_0_02.png,s0014,08347,0,0,1,1,0,02
Open_Eyes/s0014_08348_0_0_1_1_1_02.png,s0014,08348,0,0,1,1,1,02
Open_Eyes/s0014_08349_0_0_1_1_0_02.png,s0014,08349,0,0,1,1,0,02
Open_Eyes/s0014_08350_0_0_1_1_1_02.png,s0014,08350,0,0,1,1,1,02
Open_Eyes/s0014_08351_0_0_1_1_0_02.png,s0014,08351,0,0,1,1,0,02
Open_Eyes/s0014_08352_0_0_1_1_1_02.png,s0014,08352,0,0,1,1,1,02
Open_Eyes/s0014_08353_0_0_1_1_0_02.png,s0014,08353,0,0,1,1,0,02
Open_Eyes/s0014_08354_0_0_1_1_1_02.png,s0014,08354,0,0,1,1,1,02
Open_Eyes/s0014_08355_0_0_1_1_0_02.png,s0014,08355,0,0,1,1,0,02
Open_Eyes/s0014_08356_0_0_1_1_1_02.png,s0014,08356,0,0,1,1,1,02
Open_Eyes/s0014_08357_0_0_1_1_0_02.png,s0014,08357,0,0,1,1,0,02
Open_Eyes/s0014_08358_0_0_1_1_1_02.png,s0014,08358,0,0,1,1,1,02
Open_Eyes/s0014_08359_0_0_1_1_0_02.png,s0014,08359,0,0,1,1,0,02
Open_Eyes/s0014_08360_0_0_1_1_1_02.png,s0014,08360,0,0,1,1,1,02
Open_Eyes/s0014_08361_0_0_1_1_0_02.png,s0014,08361,0,0,1,1,0,02
Open_Eyes/s0014_08362_0_0_1_1_1_02.png,s0014,08362,0,0,1,1,1,02
Open_Eyes/s0014_08363_0_0_1_1_0_02.png,s0014,08363,0,0,1,1,0,02
Open_Eyes/s0014_08364_0_0_1_1_1_02.png,s0014,08364,0,0,1,1,1,02
Open_Eyes/s0014_08446_0_0_1_1_1_02.png,s0014,08446,0,0,1,1,1,02
Open_Eyes/s0014_08447_0_0_1_1_0_02.png,s0014,08447,0,0,1,1,0,02
Open_Eyes/s0014_08448_0_0_1_1_1_02.png,s0014,08448,0,0,1,1,1,02
Open_Eyes/s0014_08449_0_0_1_1_0_02.png,s0014,08449,0,0,1,1,0,02
Open_Eyes/s0014_08450_0_0_1_1_1_02.png,s0014,08450,0,0,1,1,1,02
Open_Eyes/s0014_08451_0_0_1_1_0_02.png,s0014,08451,0,0,1,1,0,02
Open_Eyes/s0014_08452_0_0_1_1_1_02.png,s0014,08452,0,0,1,1,1,02
Open_Eyes/s0014_08453_0_0_1_1_0_02.png,s0014,08453,0,0,1,1,0,02
Open_Eyes/s0014_08454_0_0_1_1_1_02.png,s0014,08454,0,0,1,1,1,02
Open_Eyes/s0014_08455_0_0_1_1_0_02.png,s0014,08455,0,0,1,1,0,02
Open_Eyes/s0014_08456_0_0_1_1_1_02.png,s0014,08456,0,0,1,1,1,02
Open_Eyes/s0014_08457_0_0_1_1_0_02.png,s0014,08457,0,0,1,1,0,02
Open_Eyes/s0014_08458_0_0_1_1_1_02.png,s0014,08458,0,0,1,1,1,02
Open_Eyes/s0014_08470_0_0_1_1_1_02.png,s0014,08470,0,0,1,1,1,02
Open_Eyes/s0014_08471_0_0_1_1_0_02.png,s0014,08471,0,0,1,1,0,02
Open_Eyes/s0014_08472_0_0_1_1_1_02.png,s0014,08472,0,0,1,1,1,02
Open_Eyes/s0014_08473_0_0_1_1_0_02.png,s0014,08473,0,0,1,1,0,02
Open_Eyes/s0014_08474_0_0_1_1_1_02.png,s0014,08474,0,0,1,1,1,02
Open_Eyes/s0014_08475_0_0_1_1_0_02.png,s0014,08475,0,0,1,1,0,02
Open_Eyes/s0014_08476_0_0_1_1_1_02.png,s0014,08476,0,0,1,1,1,02
Open_Eyes/s0014_08477_0_0_1_1_0_02.png,s0014,08477,0,0,1,1,0,02
Open_Eyes/s0014_08478_0_0_1_1_1_02.png,s0014,08478,0,0,1,1,1,02
Open_Eyes/s0014_08479_0_0_1_1_0_02.png,s0014,08479,0,0,1,1,0,02
Open_Eyes/s0014_08480_0_0_1_1_1_02.png,s0014,08480,0,0,1,1,1,02
Open_Eyes/s0014_08481_0_0_1_1_0_02.png,s0014,08481,0,0,1,1,0,02
Open_Eyes/s0014_08482_0_0_1_1_1_02.png,s0014,08482,0,0,1,1,1,02
Open_Eyes/s0014_08483_0_0_1_1_0_02.png,s0014,08483,0,0,1,1,0,02
Open_Eyes/s0014_08484_0_0_1_1_1_02.png,s0014,08484,0,0,1,1,1,02
Open_Eyes/s0014_08485_0_0_1_1_0_02.png,s0014,08485,0,0,1,1,0,02
Open_Eyes/s0014_08486_0_0_1_1_1_02.png,s0014,08486,0,0,1,1,1,02
Open_Eyes/s0014_08487_0_0_1_1_0_02.png,s0014,08487,0,0,1,1,0,02
Open_Eyes/s0014_08488_0_0_1_1_1_02.png,s0014,08488,0,0,1,1,1,02
Open_Eyes/s0014_08489_0_0_1_1_0_02.png,s0014,08489,0,0,1,1,0,02
Open_Eyes/s0014_08490_0_0_1_1_1_02.png,s0014,08490,0,0,1,1,1,02
Open_Eyes/s0014_08491_0_0_1_1_0_02.png,s0014,08491,0,0,1,1,0,02
Open_Eyes/s0014_08492_0_0_1_1_1_02.png,s0014,08492,0,0,1,1,1,02
Open_Eyes/s0014_08493_0_0_1_1_0_02.png,s0014,08493,0,0,1,1,0,02
Open_Eyes/s0014_08494_0_0_1_1_1_02.png,s0014,08494,0,0,1,1,1,02
Open_Eyes/s0014_08495_0_0_1_1_0_02.png,s0014,08495,0,0,1,1,0,02
Open_Eyes/s0014_08496_0_0_1_1_1_02.png,s0014,08496,0,0,1,1,1,02
Open_Eyes/s0014_08497_0_0_1_1_0_02.png,s0014,08497,0,0,1,1,0,02
Open_Eyes/s0014_08498_0_0_1_1_1_02.png,s0014,08498,0,0,1,1,1,02
Open_Eyes/s0014_08499_0_0_1_1_0_02.png,s0014,08499,0,0,1,1,0,02
Open_Eyes/s0014_08500_0_0_1_1_1_02.png,s0014,08500,0,0,1,1,1,02
Open_Eyes/s0014_08501_0_0_1_1_0_02.png,s0014,08501,0,0,1,1,0,02
Open_Eyes/s0014_08502_0_0_1_1_1_02.png,s0014,08502,0,0,1,1,1,02
Open_Eyes/s0014_08503_0_0_1_1_0_02.png,s0014,08503,0,0,1,1,0,02
Open_Eyes/s0014_08504_0_0_1_1_1_02.png,s0014,08504,0,0,1,1,1,02
Open_Eyes/s0014_08505_0_0_1_1_0_02.png,s0014,08505,0,0,1,1,0,02
Open_Eyes/s0014_08506_0_0_1_1_1_02.png,s0014,08506,0,0,1,1,1,02
Open_Eyes/s0014_08507_0_0_1_1_0_02.png,s0014,08507,0,0,1,1,0,02
Open_Eyes/s0014_08508_0_0_1_1_1_02.png,s0014,08508,0,0,1,1,1,02
Closed_Eyes/s0015_00049_0_0_0_0_1_01.png,s0015,00049,0,0,0,0,1,01
Closed_Eyes/s0015_00050_0_0_0_0_1_01.png,s0015,00050,0,0,0,0,1,01
Closed_Eyes/s0015_00051_0_0_0_0_1_01.png,s0015,00051,0,0,0,0,1,01
Closed_Eyes/s0015_00052_0_0_0_0_1_01.png,s0015,00052,0,0,0,0,1,01
Closed_Eyes/s0015_00053_0_0_0_0_1_01.png,s0015,00053,0,0,0,0,1,01
Closed_Eyes/s0015_00054_0_0_0_0_1_01.png,s0015,00054,0,0,0,0,1,01
Closed_Eyes/s0015_00055_0_0_0_0_1_01.png,s0015,00055,0,0,0,0,1,01
Closed_Eyes/s0015_00056_0_0_0_0_1_01.png,s0015,00056,0,0,0,0,1,01
Closed_Eyes/s0015_00057_0_0_0_0_1_01.png,s0015,00057,0,0,0,0,1,01
Closed_Eyes/s0015_00058_0_0_0_0_1_01.png,s0015,00058,0,0,0,0,1,01
Closed_Eyes/s0015_00059_0_0_0_0_1_01.png,s0015,00059,0,0,0,0,1,01
Closed_Eyes/s0015_00072_0_0_0_0_1_01.png,s0015,00072,0,0,0,0,1,01
Closed_Eyes/s0015_00073_0_0_0_0_1_01.png,s0015,00073,0,0,0,0,1,01
Closed_Eyes/s0015_00074_0_0_0_0_1_01.png,s0015,00074,0,0,0,0,1,01
Closed_Eyes/s0015_00075_0_0_0_0_1_01.png,s0015,00075,0,0,0,0,1,01
Closed_Eyes/s0015_00076_0_0_0_0_1_01.png,s0015,00076,0,0,0,0,1,01
Closed_Eyes/s0015_00077_0_0_0_0_1_01.png,s0015,00077,0,0,0,0,1,01
Closed_Eyes/s0015_00090_0_0_0_0_1_01.png,s0015,00090,0,0,0,0,1,01
Closed_Eyes/s0015_00091_0_0_0_0_1_01.png,s0015,00091,0,0,0,0,1,01
Closed_Eyes/s0015_00092_0_0_0_0_1_01.png,s0015,00092,0,0,0,0,1,01
Closed_Eyes/s0015_00093_0_0_0_0_1_01.png,s0015,00093,0,0,0,0,1,01
Closed_Eyes/s0015_00094_0_0_0_0_1_01.png,s0015,00094,0,0,0,0,1,01
Closed_Eyes/s0015_00095_0_0_0_0_1_01.png,s0015,00095,0,0,0,0,1,01
Closed_Eyes/s0015_00096_0_0_0_0_1_01.png,s0015,00096,0,0,0,0,1,01
Closed_Eyes/s0015_00097_0_0_0_0_1_01.png,s0015,00097,0,0,0,0,1,01
Closed_Eyes/s0015_00098_0_0_0_0_1_01.png,s0015,00098,0,0,0,0,1,01
Closed_Eyes/s0015_00099_0_0_0_0_1_01.png,s0015,00099,0,0,0,0,1,01
Closed_Eyes/s0015_00100_0_0_0_0_1_01.png,s0015,00100,0,0,0,0,1,01
Closed_Eyes/s0015_00101_0_0_0_0_1_01.png,s0015,00101,0,0,0,0,1,01
Closed_Eyes/s0015_00138_0_0_0_0_1_01.png,s0015,00138,0,0,0,0,1,01
Closed_Eyes/s0015_00139_0_0_0_0_1_01.png,s0015,00139,0,0,0,0,1,01
Closed_Eyes/s0015_00140_0_0_0_0_1_01.png,s0015,00140,0,0,0,0,1,01
Closed_Eyes/s0015_00141_0_0_0_0_1_01.png,s0015,00141,0,0,0,0,1,01
Closed_Eyes/s0015_00142_0_0_0_0_1_01.png,s0015,00142,0,0,0,0,1,01
Closed_Eyes/s0015_00143_0_0_0_0_1_01.png,s0015,00143,0,0,0,0,1,01
Closed_Eyes/s0015_00144_0_0_0_0_1_01.png,s0015,00144,0,0,0,0,1,01
Closed_Eyes/s0015_00145_0_0_0_0_1_01.png,s0015,00145,0,0,0,0,1,01
Closed_Eyes/s0015_00146_0_0_0_0_1_01.png,s0015,00146,0,0,0,0,1,01
Closed_Eyes/s0015_00147_0_0_0_0_1_01.png,s0015,00147,0,0,0,0,1,01
Closed_Eyes/s0015_00148_0_0_0_0_1_01.png,s0015,00148,0,0,0,0,1,01
Closed_Eyes/s0015_00149_0_0_0_0_1_01.png,s0015,00149,0,0,0,0,1,01
Closed_Eyes/s0015_00150_0_0_0_0_1_01.png,s0015,00150,0,0,0,0,1,01
Closed_Eyes/s0015_00151_0_0_0_0_1_01.png,s0015,00151,0,0,0,0,1,01
Closed_Eyes/s0015_00152_0_0_0_0_1_01.png,s0015,00152,0,0,0,0,1,01
Closed_Eyes/s0015_00153_0_0_0_0_1_01.png,s0015,00153,0,0,0,0,1,01
Closed_Eyes/s0015_00154_0_0_0_0_1_01.png,s0015,00154,0,0,0,0,1,01
Closed_Eyes/s0015_00155_0_0_0_0_1_01.png,s0015,00155,0,0,0,0,1,01
Closed_Eyes/s0015_00156_0_0_0_0_1_01.png,s0015,00156,0,0,0,0,1,01
Closed_Eyes/s0015_00157_0_0_0_0_1_01.png,s0015,00157,0,0,0,0,1,01
Closed_Eyes/s0015_00158_0_0_0_0_1_01.png,s0015,00158,0,0,0,0,1,01
Closed_Eyes/s0015_00161_0_0_0_0_1_01.png,s0015,00161,0,0,0,0,1,01
Closed_Eyes/s0015_00162_0_0_0_0_1_01.png,s0015,00162,0,0,0,0,1,01
Closed_Eyes/s0015_00163_0_0_0_0_1_01.png,s0015,00163,0,0,0,0,1,01
Closed_Eyes/s0015_00164_0_0_0_0_1_01.png,s0015,00164,0,0,0,0,1,01
Closed_Eyes/s0015_00165_0_0_0_0_1_01.png,s0015,00165,0,0,0,0,1,01
Closed_Eyes/s0015_00189_0_0_0_0_1_01.png,s0015,00189,0,0,0,0,1,01
Closed_Eyes/s0015_00190_0_0_0_0_1_01.png,s0015,00190,0,0,0,0,1,01
Closed_Eyes/s0015_00191_0_0_0_0_1_01.png,s0015,00191,0,0,0,0,1,01
Closed_Eyes/s0015_00192_0_0_0_0_1_01.png,s0015,00192,0,0,0,0,1,01
Closed_Eyes/s0015_00193_0_0_0_0_1_01.png,s0015,00193,0,0,0,0,1,01
Closed_Eyes/s0015_00194_0_0_0_0_1_01.png,s0015,00194,0,0,0,0,1,01
Closed_Eyes/s0016_00001_1_0_0_0_1_01.png,s0016,00001,1,0,0,0,1,01
Closed_Eyes/s0016_00002_1_0_0_1_1_01.png,s0016,00002,1,0,0,1,1,01
Closed_Eyes/s0016_00003_1_0_0_0_1_01.png,s0016,00003,1,0,0,0,1,01
Closed_Eyes/s0016_00004_1_0_0_0_1_01.png,s0016,00004,1,0,0,0,1,01
Closed_Eyes/s0016_00005_1_0_0_0_1_01.png,s0016,00005,1,0,0,0,1,01
Closed_Eyes/s0016_00006_1_0_0_0_1_01.png,s0016,00006,1,0,0,0,1,01
Closed_Eyes/s0016_00007_1_0_0_0_1_01.png,s0016,00007,1,0,0,0,1,01
Closed_Eyes/s0016_00008_1_0_0_0_1_01.png,s0016,00008,1,0,0,0,1,01
Closed_Eyes/s0016_00009_1_0_0_0_1_01.png,s0016,00009,1,0,0,0,1,01
Closed_Eyes/s0016_00010_1_0_0_0_1_01.png,s0016,00010,1,0,0,0,1,01
Closed_Eyes/s0016_00011_1_0_0_0_1_01.png,s0016,00011,1,0,0,0,1,01
Closed_Eyes/s0016_00012_1_0_0_0_1_01.png,s0016,00012,1,0,0,0,1,01
Closed_Eyes/s0016_00013_1_0_0_0_1_01.png,s0016,00013,1,0,0,0,1,01
Closed_Eyes/s0016_00014_1_0_0_0_1_01.png,s0016,00014,1,0,0,0,1,01
Closed_Eyes/s0016_00015_1_0_0_0_1_01.png,s0016,00015,1,0,0,0,1,01
Closed_Eyes/s0016_00016_1_0_0_0_1_01.png,s0016,00016,1,0,0,0,1,01
Closed_Eyes/s0016_00017_1_0_0_0_1_01.png,s0016,00017,1,0,0,0,1,01
Closed_Eyes/s0016_00018_1_0_0_0_1_01.png,s0016,00018,1,0,0,0,1,01
Closed_Eyes/s0016_00019_1_0_0_0_1_01.png,s0016,00019,1,0,0,0,1,01
Closed_Eyes/s0016_00020_1_0_0_0_1_01.png,s0016,00020,1,0,0,0,1,01
Closed_Eyes/s0016_00021_1_0_0_0_1_01.png,s0016,00021,1,0,0,0,1,01
Closed_Eyes/s0016_00022_1_0_0_0_1_01.png,s0016,00022,1,0,0,0,1,01
Closed_Eyes/s0016_00023_1_0_0_0_1_01.png,s0016,00023,1,0,0,0,1,01
Closed_Eyes/s0016_00024_1_0_0_0_1_01.png,s0016,00024,1,0,0,0,1,01
Closed_Eyes/s0016_00025_1_0_0_0_1_01.png,s0016,00025,1,0,0,0,1,01
Closed_Eyes/s0016_00026_1_0_0_0_1_01.png,s0016,00026,1,0,0,0,1,01
Closed_Eyes/s0016_00027_1_0_0_0_1_01.png,s0016,00027,1,0,0,0,1,01
Closed_Eyes/s0016_00028_1_0_0_0_1_01.png,s0016,00028,1,0,0,0,1,01
Closed_Eyes/s0016_00029_1_0_0_0_1_01.png,s0016,00029,1,0,0,0,1,01
Closed_Eyes/s0016_00030_1_0_0_0_1_01.png,s0016,00030,1,0,0,0,1,01
Closed_Eyes/s0016_00031_1_0_0_0_1_01.png,s0016,00031,1,0,0,0,1,01
Closed_Eyes/s0016_00032_1_0_0_0_1_01.png,s0016,00032,1,0,0,0,1,01
Closed_Eyes/s0016_00033_1_0_0_0_1_01.png,s0016,00033,1,0,0,0,1,01
Closed_Eyes/s0016_00034_1_0_0_0_1_01.png,s0016,00034,1,0,0,0,1,01
Closed_Eyes/s0016_00035_1_0_0_0_1_01.png,s0016,00035,1,0,0,0,1,01
Closed_Eyes/s0016_00036_1_0_0_0_1_01.png,s0016,00036,1,0,0,0,1,01
Closed_Eyes/s0016_00037_1_0_0_0_1_01.png,s0016,00037,1,0,0,0,1,01
Closed_Eyes/s0016_00038_1_0_0_0_1_01.png,s0016,00038,1,0,0,0,1,01
Closed_Eyes/s0016_00039_1_0_0_0_1_01.png,s0016,00039,1,0,0,0,1,01
Closed_Eyes/s0016_00040_1_0_0_0_1_01.png,s0016,00040,1,0,0,0,1,01
Closed_Eyes/s0016_00041_1_0_0_0_1_01.png,s0016,00041,1,0,0,0,1,01
Closed_Eyes/s0016_00042_1_0_0_0_1_01.png,s0016,00042,1,0,0,0,1,01
Closed_Eyes/s0016_00043_1_0_0_0_1_01.png,s0016,00043,1,0,0,0,1,01
Closed_Eyes/s0016_00044_1_0_0_0_1_01.png,s0016,00044,1,0,0,0,1,01
Closed_Eyes/s0016_00045_1_0_0_0_1_01.png,s0016,00045,1,0,0,0,1,01
Closed_Eyes/s0016_00046_1_0_0_0_1_01.png,s0016,00046,1,0,0,0,1,01
Closed_Eyes/s0016_00047_1_0_0_0_1_01.png,s0016,00047,1,0,0,0,1,01
Closed_Eyes/s0016_00048_1_0_0_0_1_01.png,s0016,00048,1,0,0,0,1,01
Closed_Eyes/s0016_00062_1_0_0_0_1_01.png,s0016,00062,1,0,0,0,1,01
Closed_Eyes/s0016_00158_1_0_0_0_1_01.png,s0016,00158,1,0,0,0,1,01
Closed_Eyes/s0016_00159_1_0_0_0_1_01.png,s0016,00159,1,0,0,0,1,01
Closed_Eyes/s0016_00160_1_0_0_0_1_01.png,s0016,00160,1,0,0,0,1,01
Closed_Eyes/s0016_00161_1_0_0_0_1_01.png,s0016,00161,1,0,0,0,1,01
Closed_Eyes/s0016_00162_1_0_0_0_1_01.png,s0016,00162,1,0,0,0,1,01
Closed_Eyes/s0016_00163_1_0_0_0_1_01.png,s0016,00163,1,0,0,0,1,01
Closed_Eyes/s0016_00164_1_0_0_0_1_01.png,s0016,00164,1,0,0,0,1,01
Closed_Eyes/s0016_00165_1_0_0_1_1_01.png,s0016,00165,1,0,0,1,1,01
Closed_Eyes/s0016_00166_1_0_0_0_1_01.png,s0016,00166,1,0,0,0,1,01
Closed_Eyes/s0016_00167_1_0_0_0_1_01.png,s0016,00167,1,0,0,0,1,01
Closed_Eyes/s0016_00168_1_0_0_0_1_01.png,s0016,00168,1,0,0,0,1,01
Closed_Eyes/s0016_00169_1_0_0_0_1_01.png,s0016,00169,1,0,0,0,1,01
Closed_Eyes/s0016_00170_1_0_0_0_1_01.png,s0016,00170,1,0,0,0,1,01
Closed_Eyes/s0016_00171_1_0_0_0_1_01.png,s0016,00171,1,0,0,0,1,01
Closed_Eyes/s0016_00172_1_0_0_0_1_01.png,s0016,00172,1,0,0,0,1,01
Closed_Eyes/s0016_00173_1_0_0_0_1_01.png,s0016,00173,1,0,0,0,1,01
Closed_Eyes/s0016_00174_1_0_0_0_1_01.png,s0016,00174,1,0,0,0,1,01
Closed_Eyes/s0016_00175_1_0_0_0_1_01.png,s0016,00175,1,0,0,0,1,01
Closed_Eyes/s0016_00176_1_0_0_0_1_01.png,s0016,00176,1,0,0,0,1,01
Closed_Eyes/s0016_00177_1_0_0_0_1_01.png,s0016,00177,1,0,0,0,1,01
Closed_Eyes/s0016_00178_1_0_0_0_1_01.png,s0016,00178,1,0,0,0,1,01
Closed_Eyes/s0016_00179_1_0_0_0_1_01.png,s0016,00179,1,0,0,0,1,01
Closed_Eyes/s0016_00180_1_0_0_0_1_01.png,s0016,00180,1,0,0,0,1,01
Closed_Eyes/s0016_00193_1_0_0_0_1_01.png,s0016,00193,1,0,0,0,1,01
Closed_Eyes/s0016_00194_1_0_0_0_1_01.png,s0016,00194,1,0,0,0,1,01
Closed_Eyes/s0016_00195_1_0_0_0_1_01.png,s0016,00195,1,0,0,0,1,01
Closed_Eyes/s0016_00196_1_0_0_0_1_01.png,s0016,00196,1,0,0,0,1,01
Closed_Eyes/s0016_00197_1_0_0_0_1_01.png,s0016,00197,1,0,0,0,1,01
Closed_Eyes/s0016_00198_1_0_0_0_1_01.png,s0016,00198,1,0,0,0,1,01
Closed_Eyes/s0016_00199_1_0_0_0_1_01.png,s0016,00199,1,0,0,0,1,01
Closed_Eyes/s0016_00200_1_0_0_0_1_01.png,s0016,00200,1,0,0,0,1,01
Closed_Eyes/s0016_00201_1_0_0_0_1_01.png,s0016,00201,1,0,0,0,1,01
Closed_Eyes/s0016_00202_1_0_0_0_1_01.png,s0016,00202,1,0,0,0,1,01
Closed_Eyes/s0016_00203_1_0_0_0_1_01.png,s0016,00203,1,0,0,0,1,01
Closed_Eyes/s0016_00204_1_0_0_0_1_01.png,s0016,00204,1,0,0,0,1,01
Closed_Eyes/s0016_00205_1_0_0_0_1_01.png,s0016,00205,1,0,0,0,1,01
Closed_Eyes/s0016_00206_1_0_0_1_1_01.png,s0016,00206,1,0,0,1,1,01
Closed_Eyes/s0016_00207_1_0_0_0_1_01.png,s0016,00207,1,0,0,0,1,01
Closed_Eyes/s0016_00208_1_0_0_0_1_01.png,s0016,00208,1,0,0,0,1,01
Closed_Eyes/s0016_00209_1_0_0_0_1_01.png,s0016,00209,1,0,0,0,1,01
Closed_Eyes/s0016_00210_1_0_0_0_1_01.png,s0016,00210,1,0,0,0,1,01
Closed_Eyes/s0016_00211_1_0_0_0_1_01.png,s0016,00211,1,0,0,0,1,01
Closed_Eyes/s0016_00212_1_0_0_0_1_01.png,s0016,00212,1,0,0,0,1,01
Closed_Eyes/s0016_00213_1_0_0_0_1_01.png,s0016,00213,1,0,0,0,1,01
Closed_Eyes/s0016_00214_1_0_0_0_1_01.png,s0016,00214,1,0,0,0,1,01
Closed_Eyes/s0016_00215_1_0_0_0_1_01.png,s0016,00215,1,0,0,0,1,01
Closed_Eyes/s0016_00216_1_0_0_0_1_01.png,s0016,00216,1,0,0,0,1,01
Closed_Eyes/s0016_00217_1_0_0_0_1_01.png,s0016,00217,1,0,0,0,1,01
Closed_Eyes/s0016_00218_1_0_0_0_1_01.png,s0016,00218,1,0,0,0,1,01
Closed_Eyes/s0016_00219_1_0_0_0_1_01.png,s0016,00219,1,0,0,0,1,01
Closed_Eyes/s0016_00220_1_0_0_0_1_01.png,s0016,00220,1,0,0,0,1,01
Closed_Eyes/s0016_00221_1_0_0_0_1_01.png,s0016,00221,1,0,0,0,1,01
Closed_Eyes/s0016_00223_1_0_0_0_1_01.png,s0016,00223,1,0,0,0,1,01
Closed_Eyes/s0016_00224_1_0_0_0_1_01.png,s0016,00224,1,0,0,0,1,01
Closed_Eyes/s0016_00225_1_0_0_0_1_01.png,s0016,00225,1,0,0,0,1,01
Closed_Eyes/s0016_00226_1_0_0_0_1_01.png,s0016,00226,1,0,0,0,1,01
Closed_Eyes/s0016_00227_1_0_0_1_1_01.png,s0016,00227,1,0,0,1,1,01
Closed_Eyes/s0016_00228_1_0_0_0_1_01.png,s0016,00228,1,0,0,0,1,01
Closed_Eyes/s0016_00229_1_0_0_0_1_01.png,s0016,00229,1,0,0,0,1,01
Closed_Eyes/s0016_00230_1_0_0_0_1_01.png,s0016,00230,1,0,0,0,1,01
Closed_Eyes/s0016_00231_1_0_0_0_1_01.png,s0016,00231,1,0,0,0,1,01
Closed_Eyes/s0016_00232_1_0_0_0_1_01.png,s0016,00232,1,0,0,0,1,01
Closed_Eyes/s0016_00234_1_0_0_0_1_01.png,s0016,00234,1,0,0,0,1,01
Closed_Eyes/s0016_00235_1_0_0_0_1_01.png,s0016,00235,1,0,0,0,1,01
Closed_Eyes/s0016_00236_1_0_0_0_1_01.png,s0016,00236,1,0,0,0,1,01
Closed_Eyes/s0016_00237_1_0_0_0_1_01.png,s0016,00237,1,0,0,0,1,01
Closed_Eyes/s0016_00250_1_0_0_0_1_01.png,s0016,00250,1,0,0,0,1,01
Closed_Eyes/s0016_00251_1_0_0_0_1_01.png,s0016,00251,1,0,0,0,1,01
Closed_Eyes/s0016_00252_1_0_0_0_1_01.png,s0016,00252,1,0,0,0,1,01
Closed_Eyes/s0016_00253_1_0_0_0_1_01.png,s0016,00253,1,0,0,0,1,01
Closed_Eyes/s0016_00254_1_0_0_0_1_01.png,s0016,00254,1,0,0,0,1,01
Closed_Eyes/s0016_00255_1_0_0_0_1_01.png,s0016,00255,1,0,0,0,1,01
Closed_Eyes/s0016_00256_1_0_0_0_1_01.png,s0016,00256,1,0,0,0,1,01
Closed_Eyes/s0016_00257_1_0_0_0_1_01.png,s0016,00257,1,0,0,0,1,01
Closed_Eyes/s0016_00258_1_0_0_0_1_01.png,s0016,00258,1,0,0,0,1,01
Closed_Eyes/s0016_00259_1_0_0_0_1_01.png,s0016,00259,1,0,0,0,1,01
Closed_Eyes/s0016_00260_1_0_0_0_1_01.png,s0016,00260,1,0,0,0,1,01
Closed_Eyes/s0016_00261_1_0_0_0_1_01.png,s0016,00261,1,0,0,0,1,01
Closed_Eyes/s0016_00262_1_0_0_0_1_01.png,s0016,00262,1,0,0,0,1,01
Closed_Eyes/s0016_00263_1_0_0_0_1_01.png,s0016,00263,1,0,0,0,1,01
Closed_Eyes/s0016_00264_1_0_0_0_1_01.png,s0016,00264,1,0,0,0,1,01
Closed_Eyes/s0016_00265_1_0_0_0_1_01.png,s0016,00265,1,0,0,0,1,01
Closed_Eyes/s0016_00266_1_0_0_0_1_01.png,s0016,00266,1,0,0,0,1,01
Closed_Eyes/s0016_00267_1_0_0_0_0_01.png,s0016,00267,1,0,0,0,0,01
Closed_Eyes/s0016_00268_1_0_0_0_1_01.png,s0016,00268,1,0,0,0,1,01
Closed_Eyes/s0016_00269_1_0_0_0_1_01.png,s0016,00269,1,0,0,0,1,01
Closed_Eyes/s0016_00270_1_0_0_0_1_01.png,s0016,00270,1,0,0,0,1,01
Closed_Eyes/s0016_00271_1_0_0_0_1_01.png,s0016,00271,1,0,0,0,1,01
Closed_Eyes/s0016_00272_1_0_0_0_1_01.png,s0016,00272,1,0,0,0,1,01
Closed_Eyes/s0016_00273_1_0_0_0_1_01.png,s0016,00273,1,0,0,0,1,01
Closed_Eyes/s0016_00274_1_0_0_0_1_01.png,s0016,00274,1,0,0,0,1,01
Closed_Eyes/s0016_00275_1_0_0_0_1_01.png,s0016,00275,1,0,0,0,1,01
Closed_Eyes/s0016_00276_1_0_0_0_1_01.png,s0016,00276,1,0,0,0,1,01
Closed_Eyes/s0016_00277_1_0_0_1_1_01.png,s0016,00277,1,0,0,1,1,01
Closed_Eyes/s0016_00278_1_0_0_0_1_01.png,s0016,00278,1,0,0,0,1,01
Closed_Eyes/s0016_00291_1_0_0_1_1_01.png,s0016,00291,1,0,0,1,1,01
Closed_Eyes/s0016_00292_1_0_0_0_1_01.png,s0016,00292,1,0,0,0,1,01
Closed_Eyes/s0016_00293_1_0_0_1_1_01.png,s0016,00293,1,0,0,1,1,01
Closed_Eyes/s0016_00294_1_0_0_0_1_01.png,s0016,00294,1,0,0,0,1,01
Closed_Eyes/s0016_00295_1_0_0_1_1_01.png,s0016,00295,1,0,0,1,1,01
Closed_Eyes/s0016_00296_1_0_0_1_1_01.png,s0016,00296,1,0,0,1,1,01
Closed_Eyes/s0016_00297_1_0_0_0_1_01.png,s0016,00297,1,0,0,0,1,01
Closed_Eyes/s0016_00298_1_0_0_1_1_01.png,s0016,00298,1,0,0,1,1,01
Closed_Eyes/s0016_00299_1_0_0_0_1_01.png,s0016,00299,1,0,0,0,1,01
Closed_Eyes/s0016_00300_1_0_0_1_1_01.png,s0016,00300,1,0,0,1,1,01
Closed_Eyes/s0016_00301_1_0_0_0_1_01.png,s0016,00301,1,0,0,0,1,01
Closed_Eyes/s0016_00302_1_0_0_1_1_01.png,s0016,00302,1,0,0,1,1,01
Closed_Eyes/s0016_00303_1_0_0_0_1_01.png,s0016,00303,1,0,0,0,1,01
Closed_Eyes/s0016_00304_1_0_0_0_1_01.png,s0016,00304,1,0,0,0,1,01
Closed_Eyes/s0016_00305_1_0_0_1_1_01.png,s0016,00305,1,0,0,1,1,01
Closed_Eyes/s0016_00306_1_0_0_0_1_01.png,s0016,00306,1,0,0,0,1,01
Closed_Eyes/s0016_00307_1_0_0_1_1_01.png,s0016,00307,1,0,0,1,1,01
Closed_Eyes/s0016_00308_1_0_0_0_1_01.png,s0016,00308,1,0,0,0,1,01
Closed_Eyes/s0016_00309_1_0_0_1_1_01.png,s0016,00309,1,0,0,1,1,01
Closed_Eyes/s0016_00310_1_0_0_0_1_01.png,s0016,00310,1,0,0,0,1,01
Closed_Eyes/s0016_00311_1_0_0_1_1_01.png,s0016,00311,1,0,0,1,1,01
Closed_Eyes/s0016_00312_1_0_0_0_1_01.png,s0016,00312,1,0,0,0,1,01
Closed_Eyes/s0016_00313_1_0_0_1_1_01.png,s0016,00313,1,0,0,1,1,01
Closed_Eyes/s0016_00314_1_0_0_0_1_01.png,s0016,00314,1,0,0,0,1,01
Closed_Eyes/s0016_00315_1_0_0_0_1_01.png,s0016,00315,1,0,0,0,1,01
Closed_Eyes/s0016_00316_1_0_0_1_1_01.png,s0016,00316,1,0,0,1,1,01
Closed_Eyes/s0016_00317_1_0_0_0_1_01.png,s0016,00317,1,0,0,0,1,01
Closed_Eyes/s0016_00318_1_0_0_1_1_01.png,s0016,00318,1,0,0,1,1,01
Closed_Eyes/s0016_00319_1_0_0_0_1_01.png,s0016,00319,1,0,0,0,1,01
Closed_Eyes/s0016_00320_1_0_0_1_1_01.png,s0016,00320,1,0,0,1,1,01
Closed_Eyes/s0016_00321_1_0_0_0_1_01.png,s0016,00321,1,0,0,0,1,01
Closed_Eyes/s0016_00323_1_0_0_1_1_01.png,s0016,00323,1,0,0,1,1,01
Closed_Eyes/s0016_00324_1_0_0_0_1_01.png,s0016,00324,1,0,0,0,1,01
Closed_Eyes/s0016_00325_1_0_0_0_1_01.png,s0016,00325,1,0,0,0,1,01
Closed_Eyes/s0016_00326_1_0_0_1_1_01.png,s0016,00326,1,0,0,1,1,01
Closed_Eyes/s0016_00327_1_0_0_0_1_01.png,s0016,00327,1,0,0,0,1,01
Closed_Eyes/s0016_00328_1_0_0_1_1_01.png,s0016,00328,1,0,0,1,1,01
Closed_Eyes/s0016_00329_1_0_0_0_1_01.png,s0016,00329,1,0,0,0,1,01
Closed_Eyes/s0016_00330_1_0_0_1_1_01.png,s0016,00330,1,0,0,1,1,01
Closed_Eyes/s0016_00331_1_0_0_0_1_01.png,s0016,00331,1,0,0,0,1,01
Closed_Eyes/s0016_00332_1_0_0_1_1_01.png,s0016,00332,1,0,0,1,1,01
Closed_Eyes/s0016_00333_1_0_0_0_1_01.png,s0016,00333,1,0,0,0,1,01
Closed_Eyes/s0016_00334_1_0_0_0_1_01.png,s0016,00334,1,0,0,0,1,01
Closed_Eyes/s0016_00335_1_0_0_0_1_01.png,s0016,00335,1,0,0,0,1,01
Closed_Eyes/s0016_00336_1_0_0_1_1_01.png,s0016,00336,1,0,0,1,1,01
Closed_Eyes/s0016_00337_1_0_0_0_1_01.png,s0016,00337,1,0,0,0,1,01
Closed_Eyes/s0016_00338_1_0_0_0_1_01.png,s0016,00338,1,0,0,0,1,01
Closed_Eyes/s0016_00339_1_0_0_0_1_01.png,s0016,00339,1,0,0,0,1,01
Closed_Eyes/s0016_00340_1_0_0_0_1_01.png,s0016,00340,1,0,0,0,1,01
Closed_Eyes/s0016_00341_1_0_0_0_1_01.png,s0016,00341,1,0,0,0,1,01
Closed_Eyes/s0016_00342_1_0_0_0_1_01.png,s0016,00342,1,0,0,0,1,01
Closed_Eyes/s0016_00343_1_0_0_0_1_01.png,s0016,00343,1,0,0,0,1,01
Closed_Eyes/s0016_00344_1_0_0_0_1_01.png,s0016,00344,1,0,0,0,1,01
Closed_Eyes/s0016_00345_1_0_0_0_1_01.png,s0016,00345,1,0,0,0,1,01
Closed_Eyes/s0016_00346_1_0_0_0_1_01.png,s0016,00346,1,0,0,0,1,01
Closed_Eyes/s0016_00347_1_0_0_0_1_01.png,s0016,00347,1,0,0,0,1,01
Closed_Eyes/s0016_00372_1_0_0_0_1_01.png,s0016,00372,1,0,0,0,1,01
Closed_Eyes/s0016_00373_1_0_0_0_1_01.png,s0016,00373,1,0,0,0,1,01
Closed_Eyes/s0016_00374_1_0_0_0_1_01.png,s0016,00374,1,0,0,0,1,01
Closed_Eyes/s0016_00375_1_0_0_0_1_01.png,s0016,00375,1,0,0,0,1,01
Closed_Eyes/s0016_00376_1_0_0_0_1_01.png,s0016,00376,1,0,0,0,1,01
Closed_Eyes/s0016_00377_1_0_0_1_1_01.png,s0016,00377,1,0,0,1,1,01
Closed_Eyes/s0016_00378_1_0_0_0_1_01.png,s0016,00378,1,0,0,0,1,01
Closed_Eyes/s0016_00379_1_0_0_0_1_01.png,s0016,00379,1,0,0,0,1,01
Closed_Eyes/s0016_00380_1_0_0_0_1_01.png,s0016,00380,1,0,0,0,1,01
Closed_Eyes/s0016_00381_1_0_0_0_1_01.png,s0016,00381,1,0,0,0,1,01
Closed_Eyes/s0016_00382_1_0_0_0_1_01.png,s0016,00382,1,0,0,0,1,01
Closed_Eyes/s0016_00383_1_0_0_0_1_01.png,s0016,00383,1,0,0,0,1,01
Closed_Eyes/s0016_00384_1_0_0_0_1_01.png,s0016,00384,1,0,0,0,1,01
Closed_Eyes/s0016_00385_1_0_0_0_1_01.png,s0016,00385,1,0,0,0,1,01
Closed_Eyes/s0016_00386_1_0_0_0_1_01.png,s0016,00386,1,0,0,0,1,01
Closed_Eyes/s0016_00387_1_0_0_0_1_01.png,s0016,00387,1,0,0,0,1,01
Closed_Eyes/s0016_00388_1_0_0_0_1_01.png,s0016,00388,1,0,0,0,1,01
Closed_Eyes/s0016_00389_1_0_0_0_1_01.png,s0016,00389,1,0,0,0,1,01
Closed_Eyes/s0016_00390_1_0_0_0_1_01.png,s0016,00390,1,0,0,0,1,01
Closed_Eyes/s0016_00391_1_0_0_0_1_01.png,s0016,00391,1,0,0,0,1,01
Closed_Eyes/s0016_00392_1_0_0_0_1_01.png,s0016,00392,1,0,0,0,1,01
Closed_Eyes/s0016_00393_1_0_0_0_1_01.png,s0016,00393,1,0,0,0,1,01
Closed_Eyes/s0016_00394_1_0_0_0_1_01.png,s0016,00394,1,0,0,0,1,01
Closed_Eyes/s0016_00395_1_0_0_0_1_01.png,s0016,00395,1,0,0,0,1,01
Closed_Eyes/s0016_00396_1_0_0_0_1_01.png,s0016,00396,1,0,0,0,1,01
Closed_Eyes/s0016_00397_1_0_0_0_1_01.png,s0016,00397,1,0,0,0,1,01
Closed_Eyes/s0016_00398_1_0_0_0_1_01.png,s0016,00398,1,0,0,0,1,01
Closed_Eyes/s0016_00399_1_0_0_0_1_01.png,s0016,00399,1,0,0,0,1,01
Closed_Eyes/s0016_00400_1_0_0_1_1_01.png,s0016,00400,1,0,0,1,1,01
Closed_Eyes/s0016_00401_1_0_0_0_1_01.png,s0016,00401,1,0,0,0,1,01
Closed_Eyes/s0016_00402_1_0_0_0_1_01.png,s0016,00402,1,0,0,0,1,01
Closed_Eyes/s0016_00403_1_0_0_0_1_01.png,s0016,00403,1,0,0,0,1,01
Closed_Eyes/s0016_00407_1_0_0_1_1_01.png,s0016,00407,1,0,0,1,1,01
Closed_Eyes/s0016_00409_1_0_0_0_1_01.png,s0016,00409,1,0,0,0,1,01
Closed_Eyes/s0016_00413_1_0_0_1_1_01.png,s0016,00413,1,0,0,1,1,01
Closed_Eyes/s0016_00414_1_0_0_0_1_01.png,s0016,00414,1,0,0,0,1,01
Closed_Eyes/s0016_00415_1_0_0_0_1_01.png,s0016,00415,1,0,0,0,1,01
Closed_Eyes/s0016_00416_1_0_0_0_1_01.png,s0016,00416,1,0,0,0,1,01
Closed_Eyes/s0016_00417_1_0_0_0_1_01.png,s0016,00417,1,0,0,0,1,01
Closed_Eyes/s0016_00418_1_0_0_0_1_01.png,s0016,00418,1,0,0,0,1,01
Closed_Eyes/s0016_00419_1_0_0_0_1_01.png,s0016,00419,1,0,0,0,1,01
Closed_Eyes/s0016_00420_1_0_0_0_1_01.png,s0016,00420,1,0,0,0,1,01
Closed_Eyes/s0016_00421_1_0_0_0_1_01.png,s0016,00421,1,0,0,0,1,01
Closed_Eyes/s0016_00425_1_0_0_0_1_01.png,s0016,00425,1,0,0,0,1,01
Closed_Eyes/s0016_00426_1_0_0_0_1_01.png,s0016,00426,1,0,0,0,1,01
Closed_Eyes/s0016_00427_1_0_0_0_1_01.png,s0016,00427,1,0,0,0,1,01
Closed_Eyes/s0016_00428_1_0_0_0_1_01.png,s0016,00428,1,0,0,0,1,01
Closed_Eyes/s0016_00429_1_0_0_0_1_01.png,s0016,00429,1,0,0,0,1,01
Closed_Eyes/s0016_00430_1_0_0_0_1_01.png,s0016,00430,1,0,0,0,1,01
Closed_Eyes/s0016_00431_1_0_0_0_1_01.png,s0016,00431,1,0,0,0,1,01
Closed_Eyes/s0016_00432_1_0_0_0_1_01.png,s0016,00432,1,0,0,0,1,01
Closed_Eyes/s0016_00433_1_0_0_0_1_01.png,s0016,00433,1,0,0,0,1,01
Closed_Eyes/s0016_00437_1_0_0_0_1_01.png,s0016,00437,1,0,0,0,1,01
Closed_Eyes/s0016_00438_1_0_0_0_0_01.png,s0016,00438,1,0,0,0,0,01
Closed_Eyes/s0016_00439_1_0_0_0_0_01.png,s0016,00439,1,0,0,0,0,01
Closed_Eyes/s0016_00440_1_0_0_0_0_01.png,s0016,00440,1,0,0,0,0,01
Closed_Eyes/s0016_00441_1_0_0_0_0_01.png,s0016,00441,1,0,0,0,0,01
Closed_Eyes/s0016_00442_1_0_0_0_1_01.png,s0016,00442,1,0,0,0,1,01
Closed_Eyes/s0016_00443_1_0_0_0_0_01.png,s0016,00443,1,0,0,0,0,01
Closed_Eyes/s0016_00444_1_0_0_0_0_01.png,s0016,00444,1,0,0,0,0,01
Closed_Eyes/s0016_00445_1_0_0_0_1_01.png,s0016,00445,1,0,0,0,1,01
Closed_Eyes/s0016_00446_1_0_0_0_0_01.png,s0016,00446,1,0,0,0,0,01
Closed_Eyes/s0016_00447_1_0_0_0_0_01.png,s0016,00447,1,0,0,0,0,01
Closed_Eyes/s0016_00448_1_0_0_0_1_01.png,s0016,00448,1,0,0,0,1,01
Closed_Eyes/s0016_00449_1_0_0_0_0_01.png,s0016,00449,1,0,0,0,0,01
Closed_Eyes/s0016_00450_1_0_0_0_0_01.png,s0016,00450,1,0,0,0,0,01
Closed_Eyes/s0016_00451_1_0_0_0_0_01.png,s0016,00451,1,0,0,0,0,01
Closed_Eyes/s0016_00452_1_0_0_0_0_01.png,s0016,00452,1,0,0,0,0,01
Closed_Eyes/s0016_00453_1_0_0_0_1_01.png,s0016,00453,1,0,0,0,1,01
Closed_Eyes/s0016_00454_1_0_0_0_1_01.png,s0016,00454,1,0,0,0,1,01
Closed_Eyes/s0016_00455_1_0_0_0_1_01.png,s0016,00455,1,0,0,0,1,01
Closed_Eyes/s0016_00456_1_0_0_0_0_01.png,s0016,00456,1,0,0,0,0,01
Closed_Eyes/s0016_00457_1_0_0_0_0_01.png,s0016,00457,1,0,0,0,0,01
Closed_Eyes/s0016_00458_1_0_0_0_1_01.png,s0016,00458,1,0,0,0,1,01
Closed_Eyes/s0016_00459_1_0_0_0_0_01.png,s0016,00459,1,0,0,0,0,01
Closed_Eyes/s0016_00460_1_0_0_0_0_01.png,s0016,00460,1,0,0,0,0,01
Closed_Eyes/s0016_00461_1_0_0_0_0_01.png,s0016,00461,1,0,0,0,0,01
Closed_Eyes/s0016_00462_1_0_0_0_0_01.png,s0016,00462,1,0,0,0,0,01
Closed_Eyes/s0016_00463_1_0_0_0_0_01.png,s0016,00463,1,0,0,0,0,01
Closed_Eyes/s0016_00464_1_0_0_0_0_01.png,s0016,00464,1,0,0,0,0,01
Closed_Eyes/s0016_00465_1_0_0_0_0_01.png,s0016,00465,1,0,0,0,0,01
Closed_Eyes/s0016_00466_1_0_0_0_0_01.png,s0016,00466,1,0,0,0,0,01
Closed_Eyes/s0016_00467_1_0_0_0_1_01.png,s0016,00467,1,0,0,0,1,01
Closed_Eyes/s0016_00468_1_0_0_0_1_01.png,s0016,00468,1,0,0,0,1,01
Closed_Eyes/s0016_00469_1_0_0_0_1_01.png,s0016,00469,1,0,0,0,1,01
Closed_Eyes/s0016_00470_1_0_0_0_1_01.png,s0016,00470,1,0,0,0,1,01
Closed_Eyes/s0016_00471_1_0_0_0_0_01.png,s0016,00471,1,0,0,0,0,01
Closed_Eyes/s0016_00472_1_0_0_0_0_01.png,s0016,00472,1,0,0,0,0,01
Closed_Eyes/s0016_00473_1_0_0_0_1_01.png,s0016,00473,1,0,0,0,1,01
Closed_Eyes/s0016_00474_1_0_0_0_1_01.png,s0016,00474,1,0,0,0,1,01
Closed_Eyes/s0016_00475_1_0_0_0_1_01.png,s0016,00475,1,0,0,0,1,01
Closed_Eyes/s0016_00476_1_0_0_0_0_01.png,s0016,00476,1,0,0,0,0,01
Closed_Eyes/s0016_00477_1_0_0_0_0_01.png,s0016,00477,1,0,0,0,0,01
Closed_Eyes/s0016_00478_1_0_0_0_1_01.png,s0016,00478,1,0,0,0,1,01
Closed_Eyes/s0016_00479_1_0_0_0_1_01.png,s0016,00479,1,0,0,0,1,01
Closed_Eyes/s0016_00480_1_0_0_0_1_01.png,s0016,00480,1,0,0,0,1,01
Closed_Eyes/s0016_00481_1_0_0_0_1_01.png,s0016,00481,1,0,0,0,1,01
Closed_Eyes/s0016_00482_1_0_0_0_1_01.png,s0016,00482,1,0,0,0,1,01
Closed_Eyes/s0016_00483_1_0_0_0_1_01.png,s0016,00483,1,0,0,0,1,01
Closed_Eyes/s0016_00484_1_0_0_0_1_01.png,s0016,00484,1,0,0,0,1,01
Closed_Eyes/s0016_00485_1_0_0_0_1_01.png,s0016,00485,1,0,0,0,1,01
Closed_Eyes/s0016_00486_1_0_0_0_1_01.png,s0016,00486,1,0,0,0,1,01
Closed_Eyes/s0016_00487_1_0_0_0_0_01.png,s0016,00487,1,0,0,0,0,01
Closed_Eyes/s0016_00488_1_0_0_0_0_01.png,s0016,00488,1,0,0,0,0,01
Closed_Eyes/s0016_00489_1_0_0_1_1_01.png,s0016,00489,1,0,0,1,1,01
Closed_Eyes/s0016_00490_1_0_0_0_1_01.png,s0016,00490,1,0,0,0,1,01
Closed_Eyes/s0016_00491_1_0_0_0_1_01.png,s0016,00491,1,0,0,0,1,01
Closed_Eyes/s0016_00492_1_0_0_1_1_01.png,s0016,00492,1,0,0,1,1,01
Closed_Eyes/s0016_00493_1_0_0_0_1_01.png,s0016,00493,1,0,0,0,1,01
Closed_Eyes/s0016_00494_1_0_0_1_1_01.png,s0016,00494,1,0,0,1,1,01
Closed_Eyes/s0016_00495_1_0_0_0_1_01.png,s0016,00495,1,0,0,0,1,01
Closed_Eyes/s0016_00496_1_0_0_1_1_01.png,s0016,00496,1,0,0,1,1,01
Closed_Eyes/s0016_00497_1_0_0_0_1_01.png,s0016,00497,1,0,0,0,1,01
Closed_Eyes/s0016_00498_1_0_0_1_1_01.png,s0016,00498,1,0,0,1,1,01
Closed_Eyes/s0016_00499_1_0_0_0_1_01.png,s0016,00499,1,0,0,0,1,01
Closed_Eyes/s0016_00500_1_0_0_0_1_01.png,s0016,00500,1,0,0,0,1,01
Closed_Eyes/s0016_00501_1_0_0_0_1_01.png,s0016,00501,1,0,0,0,1,01
Closed_Eyes/s0016_00502_1_0_0_1_1_01.png,s0016,00502,1,0,0,1,1,01
Closed_Eyes/s0016_00503_1_0_0_1_1_01.png,s0016,00503,1,0,0,1,1,01
Closed_Eyes/s0016_00504_1_0_0_0_1_01.png,s0016,00504,1,0,0,0,1,01
Closed_Eyes/s0016_00505_1_0_0_1_1_01.png,s0016,00505,1,0,0,1,1,01
Closed_Eyes/s0016_00506_1_0_0_0_1_01.png,s0016,00506,1,0,0,0,1,01
Closed_Eyes/s0016_00507_1_0_0_0_1_01.png,s0016,00507,1,0,0,0,1,01
Closed_Eyes/s0016_00508_1_0_0_0_1_01.png,s0016,00508,1,0,0,0,1,01
Closed_Eyes/s0016_00509_1_0_0_0_1_01.png,s0016,00509,1,0,0,0,1,01
Closed_Eyes/s0016_00510_1_0_0_0_1_01.png,s0016,00510,1,0,0,0,1,01
Closed_Eyes/s0016_00511_1_0_0_0_1_01.png,s0016,00511,1,0,0,0,1,01
Closed_Eyes/s0016_00512_1_0_0_0_1_01.png,s0016,00512,1,0,0,0,1,01
Closed_Eyes/s0016_00513_1_0_0_0_1_01.png,s0016,00513,1,0,0,0,1,01
Closed_Eyes/s0016_00514_1_0_0_0_1_01.png,s0016,00514,1,0,0,0,1,01
Closed_Eyes/s0016_00515_1_0_0_0_1_01.png,s0016,00515,1,0,0,0,1,01
Closed_Eyes/s0016_00516_1_0_0_0_1_01.png,s0016,00516,1,0,0,0,1,01
Closed_Eyes/s0016_00517_1_0_0_1_1_01.png,s0016,00517,1,0,0,1,1,01
Closed_Eyes/s0016_00518_1_0_0_0_1_01.png,s0016,00518,1,0,0,0,1,01
Closed_Eyes/s0016_00519_1_0_0_0_1_01.png,s0016,00519,1,0,0,0,1,01
Closed_Eyes/s0016_00520_1_0_0_0_1_01.png,s0016,00520,1,0,0,0,1,01
Closed_Eyes/s0016_00521_1_0_0_1_1_01.png,s0016,00521,1,0,0,1,1,01
Closed_Eyes/s0016_00522_1_0_0_0_1_01.png,s0016,00522,1,0,0,0,1,01
Closed_Eyes/s0016_00523_1_0_0_0_1_01.png,s0016,00523,1,0,0,0,1,01
Closed_Eyes/s0016_00524_1_0_0_0_1_01.png,s0016,00524,1,0,0,0,1,01
Closed_Eyes/s0016_00525_1_0_0_1_1_01.png,s0016,00525,1,0,0,1,1,01
Closed_Eyes/s0016_00526_1_0_0_1_1_01.png,s0016,00526,1,0,0,1,1,01
Closed_Eyes/s0016_00527_1_0_0_0_1_01.png,s0016,00527,1,0,0,0,1,01
Closed_Eyes/s0016_00528_1_0_0_0_1_01.png,s0016,00528,1,0,0,0,1,01
Closed_Eyes/s0016_00529_1_0_0_0_1_01.png,s0016,00529,1,0,0,0,1,01
Closed_Eyes/s0016_00530_1_0_0_1_1_01.png,s0016,00530,1,0,0,1,1,01
Closed_Eyes/s0016_00531_1_0_0_0_1_01.png,s0016,00531,1,0,0,0,1,01
Closed_Eyes/s0016_00532_1_0_0_1_1_01.png,s0016,00532,1,0,0,1,1,01
Closed_Eyes/s0016_00533_1_0_0_0_1_01.png,s0016,00533,1,0,0,0,1,01
Closed_Eyes/s0016_00534_1_0_0_1_1_01.png,s0016,00534,1,0,0,1,1,01
Closed_Eyes/s0016_00535_1_0_0_0_1_01.png,s0016,00535,1,0,0,0,1,01
Closed_Eyes/s0016_00536_1_0_0_0_1_01.png,s0016,00536,1,0,0,0,1,01
Closed_Eyes/s0016_00549_1_0_0_0_1_01.png,s0016,00549,1,0,0,0,1,01
Closed_Eyes/s0016_00550_1_0_0_1_1_01.png,s0016,00550,1,0,0,1,1,01
Closed_Eyes/s0016_00551_1_0_0_0_1_01.png,s0016,00551,1,0,0,0,1,01
Closed_Eyes/s0016_00552_1_0_0_1_1_01.png,s0016,00552,1,0,0,1,1,01
Closed_Eyes/s0016_00565_1_0_0_0_1_01.png,s0016,00565,1,0,0,0,1,01
Closed_Eyes/s0016_00566_1_0_0_0_1_01.png,s0016,00566,1,0,0,0,1,01
Closed_Eyes/s0016_00614_1_0_0_0_1_01.png,s0016,00614,1,0,0,0,1,01
Closed_Eyes/s0016_00615_1_0_0_0_1_01.png,s0016,00615,1,0,0,0,1,01
Closed_Eyes/s0016_00616_1_0_0_0_1_01.png,s0016,00616,1,0,0,0,1,01
Closed_Eyes/s0016_00617_1_0_0_0_1_01.png,s0016,00617,1,0,0,0,1,01
Closed_Eyes/s0016_00618_1_0_0_0_1_01.png,s0016,00618,1,0,0,0,1,01
Closed_Eyes/s0016_00619_1_0_0_0_1_01.png,s0016,00619,1,0,0,0,1,01
Closed_Eyes/s0016_00620_1_0_0_0_1_01.png,s0016,00620,1,0,0,0,1,01
Closed_Eyes/s0016_00628_1_0_0_0_1_01.png,s0016,00628,1,0,0,0,1,01
Closed_Eyes/s0016_00629_1_0_0_0_1_01.png,s0016,00629,1,0,0,0,1,01
Closed_Eyes/s0016_00630_1_0_0_0_1_01.png,s0016,00630,1,0,0,0,1,01
Closed_Eyes/s0016_00631_1_0_0_0_1_01.png,s0016,00631,1,0,0,0,1,01
Closed_Eyes/s0016_00632_1_0_0_0_1_01.png,s0016,00632,1,0,0,0,1,01
Closed_Eyes/s0016_00633_1_0_0_1_1_01.png,s0016,00633,1,0,0,1,1,01
Closed_Eyes/s0016_00657_1_0_0_0_1_01.png,s0016,00657,1,0,0,0,1,01
Closed_Eyes/s0016_00658_1_0_0_0_1_01.png,s0016,00658,1,0,0,0,1,01
Closed_Eyes/s0016_00659_1_0_0_0_1_01.png,s0016,00659,1,0,0,0,1,01
Closed_Eyes/s0016_00660_1_0_0_0_1_01.png,s0016,00660,1,0,0,0,1,01
Closed_Eyes/s0016_00661_1_0_0_0_1_01.png,s0016,00661,1,0,0,0,1,01
Closed_Eyes/s0016_00662_1_0_0_0_1_01.png,s0016,00662,1,0,0,0,1,01
Closed_Eyes/s0016_00663_1_0_0_0_1_01.png,s0016,00663,1,0,0,0,1,01
Closed_Eyes/s0016_00664_1_0_0_0_1_01.png,s0016,00664,1,0,0,0,1,01
Closed_Eyes/s0016_00665_1_0_0_0_1_01.png,s0016,00665,1,0,0,0,1,01
Closed_Eyes/s0016_00666_1_0_0_0_1_01.png,s0016,00666,1,0,0,0,1,01
Closed_Eyes/s0016_00667_1_0_0_0_1_01.png,s0016,00667,1,0,0,0,1,01
Closed_Eyes/s0016_00668_1_0_0_0_1_01.png,s0016,00668,1,0,0,0,1,01
Closed_Eyes/s0016_00669_1_0_0_0_1_01.png,s0016,00669,1,0,0,0,1,01
Closed_Eyes/s0016_00670_1_0_0_0_1_01.png,s0016,00670,1,0,0,0,1,01
Closed_Eyes/s0016_00671_1_0_0_0_1_01.png,s0016,00671,1,0,0,0,1,01
Closed_Eyes/s0016_00672_1_0_0_0_1_01.png,s0016,00672,1,0,0,0,1,01
Closed_Eyes/s0016_00673_1_0_0_0_1_01.png,s0016,00673,1,0,0,0,1,01
Closed_Eyes/s0016_00674_1_0_0_0_1_01.png,s0016,00674,1,0,0,0,1,01
Closed_Eyes/s0016_00675_1_0_0_0_1_01.png,s0016,00675,1,0,0,0,1,01
Closed_Eyes/s0016_00676_1_0_0_0_1_01.png,s0016,00676,1,0,0,0,1,01
Closed_Eyes/s0016_00677_1_0_0_0_1_01.png,s0016,00677,1,0,0,0,1,01
Closed_Eyes/s0016_00678_1_0_0_0_1_01.png,s0016,00678,1,0,0,0,1,01
Closed_Eyes/s0016_00702_1_0_0_0_1_01.png,s0016,00702,1,0,0,0,1,01
Closed_Eyes/s0016_00703_1_0_0_0_1_01.png,s0016,00703,1,0,0,0,1,01
Closed_Eyes/s0016_00704_1_0_0_0_1_01.png,s0016,00704,1,0,0,0,1,01
Closed_Eyes/s0016_00705_1_0_0_0_1_01.png,s0016,00705,1,0,0,0,1,01
Closed_Eyes/s0016_00706_1_0_0_0_1_01.png,s0016,00706,1,0,0,0,1,01
Closed_Eyes/s0016_00707_1_0_0_0_1_01.png,s0016,00707,1,0,0,0,1,01
Closed_Eyes/s0016_00708_1_0_0_0_1_01.png,s0016,00708,1,0,0,0,1,01
Closed_Eyes/s0016_00709_1_0_0_0_1_01.png,s0016,00709,1,0,0,0,1,01
Closed_Eyes/s0016_00710_1_0_0_0_1_01.png,s0016,00710,1,0,0,0,1,01
Closed_Eyes/s0016_00711_1_0_0_0_1_01.png,s0016,00711,1,0,0,0,1,01
Closed_Eyes/s0016_00712_1_0_0_0_1_01.png,s0016,00712,1,0,0,0,1,01
Closed_Eyes/s0016_00713_1_0_0_0_1_01.png,s0016,00713,1,0,0,0,1,01
Closed_Eyes/s0016_00714_1_0_0_0_1_01.png,s0016,00714,1,0,0,0,1,01
Closed_Eyes/s0016_00715_1_0_0_0_1_01.png,s0016,00715,1,0,0,0,1,01
Closed_Eyes/s0016_00716_1_0_0_0_1_01.png,s0016,00716,1,0,0,0,1,01
Closed_Eyes/s0016_00717_1_0_0_0_1_01.png,s0016,00717,1,0,0,0,1,01
Closed_Eyes/s0016_00741_1_0_0_0_1_01.png,s0016,00741,1,0,0,0,1,01
Closed_Eyes/s0016_00742_1_0_0_0_1_01.png,s0016,00742,1,0,0,0,1,01
Closed_Eyes/s0016_00743_1_0_0_0_1_01.png,s0016,00743,1,0,0,0,1,01
Closed_Eyes/s0016_00744_1_0_0_0_1_01.png,s0016,00744,1,0,0,0,1,01
Closed_Eyes/s0016_00745_1_0_0_1_1_01.png,s0016,00745,1,0,0,1,1,01
Closed_Eyes/s0016_00758_1_0_0_0_1_01.png,s0016,00758,1,0,0,0,1,01
Closed_Eyes/s0016_00759_1_0_0_1_1_01.png,s0016,00759,1,0,0,1,1,01
Closed_Eyes/s0016_00760_1_0_0_0_1_01.png,s0016,00760,1,0,0,0,1,01
Closed_Eyes/s0016_00761_1_0_0_0_1_01.png,s0016,00761,1,0,0,0,1,01
Closed_Eyes/s0016_00762_1_0_0_0_1_01.png,s0016,00762,1,0,0,0,1,01
Closed_Eyes/s0016_00763_1_0_0_1_1_01.png,s0016,00763,1,0,0,1,1,01
Closed_Eyes/s0016_00764_1_0_0_0_1_01.png,s0016,00764,1,0,0,0,1,01
Closed_Eyes/s0016_00765_1_0_0_1_1_01.png,s0016,00765,1,0,0,1,1,01
Closed_Eyes/s0016_00766_1_0_0_0_1_01.png,s0016,00766,1,0,0,0,1,01
Closed_Eyes/s0016_00767_1_0_0_1_1_01.png,s0016,00767,1,0,0,1,1,01
Closed_Eyes/s0016_00768_1_0_0_1_1_01.png,s0016,00768,1,0,0,1,1,01
Closed_Eyes/s0016_00769_1_0_0_0_1_01.png,s0016,00769,1,0,0,0,1,01
Closed_Eyes/s0016_00770_1_0_0_1_1_01.png,s0016,00770,1,0,0,1,1,01
Closed_Eyes/s0016_00771_1_0_0_0_1_01.png,s0016,00771,1,0,0,0,1,01
Closed_Eyes/s0016_00772_1_0_0_1_1_01.png,s0016,00772,1,0,0,1,1,01
Closed_Eyes/s0016_00773_1_0_0_0_1_01.png,s0016,00773,1,0,0,0,1,01
Closed_Eyes/s0016_00774_1_0_0_1_1_01.png,s0016,00774,1,0,0,1,1,01
Closed_Eyes/s0016_00775_1_0_0_0_1_01.png,s0016,00775,1,0,0,0,1,01
Closed_Eyes/s0016_00776_1_0_0_1_1_01.png,s0016,00776,1,0,0,1,1,01
Closed_Eyes/s0016_00777_1_0_0_0_1_01.png,s0016,00777,1,0,0,0,1,01
Closed_Eyes/s0016_00778_1_0_0_0_1_01.png,s0016,00778,1,0,0,0,1,01
Closed_Eyes/s0016_00779_1_0_0_1_1_01.png,s0016,00779,1,0,0,1,1,01
Closed_Eyes/s0016_00780_1_0_0_0_1_01.png,s0016,00780,1,0,0,0,1,01
Closed_Eyes/s0016_00781_1_0_0_1_1_01.png,s0016,00781,1,0,0,1,1,01
Closed_Eyes/s0016_00782_1_0_0_0_1_01.png,s0016,00782,1,0,0,0,1,01
Closed_Eyes/s0016_00783_1_0_0_1_1_01.png,s0016,00783,1,0,0,1,1,01
Closed_Eyes/s0016_00784_1_0_0_0_1_01.png,s0016,00784,1,0,0,0,1,01
Closed_Eyes/s0016_00785_1_0_0_1_1_01.png,s0016,00785,1,0,0,1,1,01
Closed_Eyes/s0016_00786_1_0_0_0_1_01.png,s0016,00786,1,0,0,0,1,01
Closed_Eyes/s0016_00787_1_0_0_1_1_01.png,s0016,00787,1,0,0,1,1,01
Closed_Eyes/s0016_00788_1_0_0_0_1_01.png,s0016,00788,1,0,0,0,1,01
Closed_Eyes/s0016_00789_1_0_0_0_1_01.png,s0016,00789,1,0,0,0,1,01
Closed_Eyes/s0016_00790_1_0_0_2_1_01.png,s0016,00790,1,0,0,2,1,01
Closed_Eyes/s0016_00814_1_0_0_1_1_01.png,s0016,00814,1,0,0,1,1,01
Closed_Eyes/s0016_00815_1_0_0_0_1_01.png,s0016,00815,1,0,0,0,1,01
Closed_Eyes/s0016_00816_1_0_0_2_1_01.png,s0016,00816,1,0,0,2,1,01
Closed_Eyes/s0016_00817_1_0_0_0_1_01.png,s0016,00817,1,0,0,0,1,01
Closed_Eyes/s0016_00818_1_0_0_1_1_01.png,s0016,00818,1,0,0,1,1,01
Closed_Eyes/s0016_00819_1_0_0_0_1_01.png,s0016,00819,1,0,0,0,1,01
Closed_Eyes/s0016_00820_1_0_0_1_1_01.png,s0016,00820,1,0,0,1,1,01
Closed_Eyes/s0016_00821_1_0_0_0_1_01.png,s0016,00821,1,0,0,0,1,01
Closed_Eyes/s0016_00822_1_0_0_0_1_01.png,s0016,00822,1,0,0,0,1,01
Closed_Eyes/s0016_00823_1_0_0_1_1_01.png,s0016,00823,1,0,0,1,1,01
Closed_Eyes/s0016_00834_1_0_0_1_1_01.png,s0016,00834,1,0,0,1,1,01
Closed_Eyes/s0016_00835_1_0_0_0_1_01.png,s0016,00835,1,0,0,0,1,01
Closed_Eyes/s0016_00836_1_0_0_1_1_01.png,s0016,00836,1,0,0,1,1,01
Closed_Eyes/s0016_00837_1_0_0_0_1_01.png,s0016,00837,1,0,0,0,1,01
Closed_Eyes/s0016_00838_1_0_0_1_1_01.png,s0016,00838,1,0,0,1,1,01
Closed_Eyes/s0016_00839_1_0_0_0_1_01.png,s0016,00839,1,0,0,0,1,01
Closed_Eyes/s0016_00840_1_0_0_1_1_01.png,s0016,00840,1,0,0,1,1,01
Closed_Eyes/s0016_00841_1_0_0_0_1_01.png,s0016,00841,1,0,0,0,1,01
Closed_Eyes/s0016_00842_1_0_0_1_1_01.png,s0016,00842,1,0,0,1,1,01
Closed_Eyes/s0016_00843_1_0_0_0_1_01.png,s0016,00843,1,0,0,0,1,01
Closed_Eyes/s0016_00844_1_0_0_1_1_01.png,s0016,00844,1,0,0,1,1,01
Closed_Eyes/s0016_00845_1_0_0_0_1_01.png,s0016,00845,1,0,0,0,1,01
Closed_Eyes/s0016_00846_1_0_0_1_1_01.png,s0016,00846,1,0,0,1,1,01
Closed_Eyes/s0016_00847_1_0_0_0_1_01.png,s0016,00847,1,0,0,0,1,01
Closed_Eyes/s0016_00848_1_0_0_0_1_01.png,s0016,00848,1,0,0,0,1,01
Closed_Eyes/s0016_00849_1_0_0_0_1_01.png,s0016,00849,1,0,0,0,1,01
Closed_Eyes/s0016_00850_1_0_0_1_1_01.png,s0016,00850,1,0,0,1,1,01
Closed_Eyes/s0016_00851_1_0_0_0_1_01.png,s0016,00851,1,0,0,0,1,01
Closed_Eyes/s0016_00852_1_0_0_0_1_01.png,s0016,00852,1,0,0,0,1,01
Closed_Eyes/s0016_00853_1_0_0_0_1_01.png,s0016,00853,1,0,0,0,1,01
Closed_Eyes/s0016_00854_1_0_0_2_1_01.png,s0016,00854,1,0,0,2,1,01
Closed_Eyes/s0016_00855_1_0_0_1_1_01.png,s0016,00855,1,0,0,1,1,01
Closed_Eyes/s0016_00856_1_0_0_0_1_01.png,s0016,00856,1,0,0,0,1,01
Closed_Eyes/s0016_00857_1_0_0_0_1_01.png,s0016,00857,1,0,0,0,1,01
Closed_Eyes/s0016_00858_1_0_0_0_1_01.png,s0016,00858,1,0,0,0,1,01
Closed_Eyes/s0016_00859_1_0_0_1_1_01.png,s0016,00859,1,0,0,1,1,01
Closed_Eyes/s0016_00860_1_0_0_0_1_01.png,s0016,00860,1,0,0,0,1,01
Closed_Eyes/s0016_00861_1_0_0_0_1_01.png,s0016,00861,1,0,0,0,1,01
Closed_Eyes/s0016_00862_1_0_0_0_1_01.png,s0016,00862,1,0,0,0,1,01
Closed_Eyes/s0016_00863_1_0_0_0_1_01.png,s0016,00863,1,0,0,0,1,01
Closed_Eyes/s0016_00864_1_0_0_0_1_01.png,s0016,00864,1,0,0,0,1,01
Closed_Eyes/s0016_00865_1_0_0_0_1_01.png,s0016,00865,1,0,0,0,1,01
Closed_Eyes/s0016_00866_1_0_0_0_1_01.png,s0016,00866,1,0,0,0,1,01
Closed_Eyes/s0016_00867_1_0_0_0_1_01.png,s0016,00867,1,0,0,0,1,01
Closed_Eyes/s0016_00868_1_0_0_0_1_01.png,s0016,00868,1,0,0,0,1,01
Closed_Eyes/s0016_00881_1_0_0_0_1_01.png,s0016,00881,1,0,0,0,1,01
Closed_Eyes/s0016_00882_1_0_0_0_1_01.png,s0016,00882,1,0,0,0,1,01
Closed_Eyes/s0016_00883_1_0_0_0_1_01.png,s0016,00883,1,0,0,0,1,01
Closed_Eyes/s0016_00884_1_0_0_0_1_01.png,s0016,00884,1,0,0,0,1,01
Closed_Eyes/s0016_00885_1_0_0_0_1_01.png,s0016,00885,1,0,0,0,1,01
Closed_Eyes/s0016_00886_1_0_0_0_1_01.png,s0016,00886,1,0,0,0,1,01
Closed_Eyes/s0016_00887_1_0_0_1_1_01.png,s0016,00887,1,0,0,1,1,01
Closed_Eyes/s0016_00888_1_0_0_0_1_01.png,s0016,00888,1,0,0,0,1,01
Closed_Eyes/s0016_00889_1_0_0_0_1_01.png,s0016,00889,1,0,0,0,1,01
Closed_Eyes/s0016_00890_1_0_0_0_1_01.png,s0016,00890,1,0,0,0,1,01
Closed_Eyes/s0016_00891_1_0_0_0_1_01.png,s0016,00891,1,0,0,0,1,01
Closed_Eyes/s0016_00892_1_0_0_0_1_01.png,s0016,00892,1,0,0,0,1,01
Closed_Eyes/s0016_00893_1_0_0_2_1_01.png,s0016,00893,1,0,0,2,1,01
Closed_Eyes/s0016_00894_1_0_0_0_1_01.png,s0016,00894,1,0,0,0,1,01
Closed_Eyes/s0016_00895_1_0_0_2_1_01.png,s0016,00895,1,0,0,2,1,01
Closed_Eyes/s0016_00896_1_0_0_0_1_01.png,s0016,00896,1,0,0,0,1,01
Closed_Eyes/s0016_00897_1_0_0_2_1_01.png,s0016,00897,1,0,0,2,1,01
Closed_Eyes/s0016_00898_1_0_0_0_1_01.png,s0016,00898,1,0,0,0,1,01
Closed_Eyes/s0016_00899_1_0_0_0_1_01.png,s0016,00899,1,0,0,0,1,01
Closed_Eyes/s0016_00900_1_0_0_0_1_01.png,s0016,00900,1,0,0,0,1,01
Closed_Eyes/s0016_00901_1_0_0_2_1_01.png,s0016,00901,1,0,0,2,1,01
Closed_Eyes/s0016_00902_1_0_0_0_1_01.png,s0016,00902,1,0,0,0,1,01
Closed_Eyes/s0016_00903_1_0_0_2_1_01.png,s0016,00903,1,0,0,2,1,01
Closed_Eyes/s0016_00904_1_0_0_0_1_01.png,s0016,00904,1,0,0,0,1,01
Closed_Eyes/s0016_00905_1_0_0_2_1_01.png,s0016,00905,1,0,0,2,1,01
Closed_Eyes/s0016_00906_1_0_0_0_1_01.png,s0016,00906,1,0,0,0,1,01
Closed_Eyes/s0016_00907_1_0_0_2_1_01.png,s0016,00907,1,0,0,2,1,01
Closed_Eyes/s0016_00908_1_0_0_0_1_01.png,s0016,00908,1,0,0,0,1,01
Closed_Eyes/s0016_00909_1_0_0_1_1_01.png,s0016,00909,1,0,0,1,1,01
Closed_Eyes/s0016_00910_1_0_0_0_1_01.png,s0016,00910,1,0,0,0,1,01
Closed_Eyes/s0016_00911_1_0_0_0_1_01.png,s0016,00911,1,0,0,0,1,01
Closed_Eyes/s0016_00912_1_0_0_1_1_01.png,s0016,00912,1,0,0,1,1,01
Closed_Eyes/s0016_00913_1_0_0_0_1_01.png,s0016,00913,1,0,0,0,1,01
Closed_Eyes/s0016_00937_1_0_0_0_1_01.png,s0016,00937,1,0,0,0,1,01
Closed_Eyes/s0016_00938_1_0_0_0_1_01.png,s0016,00938,1,0,0,0,1,01
Closed_Eyes/s0016_00939_1_0_0_0_1_01.png,s0016,00939,1,0,0,0,1,01
Closed_Eyes/s0016_00940_1_0_0_0_1_01.png,s0016,00940,1,0,0,0,1,01
Closed_Eyes/s0016_00941_1_0_0_0_1_01.png,s0016,00941,1,0,0,0,1,01
Closed_Eyes/s0016_00942_1_0_0_0_1_01.png,s0016,00942,1,0,0,0,1,01
Closed_Eyes/s0016_00943_1_0_0_0_1_01.png,s0016,00943,1,0,0,0,1,01
Closed_Eyes/s0016_00944_1_0_0_0_1_01.png,s0016,00944,1,0,0,0,1,01
Closed_Eyes/s0016_00945_1_0_0_0_1_01.png,s0016,00945,1,0,0,0,1,01
Closed_Eyes/s0016_00946_1_0_0_0_1_01.png,s0016,00946,1,0,0,0,1,01
Closed_Eyes/s0016_00947_1_0_0_0_1_01.png,s0016,00947,1,0,0,0,1,01
Closed_Eyes/s0016_00971_1_0_0_0_1_01.png,s0016,00971,1,0,0,0,1,01
Closed_Eyes/s0016_00972_1_0_0_0_1_01.png,s0016,00972,1,0,0,0,1,01
Closed_Eyes/s0016_00973_1_0_0_0_1_01.png,s0016,00973,1,0,0,0,1,01
Closed_Eyes/s0016_00974_1_0_0_0_1_01.png,s0016,00974,1,0,0,0,1,01
Closed_Eyes/s0016_00975_1_0_0_0_1_01.png,s0016,00975,1,0,0,0,1,01
Closed_Eyes/s0016_00976_1_0_0_0_1_01.png,s0016,00976,1,0,0,0,1,01
Closed_Eyes/s0016_00977_1_0_0_0_1_01.png,s0016,00977,1,0,0,0,1,01
Closed_Eyes/s0016_00978_1_0_0_0_1_01.png,s0016,00978,1,0,0,0,1,01
Closed_Eyes/s0016_00979_1_0_0_0_1_01.png,s0016,00979,1,0,0,0,1,01
Closed_Eyes/s0016_00980_1_0_0_0_1_01.png,s0016,00980,1,0,0,0,1,01
Closed_Eyes/s0016_00981_1_0_0_0_1_01.png,s0016,00981,1,0,0,0,1,01
Closed_Eyes/s0016_00982_1_0_0_0_1_01.png,s0016,00982,1,0,0,0,1,01
Closed_Eyes/s0016_00983_1_0_0_0_1_01.png,s0016,00983,1,0,0,0,1,01
Closed_Eyes/s0016_00984_1_0_0_0_1_01.png,s0016,00984,1,0,0,0,1,01
Closed_Eyes/s0016_00985_1_0_0_0_1_01.png,s0016,00985,1,0,0,0,1,01
Closed_Eyes/s0016_00998_1_0_0_0_1_01.png,s0016,00998,1,0,0,0,1,01
Closed_Eyes/s0016_00999_1_0_0_0_1_01.png,s0016,00999,1,0,0,0,1,01
Closed_Eyes/s0016_01000_1_0_0_0_1_01.png,s0016,01000,1,0,0,0,1,01
Closed_Eyes/s0016_01001_1_0_0_0_1_01.png,s0016,01001,1,0,0,0,1,01
Closed_Eyes/s0016_01002_1_0_0_0_1_01.png,s0016,01002,1,0,0,0,1,01
Closed_Eyes/s0016_01003_1_0_0_0_1_01.png,s0016,01003,1,0,0,0,1,01
Closed_Eyes/s0016_01031_1_0_0_0_1_01.png,s0016,01031,1,0,0,0,1,01
Closed_Eyes/s0016_01032_1_0_0_0_1_01.png,s0016,01032,1,0,0,0,1,01
Closed_Eyes/s0016_01033_1_0_0_0_1_01.png,s0016,01033,1,0,0,0,1,01
Closed_Eyes/s0016_01034_1_0_0_0_1_01.png,s0016,01034,1,0,0,0,1,01
Closed_Eyes/s0016_01035_1_0_0_0_1_01.png,s0016,01035,1,0,0,0,1,01
Closed_Eyes/s0016_01036_1_0_0_0_1_01.png,s0016,01036,1,0,0,0,1,01
Closed_Eyes/s0016_01037_1_0_0_0_1_01.png,s0016,01037,1,0,0,0,1,01
Closed_Eyes/s0016_01038_1_0_0_0_1_01.png,s0016,01038,1,0,0,0,1,01
Closed_Eyes/s0016_01054_1_0_0_0_1_01.png,s0016,01054,1,0,0,0,1,01
Closed_Eyes/s0016_01055_1_0_0_0_1_01.png,s0016,01055,1,0,0,0,1,01
Closed_Eyes/s0016_01056_1_0_0_0_1_01.png,s0016,01056,1,0,0,0,1,01
Closed_Eyes/s0016_01057_1_0_0_0_1_01.png,s0016,01057,1,0,0,0,1,01
Closed_Eyes/s0016_01058_1_0_0_0_1_01.png,s0016,01058,1,0,0,0,1,01
Closed_Eyes/s0016_01059_1_0_0_0_1_01.png,s0016,01059,1,0,0,0,1,01
Closed_Eyes/s0016_01060_1_0_0_0_1_01.png,s0016,01060,1,0,0,0,1,01
Closed_Eyes/s0016_01061_1_0_0_0_1_01.png,s0016,01061,1,0,0,0,1,01
Closed_Eyes/s0016_01062_1_0_0_0_1_01.png,s0016,01062,1,0,0,0,1,01
Closed_Eyes/s0016_01063_1_0_0_0_1_01.png,s0016,01063,1,0,0,0,1,01
Closed_Eyes/s0016_01064_1_0_0_0_1_01.png,s0016,01064,1,0,0,0,1,01
Closed_Eyes/s0016_01065_1_0_0_0_1_01.png,s0016,01065,1,0,0,0,1,01
Closed_Eyes/s0016_01066_1_0_0_0_1_01.png,s0016,01066,1,0,0,0,1,01
Closed_Eyes/s0016_01067_1_0_0_0_1_01.png,s0016,01067,1,0,0,0,1,01
Closed_Eyes/s0016_01068_1_0_0_0_1_01.png,s0016,01068,1,0,0,0,1,01
Closed_Eyes/s0016_01069_1_0_0_0_1_01.png,s0016,01069,1,0,0,0,1,01
Closed_Eyes/s0016_01070_1_0_0_0_1_01.png,s0016,01070,1,0,0,0,1,01
Closed_Eyes/s0016_01071_1_0_0_0_1_01.png,s0016,01071,1,0,0,0,1,01
Closed_Eyes/s0016_01072_1_0_0_0_1_01.png,s0016,01072,1,0,0,0,1,01
Closed_Eyes/s0016_01073_1_0_0_0_1_01.png,s0016,01073,1,0,0,0,1,01
Closed_Eyes/s0016_01074_1_0_0_0_1_01.png,s0016,01074,1,0,0,0,1,01
Closed_Eyes/s0016_01075_1_0_0_0_1_01.png,s0016,01075,1,0,0,0,1,01
Closed_Eyes/s0016_01076_1_0_0_0_1_01.png,s0016,01076,1,0,0,0,1,01
Closed_Eyes/s0016_01077_1_0_0_0_1_01.png,s0016,01077,1,0,0,0,1,01
Closed_Eyes/s0016_01078_1_0_0_0_1_01.png,s0016,01078,1,0,0,0,1,01
Closed_Eyes/s0016_01079_1_0_0_0_1_01.png,s0016,01079,1,0,0,0,1,01
Closed_Eyes/s0016_01080_1_0_0_0_1_01.png,s0016,01080,1,0,0,0,1,01
Closed_Eyes/s0016_01081_1_0_0_0_1_01.png,s0016,01081,1,0,0,0,1,01
Closed_Eyes/s0016_01082_1_0_0_0_1_01.png,s0016,01082,1,0,0,0,1,01
Closed_Eyes/s0016_01083_1_0_0_0_1_01.png,s0016,01083,1,0,0,0,1,01
Closed_Eyes/s0016_01084_1_0_0_0_1_01.png,s0016,01084,1,0,0,0,1,01
Closed_Eyes/s0016_01085_1_0_0_0_1_01.png,s0016,01085,1,0,0,0,1,01
Closed_Eyes/s0016_01170_1_0_0_0_1_01.png,s0016,01170,1,0,0,0,1,01
Closed_Eyes/s0016_01171_1_0_0_0_1_01.png,s0016,01171,1,0,0,0,1,01
Closed_Eyes/s0016_01172_1_0_0_0_1_01.png,s0016,01172,1,0,0,0,1,01
Closed_Eyes/s0016_01173_1_0_0_0_1_01.png,s0016,01173,1,0,0,0,1,01
Closed_Eyes/s0016_01174_1_0_0_0_1_01.png,s0016,01174,1,0,0,0,1,01
Closed_Eyes/s0016_01175_1_0_0_0_1_01.png,s0016,01175,1,0,0,0,1,01
Closed_Eyes/s0016_01177_1_0_0_0_1_01.png,s0016,01177,1,0,0,0,1,01
Closed_Eyes/s0016_01178_1_0_0_0_1_01.png,s0016,01178,1,0,0,0,1,01
Closed_Eyes/s0016_01179_1_0_0_0_1_01.png,s0016,01179,1,0,0,0,1,01
Closed_Eyes/s0016_01180_1_0_0_0_1_01.png,s0016,01180,1,0,0,0,1,01
Closed_Eyes/s0016_01181_1_0_0_0_1_01.png,s0016,01181,1,0,0,0,1,01
Closed_Eyes/s0016_01182_1_0_0_0_1_01.png,s0016,01182,1,0,0,0,1,01
Closed_Eyes/s0016_01183_1_0_0_0_1_01.png,s0016,01183,1,0,0,0,1,01
Closed_Eyes/s0016_01184_1_0_0_0_1_01.png,s0016,01184,1,0,0,0,1,01
Closed_Eyes/s0016_01185_1_0_0_0_1_01.png,s0016,01185,1,0,0,0,1,01
Closed_Eyes/s0016_01187_1_0_0_0_1_01.png,s0016,01187,1,0,0,0,1,01
Closed_Eyes/s0016_01188_1_0_0_0_1_01.png,s0016,01188,1,0,0,0,1,01
Closed_Eyes/s0016_01189_1_0_0_0_1_01.png,s0016,01189,1,0,0,0,1,01
Closed_Eyes/s0016_01190_1_0_0_0_1_01.png,s0016,01190,1,0,0,0,1,01
Closed_Eyes/s0016_01191_1_0_0_0_1_01.png,s0016,01191,1,0,0,0,1,01
Closed_Eyes/s0016_01192_1_0_0_0_1_01.png,s0016,01192,1,0,0,0,1,01
Closed_Eyes/s0016_01193_1_0_0_0_1_01.png,s0016,01193,1,0,0,0,1,01
Closed_Eyes/s0016_01194_1_0_0_0_1_01.png,s0016,01194,1,0,0,0,1,01
Closed_Eyes/s0016_01195_1_0_0_0_1_01.png,s0016,01195,1,0,0,0,1,01
Closed_Eyes/s0016_01196_1_0_0_0_1_01.png,s0016,01196,1,0,0,0,1,01
Closed_Eyes/s0016_01198_1_0_0_0_1_01.png,s0016,01198,1,0,0,0,1,01
Closed_Eyes/s0016_01199_1_0_0_0_1_01.png,s0016,01199,1,0,0,0,1,01
Closed_Eyes/s0016_01200_1_0_0_0_1_01.png,s0016,01200,1,0,0,0,1,01
Closed_Eyes/s0016_01201_1_0_0_0_1_01.png,s0016,01201,1,0,0,0,1,01
Closed_Eyes/s0016_01202_1_0_0_0_1_01.png,s0016,01202,1,0,0,0,1,01
Closed_Eyes/s0016_01203_1_0_0_0_1_01.png,s0016,01203,1,0,0,0,1,01
Closed_Eyes/s0016_01204_1_0_0_0_1_01.png,s0016,01204,1,0,0,0,1,01
Closed_Eyes/s0016_01205_1_0_0_0_1_01.png,s0016,01205,1,0,0,0,1,01
Closed_Eyes/s0016_01206_1_0_0_0_1_01.png,s0016,01206,1,0,0,0,1,01
Closed_Eyes/s0016_01207_1_0_0_0_1_01.png,s0016,01207,1,0,0,0,1,01
Closed_Eyes/s0016_01208_1_0_0_0_1_01.png,s0016,01208,1,0,0,0,1,01
Closed_Eyes/s0016_01209_1_0_0_0_1_01.png,s0016,01209,1,0,0,0,1,01
Closed_Eyes/s0016_01210_1_0_0_0_1_01.png,s0016,01210,1,0,0,0,1,01
Closed_Eyes/s0016_01211_1_0_0_0_1_01.png,s0016,01211,1,0,0,0,1,01
Closed_Eyes/s0016_01212_1_0_0_0_1_01.png,s0016,01212,1,0,0,0,1,01
Closed_Eyes/s0016_01213_1_0_0_0_1_01.png,s0016,01213,1,0,0,0,1,01
Closed_Eyes/s0016_01214_1_0_0_0_1_01.png,s0016,01214,1,0,0,0,1,01
Closed_Eyes/s0016_01215_1_0_0_0_1_01.png,s0016,01215,1,0,0,0,1,01
Closed_Eyes/s0016_01216_1_0_0_0_1_01.png,s0016,01216,1,0,0,0,1,01
Closed_Eyes/s0016_01217_1_0_0_0_1_01.png,s0016,01217,1,0,0,0,1,01
Closed_Eyes/s0016_01218_1_0_0_0_1_01.png,s0016,01218,1,0,0,0,1,01
Closed_Eyes/s0016_01219_1_0_0_0_1_01.png,s0016,01219,1,0,0,0,1,01
Closed_Eyes/s0016_01220_1_0_0_0_1_01.png,s0016,01220,1,0,0,0,1,01
Closed_Eyes/s0016_01221_1_0_0_0_1_01.png,s0016,01221,1,0,0,0,1,01
Closed_Eyes/s0016_01222_1_0_0_0_1_01.png,s0016,01222,1,0,0,0,1,01
Closed_Eyes/s0016_01223_1_0_0_0_1_01.png,s0016,01223,1,0,0,0,1,01
Closed_Eyes/s0016_01224_1_0_0_0_1_01.png,s0016,01224,1,0,0,0,1,01
Closed_Eyes/s0016_01225_1_0_0_0_1_01.png,s0016,01225,1,0,0,0,1,01
Closed_Eyes/s0016_01226_1_0_0_0_1_01.png,s0016,01226,1,0,0,0,1,01
Closed_Eyes/s0016_01227_1_0_0_1_1_01.png,s0016,01227,1,0,0,1,1,01
Closed_Eyes/s0016_01228_1_0_0_1_1_01.png,s0016,01228,1,0,0,1,1,01
Closed_Eyes/s0016_01229_1_0_0_0_1_01.png,s0016,01229,1,0,0,0,1,01
Closed_Eyes/s0016_01230_1_0_0_0_1_01.png,s0016,01230,1,0,0,0,1,01
Closed_Eyes/s0016_01231_1_0_0_1_1_01.png,s0016,01231,1,0,0,1,1,01
Closed_Eyes/s0016_01232_1_0_0_0_1_01.png,s0016,01232,1,0,0,0,1,01
Closed_Eyes/s0016_01233_1_0_0_0_1_01.png,s0016,01233,1,0,0,0,1,01
Closed_Eyes/s0016_01234_1_0_0_1_1_01.png,s0016,01234,1,0,0,1,1,01
Closed_Eyes/s0016_01235_1_0_0_1_1_01.png,s0016,01235,1,0,0,1,1,01
Closed_Eyes/s0016_01236_1_0_0_1_1_01.png,s0016,01236,1,0,0,1,1,01
Closed_Eyes/s0016_01237_1_0_0_1_1_01.png,s0016,01237,1,0,0,1,1,01
Closed_Eyes/s0016_01238_1_0_0_0_1_01.png,s0016,01238,1,0,0,0,1,01
Closed_Eyes/s0016_01239_1_0_0_2_1_01.png,s0016,01239,1,0,0,2,1,01
Closed_Eyes/s0016_01240_1_0_0_0_1_01.png,s0016,01240,1,0,0,0,1,01
Closed_Eyes/s0016_01241_1_0_0_0_1_01.png,s0016,01241,1,0,0,0,1,01
Closed_Eyes/s0016_01242_1_0_0_0_1_01.png,s0016,01242,1,0,0,0,1,01
Closed_Eyes/s0016_01243_1_0_0_0_1_01.png,s0016,01243,1,0,0,0,1,01
Closed_Eyes/s0016_01244_1_0_0_2_1_01.png,s0016,01244,1,0,0,2,1,01
Closed_Eyes/s0016_01245_1_0_0_0_1_01.png,s0016,01245,1,0,0,0,1,01
Closed_Eyes/s0016_01246_1_0_0_1_1_01.png,s0016,01246,1,0,0,1,1,01
Closed_Eyes/s0016_01247_1_0_0_0_1_01.png,s0016,01247,1,0,0,0,1,01
Closed_Eyes/s0016_01248_1_0_0_2_1_01.png,s0016,01248,1,0,0,2,1,01
Closed_Eyes/s0016_01249_1_0_0_0_1_01.png,s0016,01249,1,0,0,0,1,01
Closed_Eyes/s0016_01250_1_0_0_2_1_01.png,s0016,01250,1,0,0,2,1,01
Closed_Eyes/s0016_01251_1_0_0_0_1_01.png,s0016,01251,1,0,0,0,1,01
Closed_Eyes/s0016_01252_1_0_0_0_1_01.png,s0016,01252,1,0,0,0,1,01
Closed_Eyes/s0016_01253_1_0_0_0_1_01.png,s0016,01253,1,0,0,0,1,01
Closed_Eyes/s0016_01254_1_0_0_0_1_01.png,s0016,01254,1,0,0,0,1,01
Closed_Eyes/s0016_01255_1_0_0_2_1_01.png,s0016,01255,1,0,0,2,1,01
Closed_Eyes/s0016_01256_1_0_0_0_1_01.png,s0016,01256,1,0,0,0,1,01
Closed_Eyes/s0016_01257_1_0_0_2_1_01.png,s0016,01257,1,0,0,2,1,01
Closed_Eyes/s0016_01258_1_0_0_0_1_01.png,s0016,01258,1,0,0,0,1,01
Closed_Eyes/s0016_01259_1_0_0_2_1_01.png,s0016,01259,1,0,0,2,1,01
Closed_Eyes/s0016_01260_1_0_0_0_1_01.png,s0016,01260,1,0,0,0,1,01
Closed_Eyes/s0016_01273_1_0_0_0_1_01.png,s0016,01273,1,0,0,0,1,01
Closed_Eyes/s0016_01274_1_0_0_1_1_01.png,s0016,01274,1,0,0,1,1,01
Closed_Eyes/s0016_01275_1_0_0_2_1_01.png,s0016,01275,1,0,0,2,1,01
Closed_Eyes/s0016_01276_1_0_0_1_1_01.png,s0016,01276,1,0,0,1,1,01
Closed_Eyes/s0016_01277_1_0_0_1_1_01.png,s0016,01277,1,0,0,1,1,01
Closed_Eyes/s0016_01278_1_0_0_1_1_01.png,s0016,01278,1,0,0,1,1,01
Closed_Eyes/s0016_01279_1_0_0_2_1_01.png,s0016,01279,1,0,0,2,1,01
Closed_Eyes/s0016_01280_1_0_0_1_1_01.png,s0016,01280,1,0,0,1,1,01
Closed_Eyes/s0016_01281_1_0_0_1_1_01.png,s0016,01281,1,0,0,1,1,01
Closed_Eyes/s0016_01282_1_0_0_1_1_01.png,s0016,01282,1,0,0,1,1,01
Closed_Eyes/s0016_01283_1_0_0_1_1_01.png,s0016,01283,1,0,0,1,1,01
Closed_Eyes/s0016_01284_1_0_0_0_1_01.png,s0016,01284,1,0,0,0,1,01
Closed_Eyes/s0016_01285_1_0_0_1_1_01.png,s0016,01285,1,0,0,1,1,01
Closed_Eyes/s0016_01286_1_0_0_1_1_01.png,s0016,01286,1,0,0,1,1,01
Closed_Eyes/s0016_01287_1_0_0_2_1_01.png,s0016,01287,1,0,0,2,1,01
Closed_Eyes/s0016_01288_1_0_0_1_1_01.png,s0016,01288,1,0,0,1,1,01
Closed_Eyes/s0016_01289_1_0_0_1_1_01.png,s0016,01289,1,0,0,1,1,01
Closed_Eyes/s0016_01290_1_0_0_0_1_01.png,s0016,01290,1,0,0,0,1,01
Closed_Eyes/s0016_01291_1_0_0_1_1_01.png,s0016,01291,1,0,0,1,1,01
Closed_Eyes/s0016_01292_1_0_0_1_1_01.png,s0016,01292,1,0,0,1,1,01
Closed_Eyes/s0016_01293_1_0_0_1_1_01.png,s0016,01293,1,0,0,1,1,01
Closed_Eyes/s0016_01294_1_0_0_0_1_01.png,s0016,01294,1,0,0,0,1,01
Closed_Eyes/s0016_01298_1_0_0_1_1_01.png,s0016,01298,1,0,0,1,1,01
Closed_Eyes/s0016_01299_1_0_0_0_1_01.png,s0016,01299,1,0,0,0,1,01
Closed_Eyes/s0016_01300_1_0_0_1_1_01.png,s0016,01300,1,0,0,1,1,01
Closed_Eyes/s0016_01301_1_0_0_1_1_01.png,s0016,01301,1,0,0,1,1,01
Closed_Eyes/s0016_01302_1_0_0_0_1_01.png,s0016,01302,1,0,0,0,1,01
Closed_Eyes/s0016_01303_1_0_0_0_1_01.png,s0016,01303,1,0,0,0,1,01
Closed_Eyes/s0016_01304_1_0_0_0_1_01.png,s0016,01304,1,0,0,0,1,01
Closed_Eyes/s0016_01305_1_0_0_1_1_01.png,s0016,01305,1,0,0,1,1,01
Closed_Eyes/s0016_01307_1_0_0_0_1_01.png,s0016,01307,1,0,0,0,1,01
Closed_Eyes/s0016_01308_1_0_0_0_1_01.png,s0016,01308,1,0,0,0,1,01
Closed_Eyes/s0016_01309_1_0_0_0_1_01.png,s0016,01309,1,0,0,0,1,01
Closed_Eyes/s0016_01310_1_0_0_1_1_01.png,s0016,01310,1,0,0,1,1,01
Closed_Eyes/s0016_01311_1_0_0_0_1_01.png,s0016,01311,1,0,0,0,1,01
Closed_Eyes/s0016_01312_1_0_0_1_1_01.png,s0016,01312,1,0,0,1,1,01
Closed_Eyes/s0016_01313_1_0_0_0_1_01.png,s0016,01313,1,0,0,0,1,01
Closed_Eyes/s0016_01314_1_0_0_1_1_01.png,s0016,01314,1,0,0,1,1,01
Closed_Eyes/s0016_01315_1_0_0_0_1_01.png,s0016,01315,1,0,0,0,1,01
Closed_Eyes/s0016_01316_1_0_0_1_1_01.png,s0016,01316,1,0,0,1,1,01
Closed_Eyes/s0016_01317_1_0_0_0_0_01.png,s0016,01317,1,0,0,0,0,01
Closed_Eyes/s0016_01318_1_0_0_0_1_01.png,s0016,01318,1,0,0,0,1,01
Closed_Eyes/s0016_01319_1_0_0_0_1_01.png,s0016,01319,1,0,0,0,1,01
Closed_Eyes/s0016_01320_1_0_0_0_1_01.png,s0016,01320,1,0,0,0,1,01
Closed_Eyes/s0016_01321_1_0_0_0_1_01.png,s0016,01321,1,0,0,0,1,01
Closed_Eyes/s0016_01322_1_0_0_1_1_01.png,s0016,01322,1,0,0,1,1,01
Closed_Eyes/s0016_01323_1_0_0_0_1_01.png,s0016,01323,1,0,0,0,1,01
Closed_Eyes/s0016_01324_1_0_0_1_1_01.png,s0016,01324,1,0,0,1,1,01
Closed_Eyes/s0016_01325_1_0_0_0_1_01.png,s0016,01325,1,0,0,0,1,01
Closed_Eyes/s0016_01326_1_0_0_1_1_01.png,s0016,01326,1,0,0,1,1,01
Closed_Eyes/s0016_01327_1_0_0_0_1_01.png,s0016,01327,1,0,0,0,1,01
Closed_Eyes/s0016_01328_1_0_0_0_1_01.png,s0016,01328,1,0,0,0,1,01
Closed_Eyes/s0016_01329_1_0_0_0_1_01.png,s0016,01329,1,0,0,0,1,01
Closed_Eyes/s0016_01330_1_0_0_0_1_01.png,s0016,01330,1,0,0,0,1,01
Closed_Eyes/s0016_01331_1_0_0_0_1_01.png,s0016,01331,1,0,0,0,1,01
Closed_Eyes/s0016_01332_1_0_0_0_1_01.png,s0016,01332,1,0,0,0,1,01
Closed_Eyes/s0016_01333_1_0_0_0_1_01.png,s0016,01333,1,0,0,0,1,01
Closed_Eyes/s0016_01334_1_0_0_0_1_01.png,s0016,01334,1,0,0,0,1,01
Closed_Eyes/s0016_01335_1_0_0_0_1_01.png,s0016,01335,1,0,0,0,1,01
Closed_Eyes/s0016_01336_1_0_0_0_1_01.png,s0016,01336,1,0,0,0,1,01
Closed_Eyes/s0016_01337_1_0_0_0_1_01.png,s0016,01337,1,0,0,0,1,01
Closed_Eyes/s0016_01338_1_0_0_0_1_01.png,s0016,01338,1,0,0,0,1,01
Closed_Eyes/s0016_01339_1_0_0_0_1_01.png,s0016,01339,1,0,0,0,1,01
Closed_Eyes/s0016_01340_1_0_0_0_1_01.png,s0016,01340,1,0,0,0,1,01
Closed_Eyes/s0016_01341_1_0_0_1_1_01.png,s0016,01341,1,0,0,1,1,01
Closed_Eyes/s0016_01342_1_0_0_0_1_01.png,s0016,01342,1,0,0,0,1,01
Closed_Eyes/s0016_01343_1_0_0_0_1_01.png,s0016,01343,1,0,0,0,1,01
Closed_Eyes/s0016_01344_1_0_0_0_1_01.png,s0016,01344,1,0,0,0,1,01
Closed_Eyes/s0016_01345_1_0_0_0_1_01.png,s0016,01345,1,0,0,0,1,01
Closed_Eyes/s0016_01346_1_0_0_0_1_01.png,s0016,01346,1,0,0,0,1,01
Closed_Eyes/s0016_01347_1_0_0_0_1_01.png,s0016,01347,1,0,0,0,1,01
Closed_Eyes/s0016_01348_1_0_0_1_1_01.png,s0016,01348,1,0,0,1,1,01
Closed_Eyes/s0016_01349_1_0_0_0_1_01.png,s0016,01349,1,0,0,0,1,01
Closed_Eyes/s0016_01350_1_0_0_1_1_01.png,s0016,01350,1,0,0,1,1,01
Closed_Eyes/s0016_01351_1_0_0_0_1_01.png,s0016,01351,1,0,0,0,1,01
Closed_Eyes/s0016_01352_1_0_0_0_1_01.png,s0016,01352,1,0,0,0,1,01
Closed_Eyes/s0016_01377_1_0_0_1_1_01.png,s0016,01377,1,0,0,1,1,01
Closed_Eyes/s0016_01378_1_0_0_1_1_01.png,s0016,01378,1,0,0,1,1,01
Closed_Eyes/s0016_01379_1_0_0_1_1_01.png,s0016,01379,1,0,0,1,1,01
Closed_Eyes/s0016_01380_1_0_0_0_1_01.png,s0016,01380,1,0,0,0,1,01
Closed_Eyes/s0016_01381_1_0_0_1_1_01.png,s0016,01381,1,0,0,1,1,01
Closed_Eyes/s0016_01382_1_0_0_0_1_01.png,s0016,01382,1,0,0,0,1,01
Closed_Eyes/s0016_01383_1_0_0_1_1_01.png,s0016,01383,1,0,0,1,1,01
Closed_Eyes/s0016_01384_1_0_0_0_1_01.png,s0016,01384,1,0,0,0,1,01
Closed_Eyes/s0016_01385_1_0_0_0_1_01.png,s0016,01385,1,0,0,0,1,01
Closed_Eyes/s0016_01386_1_0_0_2_1_01.png,s0016,01386,1,0,0,2,1,01
Closed_Eyes/s0016_01387_1_0_0_0_1_01.png,s0016,01387,1,0,0,0,1,01
Closed_Eyes/s0016_01388_1_0_0_1_1_01.png,s0016,01388,1,0,0,1,1,01
Closed_Eyes/s0016_01389_1_0_0_0_1_01.png,s0016,01389,1,0,0,0,1,01
Closed_Eyes/s0016_01390_1_0_0_1_1_01.png,s0016,01390,1,0,0,1,1,01
Closed_Eyes/s0016_01391_1_0_0_0_1_01.png,s0016,01391,1,0,0,0,1,01
Closed_Eyes/s0016_01392_1_0_0_1_1_01.png,s0016,01392,1,0,0,1,1,01
Closed_Eyes/s0016_01393_1_0_0_0_1_01.png,s0016,01393,1,0,0,0,1,01
Closed_Eyes/s0016_01394_1_0_0_1_1_01.png,s0016,01394,1,0,0,1,1,01
Closed_Eyes/s0016_01395_1_0_0_0_1_01.png,s0016,01395,1,0,0,0,1,01
Closed_Eyes/s0016_01396_1_0_0_0_1_01.png,s0016,01396,1,0,0,0,1,01
Closed_Eyes/s0016_01397_1_0_0_1_1_01.png,s0016,01397,1,0,0,1,1,01
Closed_Eyes/s0016_01426_1_0_0_0_1_01.png,s0016,01426,1,0,0,0,1,01
Closed_Eyes/s0016_01427_1_0_0_0_1_01.png,s0016,01427,1,0,0,0,1,01
Closed_Eyes/s0016_01428_1_0_0_0_1_01.png,s0016,01428,1,0,0,0,1,01
Closed_Eyes/s0016_01429_1_0_0_0_1_01.png,s0016,01429,1,0,0,0,1,01
Closed_Eyes/s0016_01430_1_0_0_0_1_01.png,s0016,01430,1,0,0,0,1,01
Closed_Eyes/s0016_01442_1_0_0_0_1_01.png,s0016,01442,1,0,0,0,1,01
Closed_Eyes/s0016_01443_1_0_0_0_1_01.png,s0016,01443,1,0,0,0,1,01
Closed_Eyes/s0016_01444_1_0_0_0_1_01.png,s0016,01444,1,0,0,0,1,01
Closed_Eyes/s0016_01445_1_0_0_0_1_01.png,s0016,01445,1,0,0,0,1,01
Closed_Eyes/s0016_01446_1_0_0_0_1_01.png,s0016,01446,1,0,0,0,1,01
Closed_Eyes/s0016_01447_1_0_0_0_1_01.png,s0016,01447,1,0,0,0,1,01
Closed_Eyes/s0016_01460_1_0_0_0_1_01.png,s0016,01460,1,0,0,0,1,01
Closed_Eyes/s0016_01461_1_0_0_0_1_01.png,s0016,01461,1,0,0,0,1,01
Closed_Eyes/s0016_01462_1_0_0_0_1_01.png,s0016,01462,1,0,0,0,1,01
Closed_Eyes/s0016_01463_1_0_0_0_1_01.png,s0016,01463,1,0,0,0,1,01
Closed_Eyes/s0016_01464_1_0_0_0_1_01.png,s0016,01464,1,0,0,0,1,01
Closed_Eyes/s0016_01465_1_0_0_0_1_01.png,s0016,01465,1,0,0,0,1,01
Closed_Eyes/s0016_01466_1_0_0_0_1_01.png,s0016,01466,1,0,0,0,1,01
Closed_Eyes/s0016_01467_1_0_0_0_1_01.png,s0016,01467,1,0,0,0,1,01
Closed_Eyes/s0016_01468_1_0_0_0_1_01.png,s0016,01468,1,0,0,0,1,01
Closed_Eyes/s0016_01469_1_0_0_0_1_01.png,s0016,01469,1,0,0,0,1,01
Closed_Eyes/s0016_01470_1_0_0_0_1_01.png,s0016,01470,1,0,0,0,1,01
Closed_Eyes/s0016_01471_1_0_0_0_1_01.png,s0016,01471,1,0,0,0,1,01
Closed_Eyes/s0016_01472_1_0_0_0_1_01.png,s0016,01472,1,0,0,0,1,01
Closed_Eyes/s0016_01485_1_0_0_0_1_01.png,s0016,01485,1,0,0,0,1,01
Closed_Eyes/s0016_01486_1_0_0_0_1_01.png,s0016,01486,1,0,0,0,1,01
Closed_Eyes/s0016_01487_1_0_0_0_1_01.png,s0016,01487,1,0,0,0,1,01
Closed_Eyes/s0016_01488_1_0_0_0_1_01.png,s0016,01488,1,0,0,0,1,01
Closed_Eyes/s0016_01489_1_0_0_0_1_01.png,s0016,01489,1,0,0,0,1,01
Closed_Eyes/s0016_01490_1_0_0_0_1_01.png,s0016,01490,1,0,0,0,1,01
Closed_Eyes/s0016_01491_1_0_0_0_1_01.png,s0016,01491,1,0,0,0,1,01
Closed_Eyes/s0016_01492_1_0_0_0_1_01.png,s0016,01492,1,0,0,0,1,01
Closed_Eyes/s0016_01493_1_0_0_0_1_01.png,s0016,01493,1,0,0,0,1,01
Closed_Eyes/s0016_01494_1_0_0_0_1_01.png,s0016,01494,1,0,0,0,1,01
Closed_Eyes/s0016_01495_1_0_0_0_1_01.png,s0016,01495,1,0,0,0,1,01
Closed_Eyes/s0016_01496_1_0_0_0_0_01.png,s0016,01496,1,0,0,0,0,01
Closed_Eyes/s0016_01497_1_0_0_0_0_01.png,s0016,01497,1,0,0,0,0,01
Closed_Eyes/s0016_01498_1_0_0_0_1_01.png,s0016,01498,1,0,0,0,1,01
Closed_Eyes/s0016_01499_1_0_0_0_1_01.png,s0016,01499,1,0,0,0,1,01
Closed_Eyes/s0016_01500_1_0_0_0_1_01.png,s0016,01500,1,0,0,0,1,01
Closed_Eyes/s0016_01501_1_0_0_0_1_01.png,s0016,01501,1,0,0,0,1,01
Closed_Eyes/s0016_01502_1_0_0_0_1_01.png,s0016,01502,1,0,0,0,1,01
Closed_Eyes/s0016_01503_1_0_0_0_1_01.png,s0016,01503,1,0,0,0,1,01
Closed_Eyes/s0016_01552_1_0_0_0_1_01.png,s0016,01552,1,0,0,0,1,01
Closed_Eyes/s0016_01553_1_0_0_0_1_01.png,s0016,01553,1,0,0,0,1,01
Closed_Eyes/s0016_01554_1_0_0_0_1_01.png,s0016,01554,1,0,0,0,1,01
Closed_Eyes/s0016_01555_1_0_0_1_1_01.png,s0016,01555,1,0,0,1,1,01
Closed_Eyes/s0016_01556_1_0_0_0_1_01.png,s0016,01556,1,0,0,0,1,01
Closed_Eyes/s0016_01557_1_0_0_0_1_01.png,s0016,01557,1,0,0,0,1,01
Closed_Eyes/s0016_01558_1_0_0_0_1_01.png,s0016,01558,1,0,0,0,1,01
Closed_Eyes/s0016_01559_1_0_0_0_1_01.png,s0016,01559,1,0,0,0,1,01
Closed_Eyes/s0016_01560_1_0_0_0_1_01.png,s0016,01560,1,0,0,0,1,01
Closed_Eyes/s0016_01561_1_0_0_0_1_01.png,s0016,01561,1,0,0,0,1,01
Closed_Eyes/s0016_01562_1_0_0_0_1_01.png,s0016,01562,1,0,0,0,1,01
Closed_Eyes/s0016_01575_1_0_0_0_1_01.png,s0016,01575,1,0,0,0,1,01
Closed_Eyes/s0016_01576_1_0_0_0_1_01.png,s0016,01576,1,0,0,0,1,01
Closed_Eyes/s0016_01577_1_0_0_0_1_01.png,s0016,01577,1,0,0,0,1,01
Closed_Eyes/s0016_01578_1_0_0_0_1_01.png,s0016,01578,1,0,0,0,1,01
Closed_Eyes/s0016_01579_1_0_0_0_1_01.png,s0016,01579,1,0,0,0,1,01
Closed_Eyes/s0016_01580_1_0_0_0_1_01.png,s0016,01580,1,0,0,0,1,01
Closed_Eyes/s0016_01581_1_0_0_0_1_01.png,s0016,01581,1,0,0,0,1,01
Closed_Eyes/s0016_01582_1_0_0_0_1_01.png,s0016,01582,1,0,0,0,1,01
Closed_Eyes/s0016_01583_1_0_0_0_1_01.png,s0016,01583,1,0,0,0,1,01
Closed_Eyes/s0016_01584_1_0_0_0_1_01.png,s0016,01584,1,0,0,0,1,01
Closed_Eyes/s0016_01585_1_0_0_0_1_01.png,s0016,01585,1,0,0,0,1,01
Closed_Eyes/s0016_01586_1_0_0_0_1_01.png,s0016,01586,1,0,0,0,1,01
Closed_Eyes/s0016_01587_1_0_0_0_1_01.png,s0016,01587,1,0,0,0,1,01
Closed_Eyes/s0016_01588_1_0_0_0_1_01.png,s0016,01588,1,0,0,0,1,01
Closed_Eyes/s0016_01589_1_0_0_0_1_01.png,s0016,01589,1,0,0,0,1,01
Closed_Eyes/s0016_01590_1_0_0_0_1_01.png,s0016,01590,1,0,0,0,1,01
Closed_Eyes/s0016_01591_1_0_0_0_1_01.png,s0016,01591,1,0,0,0,1,01
Closed_Eyes/s0016_01592_1_0_0_0_1_01.png,s0016,01592,1,0,0,0,1,01
Closed_Eyes/s0016_01593_1_0_0_0_1_01.png,s0016,01593,1,0,0,0,1,01
Closed_Eyes/s0016_01594_1_0_0_0_0_01.png,s0016,01594,1,0,0,0,0,01
Closed_Eyes/s0016_01618_1_0_0_0_0_01.png,s0016,01618,1,0,0,0,0,01
Closed_Eyes/s0016_01631_1_0_0_0_1_01.png,s0016,01631,1,0,0,0,1,01
Closed_Eyes/s0016_01632_1_0_0_0_0_01.png,s0016,01632,1,0,0,0,0,01
Closed_Eyes/s0016_01633_1_0_0_0_1_01.png,s0016,01633,1,0,0,0,1,01
Closed_Eyes/s0016_01634_1_0_0_0_0_01.png,s0016,01634,1,0,0,0,0,01
Closed_Eyes/s0016_01635_1_0_0_0_1_01.png,s0016,01635,1,0,0,0,1,01
Closed_Eyes/s0016_01636_1_0_0_0_0_01.png,s0016,01636,1,0,0,0,0,01
Closed_Eyes/s0016_01637_1_0_0_0_1_01.png,s0016,01637,1,0,0,0,1,01
Closed_Eyes/s0016_01638_1_0_0_0_1_01.png,s0016,01638,1,0,0,0,1,01
Closed_Eyes/s0016_01639_1_0_0_0_1_01.png,s0016,01639,1,0,0,0,1,01
Closed_Eyes/s0016_01663_1_0_0_0_1_01.png,s0016,01663,1,0,0,0,1,01
Closed_Eyes/s0016_01664_1_0_0_0_1_01.png,s0016,01664,1,0,0,0,1,01
Closed_Eyes/s0016_01665_1_0_0_0_1_01.png,s0016,01665,1,0,0,0,1,01
Closed_Eyes/s0016_01666_1_0_0_0_1_01.png,s0016,01666,1,0,0,0,1,01
Closed_Eyes/s0016_01667_1_0_0_0_1_01.png,s0016,01667,1,0,0,0,1,01
Closed_Eyes/s0016_01668_1_0_0_0_1_01.png,s0016,01668,1,0,0,0,1,01
Closed_Eyes/s0016_01669_1_0_0_0_1_01.png,s0016,01669,1,0,0,0,1,01
Closed_Eyes/s0016_01670_1_0_0_0_1_01.png,s0016,01670,1,0,0,0,1,01
Closed_Eyes/s0016_01671_1_0_0_0_1_01.png,s0016,01671,1,0,0,0,1,01
Closed_Eyes/s0016_01672_1_0_0_0_1_01.png,s0016,01672,1,0,0,0,1,01
Closed_Eyes/s0016_01673_1_0_0_0_1_01.png,s0016,01673,1,0,0,0,1,01
Closed_Eyes/s0016_01686_1_0_0_0_1_01.png,s0016,01686,1,0,0,0,1,01
Closed_Eyes/s0016_01687_1_0_0_0_1_01.png,s0016,01687,1,0,0,0,1,01
Closed_Eyes/s0016_01688_1_0_0_0_1_01.png,s0016,01688,1,0,0,0,1,01
Closed_Eyes/s0016_01689_1_0_0_0_1_01.png,s0016,01689,1,0,0,0,1,01
Closed_Eyes/s0016_01690_1_0_0_0_1_01.png,s0016,01690,1,0,0,0,1,01
Closed_Eyes/s0016_01691_1_0_0_0_1_01.png,s0016,01691,1,0,0,0,1,01
Closed_Eyes/s0016_01692_1_0_0_0_1_01.png,s0016,01692,1,0,0,0,1,01
Closed_Eyes/s0016_01693_1_0_0_0_1_01.png,s0016,01693,1,0,0,0,1,01
Closed_Eyes/s0016_01700_1_0_0_0_1_01.png,s0016,01700,1,0,0,0,1,01
Closed_Eyes/s0016_01701_1_0_0_0_1_01.png,s0016,01701,1,0,0,0,1,01
Closed_Eyes/s0016_01702_1_0_0_0_1_01.png,s0016,01702,1,0,0,0,1,01
Closed_Eyes/s0016_01703_1_0_0_0_1_01.png,s0016,01703,1,0,0,0,1,01
Closed_Eyes/s0016_01704_1_0_0_1_1_01.png,s0016,01704,1,0,0,1,1,01
Closed_Eyes/s0016_01705_1_0_0_0_1_01.png,s0016,01705,1,0,0,0,1,01
Closed_Eyes/s0016_01706_1_0_0_0_1_01.png,s0016,01706,1,0,0,0,1,01
Closed_Eyes/s0016_01707_1_0_0_0_1_01.png,s0016,01707,1,0,0,0,1,01
Closed_Eyes/s0016_01708_1_0_0_1_1_01.png,s0016,01708,1,0,0,1,1,01
Closed_Eyes/s0016_01709_1_0_0_1_1_01.png,s0016,01709,1,0,0,1,1,01
Closed_Eyes/s0016_01710_1_0_0_0_1_01.png,s0016,01710,1,0,0,0,1,01
Closed_Eyes/s0016_01711_1_0_0_0_1_01.png,s0016,01711,1,0,0,0,1,01
Closed_Eyes/s0016_01712_1_0_0_1_1_01.png,s0016,01712,1,0,0,1,1,01
Closed_Eyes/s0016_01713_1_0_0_1_1_01.png,s0016,01713,1,0,0,1,1,01
Closed_Eyes/s0016_01714_1_0_0_0_1_01.png,s0016,01714,1,0,0,0,1,01
Closed_Eyes/s0016_01715_1_0_0_0_1_01.png,s0016,01715,1,0,0,0,1,01
Closed_Eyes/s0016_01716_1_0_0_0_1_01.png,s0016,01716,1,0,0,0,1,01
Closed_Eyes/s0017_00030_1_0_0_0_1_01.png,s0017,00030,1,0,0,0,1,01
Closed_Eyes/s0017_00031_1_0_0_0_0_01.png,s0017,00031,1,0,0,0,0,01
Closed_Eyes/s0017_00032_1_0_0_0_1_01.png,s0017,00032,1,0,0,0,1,01
Closed_Eyes/s0017_00033_1_0_0_0_0_01.png,s0017,00033,1,0,0,0,0,01
Closed_Eyes/s0017_00034_1_0_0_0_1_01.png,s0017,00034,1,0,0,0,1,01
Closed_Eyes/s0017_00035_1_0_0_0_0_01.png,s0017,00035,1,0,0,0,0,01
Closed_Eyes/s0017_00036_1_0_0_0_1_01.png,s0017,00036,1,0,0,0,1,01
Closed_Eyes/s0017_00037_1_0_0_0_0_01.png,s0017,00037,1,0,0,0,0,01
Closed_Eyes/s0017_00038_1_0_0_0_1_01.png,s0017,00038,1,0,0,0,1,01
Closed_Eyes/s0017_00039_1_0_0_0_0_01.png,s0017,00039,1,0,0,0,0,01
Closed_Eyes/s0017_00179_1_0_0_0_1_01.png,s0017,00179,1,0,0,0,1,01
Closed_Eyes/s0017_00180_1_0_0_0_1_01.png,s0017,00180,1,0,0,0,1,01
Closed_Eyes/s0017_00181_1_0_0_0_1_01.png,s0017,00181,1,0,0,0,1,01
Closed_Eyes/s0017_00182_1_0_0_0_1_01.png,s0017,00182,1,0,0,0,1,01
Closed_Eyes/s0017_00183_1_0_0_0_1_01.png,s0017,00183,1,0,0,0,1,01
Closed_Eyes/s0017_00184_1_0_0_0_1_01.png,s0017,00184,1,0,0,0,1,01
Closed_Eyes/s0017_00185_1_0_0_0_1_01.png,s0017,00185,1,0,0,0,1,01
Closed_Eyes/s0017_00186_1_0_0_0_1_01.png,s0017,00186,1,0,0,0,1,01
Closed_Eyes/s0017_00187_1_0_0_0_1_01.png,s0017,00187,1,0,0,0,1,01
Closed_Eyes/s0017_00188_1_0_0_0_1_01.png,s0017,00188,1,0,0,0,1,01
Closed_Eyes/s0017_00189_1_0_0_0_1_01.png,s0017,00189,1,0,0,0,1,01
Closed_Eyes/s0017_00190_1_0_0_0_1_01.png,s0017,00190,1,0,0,0,1,01
Closed_Eyes/s0017_00191_1_0_0_0_1_01.png,s0017,00191,1,0,0,0,1,01
Closed_Eyes/s0017_00192_1_0_0_0_1_01.png,s0017,00192,1,0,0,0,1,01
Closed_Eyes/s0017_00193_1_0_0_0_1_01.png,s0017,00193,1,0,0,0,1,01
Closed_Eyes/s0017_00194_1_0_0_0_1_01.png,s0017,00194,1,0,0,0,1,01
Closed_Eyes/s0017_00195_1_0_0_0_1_01.png,s0017,00195,1,0,0,0,1,01
Closed_Eyes/s0017_00196_1_0_0_0_1_01.png,s0017,00196,1,0,0,0,1,01
Closed_Eyes/s0017_00197_1_0_0_0_1_01.png,s0017,00197,1,0,0,0,1,01
Closed_Eyes/s0017_00198_1_0_0_0_1_01.png,s0017,00198,1,0,0,0,1,01
Closed_Eyes/s0017_00199_1_0_0_0_1_01.png,s0017,00199,1,0,0,0,1,01
Open_Eyes/s0017_01510_1_0_1_0_0_01.png,s0017,01510,1,0,1,0,0,01
Open_Eyes/s0017_01546_1_0_1_0_1_01.png,s0017,01546,1,0,1,0,1,01
Open_Eyes/s0017_01547_1_0_1_0_1_01.png,s0017,01547,1,0,1,0,1,01
Closed_Eyes/s0018_00070_0_0_0_0_1_01.png,s0018,00070,0,0,0,0,1,01
Closed_Eyes/s0018_00072_0_0_0_0_1_01.png,s0018,00072,0,0,0,0,1,01
Closed_Eyes/s0018_00074_0_0_0_0_1_01.png,s0018,00074,0,0,0,0,1,01
Closed_Eyes/s0018_00121_0_0_0_0_1_01.png,s0018,00121,0,0,0,0,1,01
Closed_Eyes/s0018_00122_0_0_0_0_0_01.png,s0018,00122,0,0,0,0,0,01
Closed_Eyes/s0018_00123_0_0_0_0_1_01.png,s0018,00123,0,0,0,0,1,01
Closed_Eyes/s0018_00124_0_0_0_0_0_01.png,s0018,00124,0,0,0,0,0,01
Closed_Eyes/s0018_00125_0_0_0_0_1_01.png,s0018,00125,0,0,0,0,1,01
Closed_Eyes/s0018_00138_0_0_0_0_0_01.png,s0018,00138,0,0,0,0,0,01
Closed_Eyes/s0018_00139_0_0_0_0_1_01.png,s0018,00139,0,0,0,0,1,01
Closed_Eyes/s0018_00140_0_0_0_0_0_01.png,s0018,00140,0,0,0,0,0,01
Closed_Eyes/s0018_00141_0_0_0_0_1_01.png,s0018,00141,0,0,0,0,1,01
Closed_Eyes/s0018_00142_0_0_0_0_0_01.png,s0018,00142,0,0,0,0,0,01
Closed_Eyes/s0018_00143_0_0_0_0_1_01.png,s0018,00143,0,0,0,0,1,01
Closed_Eyes/s0018_00144_0_0_0_0_0_01.png,s0018,00144,0,0,0,0,0,01
Closed_Eyes/s0018_00145_0_0_0_0_1_01.png,s0018,00145,0,0,0,0,1,01
Closed_Eyes/s0018_00146_0_0_0_0_0_01.png,s0018,00146,0,0,0,0,0,01
Closed_Eyes/s0018_00147_0_0_0_0_1_01.png,s0018,00147,0,0,0,0,1,01
Closed_Eyes/s0018_00148_0_0_0_0_0_01.png,s0018,00148,0,0,0,0,0,01
Closed_Eyes/s0018_00149_0_0_0_0_1_01.png,s0018,00149,0,0,0,0,1,01
Open_Eyes/s0018_03700_0_0_1_0_1_01.png,s0018,03700,0,0,1,0,1,01
Open_Eyes/s0018_03701_0_0_1_0_1_01.png,s0018,03701,0,0,1,0,1,01
Open_Eyes/s0018_03702_0_0_1_0_1_01.png,s0018,03702,0,0,1,0,1,01
Open_Eyes/s0018_03703_0_0_1_0_1_01.png,s0018,03703,0,0,1,0,1,01
Open_Eyes/s0018_03704_0_0_1_0_1_01.png,s0018,03704,0,0,1,0,1,01
Open_Eyes/s0018_03705_0_0_1_0_1_01.png,s0018,03705,0,0,1,0,1,01
Open_Eyes/s0018_03706_0_0_1_0_1_01.png,s0018,03706,0,0,1,0,1,01
Open_Eyes/s0018_03707_0_0_1_0_1_01.png,s0018,03707,0,0,1,0,1,01
Open_Eyes/s0018_03708_0_0_1_0_1_01.png,s0018,03708,0,0,1,0,1,01
Open_Eyes/s0018_03709_0_0_1_0_1_01.png,s0018,03709,0,0,1,0,1,01
Open_Eyes/s0018_03710_0_0_1_0_1_01.png,s0018,03710,0,0,1,0,1,01
Open_Eyes/s0018_03711_0_0_1_0_1_01.png,s0018,03711,0,0,1,0,1,01
Open_Eyes/s0018_03712_0_0_1_0_1_01.png,s0018,03712,0,0,1,0,1,01
Open_Eyes/s0018_03713_0_0_1_0_1_01.png,s0018,03713,0,0,1,0,1,01
Open_Eyes/s0018_03714_0_0_1_0_1_01.png,s0018,03714,0,0,1,0,1,01
Open_Eyes/s0018_03715_0_0_1_0_1_01.png,s0018,03715,0,0,1,0,1,01
Open_Eyes/s0018_03716_0_0_1_0_1_01.png,s0018,03716,0,0,1,0,1,01
Open_Eyes/s0018_03717_0_0_1_0_1_01.png,s0018,03717,0,0,1,0,1,01
Open_Eyes/s0018_03718_0_0_1_0_1_01.png,s0018,03718,0,0,1,0,1,01
Open_Eyes/s0018_03719_0_0_1_0_1_01.png,s0018,03719,0,0,1,0,1,01
Open_Eyes/s0018_03720_0_0_1_0_1_01.png,s0018,03720,0,0,1,0,1,01
Open_Eyes/s0018_03737_0_0_1_0_1_01.png,s0018,03737,0,0,1,0,1,01
Open_Eyes/s0018_03738_0_0_1_0_1_01.png,s0018,03738,0,0,1,0,1,01
Open_Eyes/s0018_03739_0_0_1_0_1_01.png,s0018,03739,0,0,1,0,1,01
Open_Eyes/s0018_03740_0_0_1_0_1_01.png,s0018,03740,0,0,1,0,1,01
Open_Eyes/s0018_03741_0_0_1_0_1_01.png,s0018,03741,0,0,1,0,1,01
Open_Eyes/s0018_03742_0_0_1_0_1_01.png,s0018,03742,0,0,1,0,1,01
Open_Eyes/s0018_03747_0_0_1_0_1_01.png,s0018,03747,0,0,1,0,1,01
Open_Eyes/s0018_03748_0_0_1_0_1_01.png,s0018,03748,0,0,1,0,1,01
Open_Eyes/s0018_03749_0_0_1_0_1_01.png,s0018,03749,0,0,1,0,1,01
Open_Eyes/s0018_03750_0_0_1_0_1_01.png,s0018,03750,0,0,1,0,1,01
Open_Eyes/s0018_03751_0_0_1_0_1_01.png,s0018,03751,0,0,1,0,1,01
Open_Eyes/s0018_03752_0_0_1_0_1_01.png,s0018,03752,0,0,1,0,1,01
Open_Eyes/s0018_03753_0_0_1_0_1_01.png,s0018,03753,0,0,1,0,1,01
Open_Eyes/s0018_03757_0_0_1_0_1_01.png,s0018,03757,0,0,1,0,1,01
Open_Eyes/s0018_03758_0_0_1_0_1_01.png,s0018,03758,0,0,1,0,1,01
Open_Eyes/s0018_03759_0_0_1_0_1_01.png,s0018,03759,0,0,1,0,1,01
Open_Eyes/s0018_03760_0_0_1_0_1_01.png,s0018,03760,0,0,1,0,1,01
Open_Eyes/s0018_03761_0_0_1_0_1_01.png,s0018,03761,0,0,1,0,1,01
Open_Eyes/s0018_03762_0_0_1_0_1_01.png,s0018,03762,0,0,1,0,1,01
Open_Eyes/s0018_03763_0_0_1_0_1_01.png,s0018,03763,0,0,1,0,1,01
Open_Eyes/s0018_03764_0_0_1_0_1_01.png,s0018,03764,0,0,1,0,1,01
Open_Eyes/s0018_04005_0_0_1_0_1_01.png,s0018,04005,0,0,1,0,1,01
Open_Eyes/s0018_04006_0_0_1_0_1_01.png,s0018,04006,0,0,1,0,1,01
Open_Eyes/s0018_04007_0_0_1_0_1_01.png,s0018,04007,0,0,1,0,1,01
Open_Eyes/s0018_04008_0_0_1_0_1_01.png,s0018,04008,0,0,1,0,1,01
Open_Eyes/s0018_04009_0_0_1_0_1_01.png,s0018,04009,0,0,1,0,1,01
Open_Eyes/s0018_04010_0_0_1_0_1_01.png,s0018,04010,0,0,1,0,1,01
Open_Eyes/s0018_04011_0_0_1_0_1_01.png,s0018,04011,0,0,1,0,1,01
Open_Eyes/s0018_04012_0_0_1_0_1_01.png,s0018,04012,0,0,1,0,1,01
Open_Eyes/s0018_04025_0_0_1_0_1_01.png,s0018,04025,0,0,1,0,1,01
Open_Eyes/s0018_04026_0_0_1_0_1_01.png,s0018,04026,0,0,1,0,1,01
Open_Eyes/s0018_04027_0_0_1_0_1_01.png,s0018,04027,0,0,1,0,1,01
Open_Eyes/s0018_04028_0_0_1_0_1_01.png,s0018,04028,0,0,1,0,1,01
Open_Eyes/s0018_04029_0_0_1_0_1_01.png,s0018,04029,0,0,1,0,1,01
Open_Eyes/s0018_04030_0_0_1_0_1_01.png,s0018,04030,0,0,1,0,1,01
Open_Eyes/s0018_04031_0_0_1_0_1_01.png,s0018,04031,0,0,1,0,1,01
Open_Eyes/s0018_04032_0_0_1_0_1_01.png,s0018,04032,0,0,1,0,1,01
Open_Eyes/s0018_04033_0_0_1_0_1_01.png,s0018,04033,0,0,1,0,1,01
Open_Eyes/s0018_04034_0_0_1_0_1_01.png,s0018,04034,0,0,1,0,1,01
Open_Eyes/s0018_04035_0_0_1_0_1_01.png,s0018,04035,0,0,1,0,1,01
Open_Eyes/s0018_04036_0_0_1_0_1_01.png,s0018,04036,0,0,1,0,1,01
Open_Eyes/s0018_04037_0_0_1_0_1_01.png,s0018,04037,0,0,1,0,1,01
Open_Eyes/s0018_04038_0_0_1_0_1_01.png,s0018,04038,0,0,1,0,1,01
Open_Eyes/s0018_04039_0_0_1_0_1_01.png,s0018,04039,0,0,1,0,1,01
Open_Eyes/s0018_04040_0_0_1_0_1_01.png,s0018,04040,0,0,1,0,1,01
Open_Eyes/s0018_04041_0_0_1_0_1_01.png,s0018,04041,0,0,1,0,1,01
Open_Eyes/s0018_04042_0_0_1_0_1_01.png,s0018,04042,0,0,1,0,1,01
Open_Eyes/s0018_04043_0_0_1_0_1_01.png,s0018,04043,0,0,1,0,1,01
Open_Eyes/s0018_04044_0_0_1_1_1_01.png,s0018,04044,0,0,1,1,1,01
Open_Eyes/s0018_04045_0_0_1_0_1_01.png,s0018,04045,0,0,1,0,1,01
Open_Eyes/s0018_04050_0_0_1_0_1_01.png,s0018,04050,0,0,1,0,1,01
Open_Eyes/s0018_04051_0_0_1_0_1_01.png,s0018,04051,0,0,1,0,1,01
Open_Eyes/s0018_04052_0_0_1_0_1_01.png,s0018,04052,0,0,1,0,1,01
Open_Eyes/s0018_04053_0_0_1_0_1_01.png,s0018,04053,0,0,1,0,1,01
Open_Eyes/s0018_04054_0_0_1_0_1_01.png,s0018,04054,0,0,1,0,1,01
Open_Eyes/s0018_04055_0_0_1_0_1_01.png,s0018,04055,0,0,1,0,1,01
Open_Eyes/s0018_04056_0_0_1_1_1_01.png,s0018,04056,0,0,1,1,1,01
Open_Eyes/s0018_04057_0_0_1_0_1_01.png,s0018,04057,0,0,1,0,1,01
Open_Eyes/s0018_04058_0_0_1_1_1_01.png,s0018,04058,0,0,1,1,1,01
Open_Eyes/s0018_04059_0_0_1_0_1_01.png,s0018,04059,0,0,1,0,1,01
Open_Eyes/s0018_04060_0_0_1_0_1_01.png,s0018,04060,0,0,1,0,1,01
Open_Eyes/s0018_04061_0_0_1_0_1_01.png,s0018,04061,0,0,1,0,1,01
Open_Eyes/s0018_04062_0_0_1_0_1_01.png,s0018,04062,0,0,1,0,1,01
Open_Eyes/s0018_04063_0_0_1_0_1_01.png,s0018,04063,0,0,1,0,1,01
Open_Eyes/s0018_04350_0_1_1_2_0_01.png,s0018,04350,0,1,1,2,0,01
Open_Eyes/s0018_04351_0_1_1_2_0_01.png,s0018,04351,0,1,1,2,0,01
Open_Eyes/s0018_04352_0_1_1_2_0_01.png,s0018,04352,0,1,1,2,0,01
Open_Eyes/s0018_04353_0_1_1_2_0_01.png,s0018,04353,0,1,1,2,0,01
Open_Eyes/s0018_04354_0_1_1_2_0_01.png,s0018,04354,0,1,1,2,0,01
Open_Eyes/s0018_04355_0_1_1_2_0_01.png,s0018,04355,0,1,1,2,0,01
Open_Eyes/s0018_04358_0_1_1_2_0_01.png,s0018,04358,0,1,1,2,0,01
Open_Eyes/s0018_04359_0_1_1_2_0_01.png,s0018,04359,0,1,1,2,0,01
Open_Eyes/s0018_04360_0_1_1_2_0_01.png,s0018,04360,0,1,1,2,0,01
Open_Eyes/s0018_04361_0_1_1_2_0_01.png,s0018,04361,0,1,1,2,0,01
Open_Eyes/s0018_04362_0_1_1_2_0_01.png,s0018,04362,0,1,1,2,0,01
Open_Eyes/s0018_04363_0_1_1_2_0_01.png,s0018,04363,0,1,1,2,0,01
Open_Eyes/s0018_04364_0_1_1_2_0_01.png,s0018,04364,0,1,1,2,0,01
Open_Eyes/s0018_04367_0_1_1_2_0_01.png,s0018,04367,0,1,1,2,0,01
Open_Eyes/s0018_04368_0_1_1_2_0_01.png,s0018,04368,0,1,1,2,0,01
Open_Eyes/s0018_04369_0_1_1_2_0_01.png,s0018,04369,0,1,1,2,0,01
Open_Eyes/s0018_04370_0_1_1_2_0_01.png,s0018,04370,0,1,1,2,0,01
Open_Eyes/s0018_04371_0_1_1_2_0_01.png,s0018,04371,0,1,1,2,0,01
Open_Eyes/s0018_04372_0_1_1_2_0_01.png,s0018,04372,0,1,1,2,0,01
Open_Eyes/s0018_04373_0_1_1_2_0_01.png,s0018,04373,0,1,1,2,0,01
Open_Eyes/s0018_04374_0_1_1_2_0_01.png,s0018,04374,0,1,1,2,0,01
Open_Eyes/s0018_04375_0_1_1_2_0_01.png,s0018,04375,0,1,1,2,0,01
Open_Eyes/s0018_04376_0_1_1_2_0_01.png,s0018,04376,0,1,1,2,0,01
Open_Eyes/s0018_04377_0_1_1_2_0_01.png,s0018,04377,0,1,1,2,0,01
Open_Eyes/s0018_04378_0_1_1_2_0_01.png,s0018,04378,0,1,1,2,0,01
Open_Eyes/s0018_04381_0_1_1_2_0_01.png,s0018,04381,0,1,1,2,0,01
Open_Eyes/s0018_04382_0_1_1_2_0_01.png,s0018,04382,0,1,1,2,0,01
Open_Eyes/s0018_04383_0_1_1_2_0_01.png,s0018,04383,0,1,1,2,0,01
Open_Eyes/s0018_04384_0_1_1_2_0_01.png,s0018,04384,0,1,1,2,0,01
Open_Eyes/s0018_04385_0_1_1_2_0_01.png,s0018,04385,0,1,1,2,0,01
Open_Eyes/s0018_04386_0_1_1_2_0_01.png,s0018,04386,0,1,1,2,0,01
Open_Eyes/s0018_04387_0_1_1_2_0_01.png,s0018,04387,0,1,1,2,0,01
Open_Eyes/s0018_04388_0_1_1_2_0_01.png,s0018,04388,0,1,1,2,0,01
Open_Eyes/s0018_04389_0_1_1_2_0_01.png,s0018,04389,0,1,1,2,0,01
Open_Eyes/s0018_04390_0_1_1_2_0_01.png,s0018,04390,0,1,1,2,0,01
Open_Eyes/s0018_04391_0_1_1_2_0_01.png,s0018,04391,0,1,1,2,0,01
Open_Eyes/s0018_04392_0_1_1_2_0_01.png,s0018,04392,0,1,1,2,0,01
Open_Eyes/s0018_04393_0_1_1_2_0_01.png,s0018,04393,0,1,1,2,0,01
Open_Eyes/s0018_04394_0_1_1_2_0_01.png,s0018,04394,0,1,1,2,0,01
Open_Eyes/s0018_04395_0_1_1_2_0_01.png,s0018,04395,0,1,1,2,0,01
Open_Eyes/s0018_04396_0_1_1_2_0_01.png,s0018,04396,0,1,1,2,0,01
Open_Eyes/s0018_04397_0_1_1_2_0_01.png,s0018,04397,0,1,1,2,0,01
Open_Eyes/s0018_04398_0_1_1_2_0_01.png,s0018,04398,0,1,1,2,0,01
Open_Eyes/s0018_04399_0_1_1_2_0_01.png,s0018,04399,0,1,1,2,0,01
Open_Eyes/s0018_04400_0_1_1_2_0_01.png,s0018,04400,0,1,1,2,0,01
Open_Eyes/s0018_04404_0_1_1_2_0_01.png,s0018,04404,0,1,1,2,0,01
Open_Eyes/s0018_04405_0_1_1_2_0_01.png,s0018,04405,0,1,1,2,0,01
Closed_Eyes/s0019_00040_0_0_0_0_1_01.png,s0019,00040,0,0,0,0,1,01
Closed_Eyes/s0019_00041_0_0_0_0_0_01.png,s0019,00041,0,0,0,0,0,01
Closed_Eyes/s0019_00042_0_0_0_0_1_01.png,s0019,00042,0,0,0,0,1,01
Closed_Eyes/s0019_00043_0_0_0_0_0_01.png,s0019,00043,0,0,0,0,0,01
Closed_Eyes/s0019_00044_0_0_0_0_1_01.png,s0019,00044,0,0,0,0,1,01
Closed_Eyes/s0019_00045_0_0_0_0_0_01.png,s0019,00045,0,0,0,0,0,01
Closed_Eyes/s0019_00046_0_0_0_0_1_01.png,s0019,00046,0,0,0,0,1,01
Closed_Eyes/s0019_00047_0_0_0_0_0_01.png,s0019,00047,0,0,0,0,0,01
Closed_Eyes/s0019_00048_0_0_0_0_1_01.png,s0019,00048,0,0,0,0,1,01
Closed_Eyes/s0019_00049_0_0_0_0_0_01.png,s0019,00049,0,0,0,0,0,01
Closed_Eyes/s0019_00050_0_0_0_0_0_01.png,s0019,00050,0,0,0,0,0,01
Closed_Eyes/s0019_00051_0_0_0_0_1_01.png,s0019,00051,0,0,0,0,1,01
Closed_Eyes/s0019_00052_0_0_0_0_0_01.png,s0019,00052,0,0,0,0,0,01
Closed_Eyes/s0019_00053_0_0_0_0_0_01.png,s0019,00053,0,0,0,0,0,01
Closed_Eyes/s0019_00113_0_0_0_0_1_01.png,s0019,00113,0,0,0,0,1,01
Closed_Eyes/s0019_00114_0_0_0_0_0_01.png,s0019,00114,0,0,0,0,0,01
Closed_Eyes/s0019_00115_0_0_0_0_1_01.png,s0019,00115,0,0,0,0,1,01
Closed_Eyes/s0019_00116_0_0_0_0_0_01.png,s0019,00116,0,0,0,0,0,01
Closed_Eyes/s0019_00117_0_0_0_0_1_01.png,s0019,00117,0,0,0,0,1,01
Closed_Eyes/s0019_00118_0_0_0_0_0_01.png,s0019,00118,0,0,0,0,0,01
Closed_Eyes/s0019_00119_0_0_0_0_1_01.png,s0019,00119,0,0,0,0,1,01
Closed_Eyes/s0019_00120_0_0_0_0_0_01.png,s0019,00120,0,0,0,0,0,01
Closed_Eyes/s0019_00121_0_0_0_0_1_01.png,s0019,00121,0,0,0,0,1,01
Closed_Eyes/s0019_00122_0_0_0_0_0_01.png,s0019,00122,0,0,0,0,0,01
Closed_Eyes/s0019_00123_0_0_0_0_1_01.png,s0019,00123,0,0,0,0,1,01
Closed_Eyes/s0019_00124_0_0_0_0_0_01.png,s0019,00124,0,0,0,0,0,01
Closed_Eyes/s0019_00125_0_0_0_0_1_01.png,s0019,00125,0,0,0,0,1,01
Closed_Eyes/s0019_00126_0_0_0_0_0_01.png,s0019,00126,0,0,0,0,0,01
Closed_Eyes/s0019_00127_0_0_0_0_1_01.png,s0019,00127,0,0,0,0,1,01
Closed_Eyes/s0019_00128_0_0_0_0_0_01.png,s0019,00128,0,0,0,0,0,01
Closed_Eyes/s0019_00129_0_0_0_0_1_01.png,s0019,00129,0,0,0,0,1,01
Closed_Eyes/s0019_00130_0_0_0_0_0_01.png,s0019,00130,0,0,0,0,0,01
Closed_Eyes/s0019_00131_0_0_0_0_1_01.png,s0019,00131,0,0,0,0,1,01
Closed_Eyes/s0019_00132_0_0_0_0_0_01.png,s0019,00132,0,0,0,0,0,01
Closed_Eyes/s0019_00133_0_0_0_0_0_01.png,s0019,00133,0,0,0,0,0,01
Closed_Eyes/s0019_00134_0_0_0_0_0_01.png,s0019,00134,0,0,0,0,0,01
Closed_Eyes/s0019_00135_0_0_0_0_0_01.png,s0019,00135,0,0,0,0,0,01
Closed_Eyes/s0019_00136_0_0_0_0_1_01.png,s0019,00136,0,0,0,0,1,01
Closed_Eyes/s0019_00137_0_0_0_0_0_01.png,s0019,00137,0,0,0,0,0,01
Closed_Eyes/s0019_00138_0_0_0_0_1_01.png,s0019,00138,0,0,0,0,1,01
Closed_Eyes/s0019_00139_0_0_0_0_0_01.png,s0019,00139,0,0,0,0,0,01
Closed_Eyes/s0019_00140_0_0_0_0_1_01.png,s0019,00140,0,0,0,0,1,01
Closed_Eyes/s0019_00141_0_0_0_0_0_01.png,s0019,00141,0,0,0,0,0,01
Closed_Eyes/s0019_00142_0_0_0_0_1_01.png,s0019,00142,0,0,0,0,1,01
Closed_Eyes/s0019_00143_0_0_0_0_0_01.png,s0019,00143,0,0,0,0,0,01
Closed_Eyes/s0019_00144_0_0_0_0_0_01.png,s0019,00144,0,0,0,0,0,01
Closed_Eyes/s0019_00145_0_0_0_0_1_01.png,s0019,00145,0,0,0,0,1,01
Closed_Eyes/s0019_00146_0_0_0_0_0_01.png,s0019,00146,0,0,0,0,0,01
Closed_Eyes/s0019_00147_0_0_0_0_1_01.png,s0019,00147,0,0,0,0,1,01
Closed_Eyes/s0019_00148_0_0_0_0_0_01.png,s0019,00148,0,0,0,0,0,01
Closed_Eyes/s0019_00149_0_0_0_0_1_01.png,s0019,00149,0,0,0,0,1,01
Closed_Eyes/s0019_00150_0_0_0_0_0_01.png,s0019,00150,0,0,0,0,0,01
Closed_Eyes/s0019_00151_0_0_0_0_1_01.png,s0019,00151,0,0,0,0,1,01
Closed_Eyes/s0019_00152_0_0_0_0_0_01.png,s0019,00152,0,0,0,0,0,01
Closed_Eyes/s0019_00153_0_0_0_0_0_01.png,s0019,00153,0,0,0,0,0,01
Closed_Eyes/s0019_00154_0_0_0_0_0_01.png,s0019,00154,0,0,0,0,0,01
Closed_Eyes/s0019_00155_0_0_0_0_1_01.png,s0019,00155,0,0,0,0,1,01
Closed_Eyes/s0019_00181_0_0_0_0_0_01.png,s0019,00181,0,0,0,0,0,01
Closed_Eyes/s0019_00182_0_0_0_0_0_01.png,s0019,00182,0,0,0,0,0,01
Closed_Eyes/s0019_00183_0_0_0_0_1_01.png,s0019,00183,0,0,0,0,1,01
Closed_Eyes/s0019_00192_0_0_0_0_0_01.png,s0019,00192,0,0,0,0,0,01
Closed_Eyes/s0019_00193_0_0_0_0_1_01.png,s0019,00193,0,0,0,0,1,01
Closed_Eyes/s0019_00194_0_0_0_0_0_01.png,s0019,00194,0,0,0,0,0,01
Closed_Eyes/s0019_00195_0_0_0_0_1_01.png,s0019,00195,0,0,0,0,1,01
Closed_Eyes/s0019_00196_0_0_0_0_1_01.png,s0019,00196,0,0,0,0,1,01
Closed_Eyes/s0019_00197_0_0_0_0_0_01.png,s0019,00197,0,0,0,0,0,01
Closed_Eyes/s0019_00198_0_0_0_0_1_01.png,s0019,00198,0,0,0,0,1,01
Closed_Eyes/s0019_00199_0_0_0_0_0_01.png,s0019,00199,0,0,0,0,0,01
Closed_Eyes/s0019_00200_0_0_0_0_1_01.png,s0019,00200,0,0,0,0,1,01
Open_Eyes/s0019_05699_0_0_1_0_0_01.png,s0019,05699,0,0,1,0,0,01
Open_Eyes/s0019_05700_0_0_1_0_0_01.png,s0019,05700,0,0,1,0,0,01
Open_Eyes/s0019_05701_0_0_1_0_0_01.png,s0019,05701,0,0,1,0,0,01
Open_Eyes/s0019_05702_0_0_1_0_0_01.png,s0019,05702,0,0,1,0,0,01
Open_Eyes/s0019_05703_0_0_1_0_0_01.png,s0019,05703,0,0,1,0,0,01
Open_Eyes/s0019_05704_0_0_1_0_0_01.png,s0019,05704,0,0,1,0,0,01
Open_Eyes/s0019_05717_0_0_1_0_0_01.png,s0019,05717,0,0,1,0,0,01
Open_Eyes/s0019_05718_0_0_1_0_0_01.png,s0019,05718,0,0,1,0,0,01
Open_Eyes/s0019_05719_0_0_1_0_0_01.png,s0019,05719,0,0,1,0,0,01
Open_Eyes/s0019_05720_0_0_1_0_0_01.png,s0019,05720,0,0,1,0,0,01
Open_Eyes/s0019_05721_0_0_1_0_0_01.png,s0019,05721,0,0,1,0,0,01
Open_Eyes/s0019_05722_0_0_1_0_0_01.png,s0019,05722,0,0,1,0,0,01
Open_Eyes/s0019_05735_0_0_1_0_0_01.png,s0019,05735,0,0,1,0,0,01
Open_Eyes/s0019_05736_0_0_1_0_0_01.png,s0019,05736,0,0,1,0,0,01
Open_Eyes/s0019_05737_0_0_1_0_0_01.png,s0019,05737,0,0,1,0,0,01
Open_Eyes/s0019_05738_0_0_1_0_0_01.png,s0019,05738,0,0,1,0,0,01
Open_Eyes/s0019_05739_0_0_1_0_0_01.png,s0019,05739,0,0,1,0,0,01
Open_Eyes/s0019_05740_0_0_1_0_0_01.png,s0019,05740,0,0,1,0,0,01
Open_Eyes/s0019_05741_0_0_1_0_0_01.png,s0019,05741,0,0,1,0,0,01
Open_Eyes/s0019_05742_0_0_1_0_0_01.png,s0019,05742,0,0,1,0,0,01
Open_Eyes/s0019_05743_0_0_1_0_0_01.png,s0019,05743,0,0,1,0,0,01
Open_Eyes/s0019_05744_0_0_1_0_0_01.png,s0019,05744,0,0,1,0,0,01
Open_Eyes/s0019_05745_0_0_1_0_0_01.png,s0019,05745,0,0,1,0,0,01
Open_Eyes/s0019_05746_0_0_1_0_0_01.png,s0019,05746,0,0,1,0,0,01
Open_Eyes/s0019_05747_0_0_1_0_0_01.png,s0019,05747,0,0,1,0,0,01
Open_Eyes/s0019_05748_0_0_1_0_0_01.png,s0019,05748,0,0,1,0,0,01
Open_Eyes/s0019_05966_0_0_1_0_0_01.png,s0019,05966,0,0,1,0,0,01
Open_Eyes/s0019_05967_0_0_1_0_0_01.png,s0019,05967,0,0,1,0,0,01
Open_Eyes/s0019_05968_0_0_1_0_0_01.png,s0019,05968,0,0,1,0,0,01
Open_Eyes/s0019_05992_0_0_1_0_0_01.png,s0019,05992,0,0,1,0,0,01
Open_Eyes/s0019_05993_0_0_1_0_0_01.png,s0019,05993,0,0,1,0,0,01
Open_Eyes/s0019_05994_0_0_1_0_0_01.png,s0019,05994,0,0,1,0,0,01
Open_Eyes/s0019_05995_0_0_1_0_0_01.png,s0019,05995,0,0,1,0,0,01
Open_Eyes/s0019_05996_0_0_1_0_0_01.png,s0019,05996,0,0,1,0,0,01
Open_Eyes/s0019_05997_0_0_1_0_0_01.png,s0019,05997,0,0,1,0,0,01
Open_Eyes/s0019_05998_0_0_1_0_0_01.png,s0019,05998,0,0,1,0,0,01
Open_Eyes/s0019_05999_0_0_1_0_0_01.png,s0019,05999,0,0,1,0,0,01
Open_Eyes/s0019_06000_0_0_1_0_0_01.png,s0019,06000,0,0,1,0,0,01
Open_Eyes/s0019_06001_0_0_1_0_0_01.png,s0019,06001,0,0,1,0,0,01
Open_Eyes/s0019_06002_0_0_1_0_0_01.png,s0019,06002,0,0,1,0,0,01
Open_Eyes/s0019_06003_0_0_1_0_0_01.png,s0019,06003,0,0,1,0,0,01
Open_Eyes/s0019_06004_0_0_1_0_0_01.png,s0019,06004,0,0,1,0,0,01
Open_Eyes/s0019_06005_0_0_1_0_0_01.png,s0019,06005,0,0,1,0,0,01
Open_Eyes/s0019_06006_0_0_1_0_0_01.png,s0019,06006,0,0,1,0,0,01
Open_Eyes/s0019_06007_0_0_1_0_0_01.png,s0019,06007,0,0,1,0,0,01
Open_Eyes/s0019_06008_0_0_1_0_0_01.png,s0019,06008,0,0,1,0,0,01
Open_Eyes/s0019_06009_0_0_1_0_0_01.png,s0019,06009,0,0,1,0,0,01
Open_Eyes/s0019_06010_0_0_1_0_0_01.png,s0019,06010,0,0,1,0,0,01
Open_Eyes/s0019_06011_0_0_1_0_0_01.png,s0019,06011,0,0,1,0,0,01
Open_Eyes/s0019_06012_0_0_1_0_0_01.png,s0019,06012,0,0,1,0,0,01
Open_Eyes/s0019_06013_0_0_1_0_0_01.png,s0019,06013,0,0,1,0,0,01
Open_Eyes/s0019_06014_0_0_1_0_0_01.png,s0019,06014,0,0,1,0,0,01
Open_Eyes/s0019_06015_0_0_1_0_0_01.png,s0019,06015,0,0,1,0,0,01
Open_Eyes/s0019_06016_0_0_1_0_0_01.png,s0019,06016,0,0,1,0,0,01
Open_Eyes/s0019_06017_0_0_1_0_0_01.png,s0019,06017,0,0,1,0,0,01
Open_Eyes/s0019_06018_0_0_1_0_0_01.png,s0019,06018,0,0,1,0,0,01
Open_Eyes/s0019_06019_0_0_1_0_0_01.png,s0019,06019,0,0,1,0,0,01
Open_Eyes/s0019_06020_0_0_1_0_0_01.png,s0019,06020,0,0,1,0,0,01
Open_Eyes/s0019_06021_0_0_1_0_0_01.png,s0019,06021,0,0,1,0,0,01
Open_Eyes/s0019_06022_0_0_1_0_0_01.png,s0019,06022,0,0,1,0,0,01
Open_Eyes/s0019_06023_0_0_1_0_0_01.png,s0019,06023,0,0,1,0,0,01
Open_Eyes/s0019_06024_0_0_1_0_0_01.png,s0019,06024,0,0,1,0,0,01
Open_Eyes/s0019_06025_0_0_1_0_0_01.png,s0019,06025,0,0,1,0,0,01
Open_Eyes/s0019_06026_0_0_1_0_0_01.png,s0019,06026,0,0,1,0,0,01
Open_Eyes/s0019_06027_0_0_1_0_0_01.png,s0019,06027,0,0,1,0,0,01
Open_Eyes/s0019_06028_0_0_1_0_0_01.png,s0019,06028,0,0,1,0,0,01
Open_Eyes/s0019_06029_0_0_1_0_0_01.png,s0019,06029,0,0,1,0,0,01
Open_Eyes/s0019_06030_0_0_1_0_0_01.png,s0019,06030,0,0,1,0,0,01
Open_Eyes/s0019_06031_0_0_1_0_0_01.png,s0019,06031,0,0,1,0,0,01
Open_Eyes/s0019_06032_0_0_1_0_0_01.png,s0019,06032,0,0,1,0,0,01
Open_Eyes/s0019_06033_0_0_1_0_0_01.png,s0019,06033,0,0,1,0,0,01
Open_Eyes/s0019_06034_0_0_1_0_0_01.png,s0019,06034,0,0,1,0,0,01
Open_Eyes/s0019_06035_0_0_1_0_0_01.png,s0019,06035,0,0,1,0,0,01
Open_Eyes/s0019_06036_0_0_1_0_0_01.png,s0019,06036,0,0,1,0,0,01
Open_Eyes/s0019_06037_0_0_1_0_0_01.png,s0019,06037,0,0,1,0,0,01
Open_Eyes/s0019_06038_0_0_1_0_0_01.png,s0019,06038,0,0,1,0,0,01
Open_Eyes/s0019_06039_0_0_1_0_0_01.png,s0019,06039,0,0,1,0,0,01
Open_Eyes/s0019_06040_0_0_1_0_0_01.png,s0019,06040,0,0,1,0,0,01
Open_Eyes/s0019_06041_0_0_1_0_0_01.png,s0019,06041,0,0,1,0,0,01
Open_Eyes/s0019_06042_0_0_1_0_0_01.png,s0019,06042,0,0,1,0,0,01
Open_Eyes/s0019_06043_0_0_1_0_0_01.png,s0019,06043,0,0,1,0,0,01
Open_Eyes/s0019_06044_0_0_1_0_0_01.png,s0019,06044,0,0,1,0,0,01
Open_Eyes/s0019_06045_0_0_1_0_0_01.png,s0019,06045,0,0,1,0,0,01
Open_Eyes/s0019_06046_0_0_1_0_0_01.png,s0019,06046,0,0,1,0,0,01
Open_Eyes/s0019_06047_0_0_1_0_0_01.png,s0019,06047,0,0,1,0,0,01
Open_Eyes/s0019_06048_0_0_1_0_0_01.png,s0019,06048,0,0,1,0,0,01
Open_Eyes/s0019_06052_0_0_1_0_0_01.png,s0019,06052,0,0,1,0,0,01
Open_Eyes/s0019_06053_0_0_1_0_0_01.png,s0019,06053,0,0,1,0,0,01
Open_Eyes/s0019_06054_0_0_1_0_0_01.png,s0019,06054,0,0,1,0,0,01
Open_Eyes/s0019_06055_0_0_1_0_0_01.png,s0019,06055,0,0,1,0,0,01
Open_Eyes/s0019_06056_0_0_1_0_0_01.png,s0019,06056,0,0,1,0,0,01
Open_Eyes/s0019_06057_0_0_1_0_0_01.png,s0019,06057,0,0,1,0,0,01
Open_Eyes/s0019_06058_0_0_1_0_0_01.png,s0019,06058,0,0,1,0,0,01
Open_Eyes/s0019_06071_0_0_1_0_0_01.png,s0019,06071,0,0,1,0,0,01
Open_Eyes/s0019_06072_0_0_1_0_0_01.png,s0019,06072,0,0,1,0,0,01
Open_Eyes/s0019_06073_0_0_1_0_0_01.png,s0019,06073,0,0,1,0,0,01
Open_Eyes/s0019_06074_0_0_1_0_0_01.png,s0019,06074,0,0,1,0,0,01
Open_Eyes/s0019_06075_0_0_1_0_0_01.png,s0019,06075,0,0,1,0,0,01
Open_Eyes/s0019_06076_0_0_1_0_0_01.png,s0019,06076,0,0,1,0,0,01
Open_Eyes/s0019_06077_0_0_1_0_0_01.png,s0019,06077,0,0,1,0,0,01
Open_Eyes/s0019_06078_0_0_1_0_0_01.png,s0019,06078,0,0,1,0,0,01
Open_Eyes/s0019_06079_0_0_1_0_0_01.png,s0019,06079,0,0,1,0,0,01
Open_Eyes/s0019_06080_0_0_1_0_0_01.png,s0019,06080,0,0,1,0,0,01
Open_Eyes/s0019_06081_0_0_1_0_0_01.png,s0019,06081,0,0,1,0,0,01
Open_Eyes/s0019_06082_0_0_1_0_0_01.png,s0019,06082,0,0,1,0,0,01
Open_Eyes/s0019_06083_0_0_1_0_0_01.png,s0019,06083,0,0,1,0,0,01
Open_Eyes/s0019_06084_0_0_1_0_0_01.png,s0019,06084,0,0,1,0,0,01
Open_Eyes/s0019_06085_0_0_1_0_0_01.png,s0019,06085,0,0,1,0,0,01
Open_Eyes/s0019_06086_0_0_1_0_0_01.png,s0019,06086,0,0,1,0,0,01
Open_Eyes/s0019_06087_0_0_1_0_0_01.png,s0019,06087,0,0,1,0,0,01
Open_Eyes/s0019_06088_0_0_1_0_0_01.png,s0019,06088,0,0,1,0,0,01
Open_Eyes/s0019_06089_0_0_1_0_0_01.png,s0019,06089,0,0,1,0,0,01
Open_Eyes/s0019_06090_0_0_1_0_0_01.png,s0019,06090,0,0,1,0,0,01
Open_Eyes/s0019_06091_0_0_1_0_0_01.png,s0019,06091,0,0,1,0,0,01
Open_Eyes/s0019_06092_0_0_1_0_0_01.png,s0019,06092,0,0,1,0,0,01
Open_Eyes/s0019_06093_0_0_1_0_0_01.png,s0019,06093,0,0,1,0,0,01
Open_Eyes/s0019_06094_0_0_1_0_0_01.png,s0019,06094,0,0,1,0,0,01
Open_Eyes/s0019_06095_0_0_1_0_0_01.png,s0019,06095,0,0,1,0,0,01
Open_Eyes/s0019_06096_0_0_1_0_0_01.png,s0019,06096,0,0,1,0,0,01
Open_Eyes/s0019_06097_0_0_1_0_0_01.png,s0019,06097,0,0,1,0,0,01
Open_Eyes/s0019_06098_0_0_1_0_0_01.png,s0019,06098,0,0,1,0,0,01
Open_Eyes/s0019_06099_0_0_1_0_0_01.png,s0019,06099,0,0,1,0,0,01
Open_Eyes/s0019_06102_0_0_1_0_0_01.png,s0019,06102,0,0,1,0,0,01
Open_Eyes/s0019_06103_0_0_1_0_0_01.png,s0019,06103,0,0,1,0,0,01
Open_Eyes/s0019_06104_0_0_1_0_0_01.png,s0019,06104,0,0,1,0,0,01
Open_Eyes/s0019_06105_0_0_1_0_0_01.png,s0019,06105,0,0,1,0,0,01
Open_Eyes/s0019_06106_0_0_1_0_0_01.png,s0019,06106,0,0,1,0,0,01
Open_Eyes/s0019_06107_0_0_1_0_0_01.png,s0019,06107,0,0,1,0,0,01
Open_Eyes/s0019_06108_0_0_1_0_0_01.png,s0019,06108,0,0,1,0,0,01
Open_Eyes/s0019_06109_0_0_1_0_0_01.png,s0019,06109,0,0,1,0,0,01
Open_Eyes/s0019_06110_0_0_1_0_0_01.png,s0019,06110,0,0,1,0,0,01
Open_Eyes/s0019_06111_0_0_1_0_0_01.png,s0019,06111,0,0,1,0,0,01
Open_Eyes/s0019_06112_0_0_1_0_0_01.png,s0019,06112,0,0,1,0,0,01
Open_Eyes/s0019_06113_0_0_1_0_0_01.png,s0019,06113,0,0,1,0,0,01
Open_Eyes/s0019_06114_0_0_1_0_0_01.png,s0019,06114,0,0,1,0,0,01
Open_Eyes/s0019_06115_0_0_1_0_0_01.png,s0019,06115,0,0,1,0,0,01
Open_Eyes/s0019_06116_0_0_1_0_0_01.png,s0019,06116,0,0,1,0,0,01
Open_Eyes/s0019_06117_0_0_1_0_0_01.png,s0019,06117,0,0,1,0,0,01
Open_Eyes/s0019_06118_0_0_1_0_0_01.png,s0019,06118,0,0,1,0,0,01
Open_Eyes/s0019_06119_0_0_1_0_0_01.png,s0019,06119,0,0,1,0,0,01
Open_Eyes/s0019_06120_0_0_1_0_0_01.png,s0019,06120,0,0,1,0,0,01
Open_Eyes/s0019_06121_0_0_1_0_0_01.png,s0019,06121,0,0,1,0,0,01
Open_Eyes/s0019_06122_0_0_1_0_0_01.png,s0019,06122,0,0,1,0,0,01
Open_Eyes/s0019_06123_0_0_1_0_0_01.png,s0019,06123,0,0,1,0,0,01
Open_Eyes/s0019_06124_0_0_1_0_0_01.png,s0019,06124,0,0,1,0,0,01
Open_Eyes/s0019_06125_0_0_1_0_0_01.png,s0019,06125,0,0,1,0,0,01
Open_Eyes/s0019_06126_0_0_1_0_0_01.png,s0019,06126,0,0,1,0,0,01
Open_Eyes/s0019_06127_0_0_1_0_0_01.png,s0019,06127,0,0,1,0,0,01
Open_Eyes/s0019_06128_0_0_1_0_0_01.png,s0019,06128,0,0,1,0,0,01
Open_Eyes/s0019_06129_0_0_1_0_0_01.png,s0019,06129,0,0,1,0,0,01
Open_Eyes/s0019_06130_0_0_1_0_0_01.png,s0019,06130,0,0,1,0,0,01
Open_Eyes/s0019_06131_0_0_1_0_0_01.png,s0019,06131,0,0,1,0,0,01
Open_Eyes/s0019_06132_0_0_1_0_0_01.png,s0019,06132,0,0,1,0,0,01
Open_Eyes/s0019_06133_0_0_1_0_0_01.png,s0019,06133,0,0,1,0,0,01
Open_Eyes/s0019_06134_0_0_1_0_0_01.png,s0019,06134,0,0,1,0,0,01
Open_Eyes/s0019_06135_0_0_1_0_0_01.png,s0019,06135,0,0,1,0,0,01
Open_Eyes/s0019_06136_0_0_1_0_0_01.png,s0019,06136,0,0,1,0,0,01
Open_Eyes/s0019_06137_0_0_1_0_0_01.png,s0019,06137,0,0,1,0,0,01
Open_Eyes/s0019_06138_0_0_1_0_0_01.png,s0019,06138,0,0,1,0,0,01
Open_Eyes/s0019_06139_0_0_1_0_0_01.png,s0019,06139,0,0,1,0,0,01
Open_Eyes/s0019_06140_0_0_1_0_0_01.png,s0019,06140,0,0,1,0,0,01
Open_Eyes/s0019_06141_0_0_1_0_0_01.png,s0019,06141,0,0,1,0,0,01
Open_Eyes/s0019_06142_0_0_1_0_0_01.png,s0019,06142,0,0,1,0,0,01
Open_Eyes/s0019_06143_0_0_1_0_0_01.png,s0019,06143,0,0,1,0,0,01
Open_Eyes/s0019_06144_0_0_1_0_0_01.png,s0019,06144,0,0,1,0,0,01
Open_Eyes/s0019_06145_0_0_1_0_0_01.png,s0019,06145,0,0,1,0,0,01
Open_Eyes/s0019_06146_0_0_1_0_0_01.png,s0019,06146,0,0,1,0,0,01
Open_Eyes/s0019_06147_0_0_1_0_0_01.png,s0019,06147,0,0,1,0,0,01
Open_Eyes/s0019_06148_0_0_1_0_0_01.png,s0019,06148,0,0,1,0,0,01
Open_Eyes/s0019_06149_0_0_1_0_0_01.png,s0019,06149,0,0,1,0,0,01
Open_Eyes/s0019_06150_0_0_1_0_0_01.png,s0019,06150,0,0,1,0,0,01
Open_Eyes/s0019_06151_0_0_1_0_0_01.png,s0019,06151,0,0,1,0,0,01
Open_Eyes/s0019_06152_0_0_1_0_0_01.png,s0019,06152,0,0,1,0,0,01
Open_Eyes/s0019_06153_0_0_1_0_0_01.png,s0019,06153,0,0,1,0,0,01
Open_Eyes/s0019_06154_0_0_1_0_0_01.png,s0019,06154,0,0,1,0,0,01
Open_Eyes/s0019_06155_0_0_1_0_0_01.png,s0019,06155,0,0,1,0,0,01
Open_Eyes/s0019_06156_0_0_1_0_0_01.png,s0019,06156,0,0,1,0,0,01
Open_Eyes/s0019_06157_0_0_1_0_0_01.png,s0019,06157,0,0,1,0,0,01
Open_Eyes/s0019_06158_0_0_1_0_0_01.png,s0019,06158,0,0,1,0,0,01
Open_Eyes/s0019_06159_0_0_1_0_0_01.png,s0019,06159,0,0,1,0,0,01
Open_Eyes/s0019_06160_0_0_1_0_0_01.png,s0019,06160,0,0,1,0,0,01
Open_Eyes/s0019_06161_0_0_1_0_0_01.png,s0019,06161,0,0,1,0,0,01
Open_Eyes/s0019_06162_0_0_1_0_0_01.png,s0019,06162,0,0,1,0,0,01
Open_Eyes/s0019_06163_0_0_1_0_0_01.png,s0019,06163,0,0,1,0,0,01
Open_Eyes/s0019_06164_0_0_1_0_0_01.png,s0019,06164,0,0,1,0,0,01
Open_Eyes/s0019_06165_0_0_1_0_0_01.png,s0019,06165,0,0,1,0,0,01
Open_Eyes/s0019_06166_0_0_1_0_0_01.png,s0019,06166,0,0,1,0,0,01
Open_Eyes/s0019_06167_0_0_1_0_0_01.png,s0019,06167,0,0,1,0,0,01
Open_Eyes/s0019_06168_0_0_1_0_0_01.png,s0019,06168,0,0,1,0,0,01
Open_Eyes/s0019_06169_0_0_1_0_0_01.png,s0019,06169,0,0,1,0,0,01
Open_Eyes/s0019_06170_0_0_1_0_0_01.png,s0019,06170,0,0,1,0,0,01
Open_Eyes/s0019_06171_0_0_1_0_0_01.png,s0019,06171,0,0,1,0,0,01
Open_Eyes/s0019_06172_0_0_1_0_0_01.png,s0019,06172,0,0,1,0,0,01
Open_Eyes/s0019_06173_0_0_1_0_0_01.png,s0019,06173,0,0,1,0,0,01
Open_Eyes/s0019_06174_0_0_1_0_0_01.png,s0019,06174,0,0,1,0,0,01
Open_Eyes/s0019_06175_0_0_1_0_0_01.png,s0019,06175,0,0,1,0,0,01
Open_Eyes/s0029_00396_0_0_1_0_1_01.png,s0029,00396,0,0,1,0,1,01
Open_Eyes/s0029_00397_0_0_1_0_1_01.png,s0029,00397,0,0,1,0,1,01
Closed_Eyes/s0034_00004_0_0_0_0_0_02.png,s0034,00004,0,0,0,0,0,02
Closed_Eyes/s0034_00005_0_0_0_0_0_02.png,s0034,00005,0,0,0,0,0,02
Closed_Eyes/s0034_00006_0_0_0_0_0_02.png,s0034,00006,0,0,0,0,0,02
Closed_Eyes/s0034_00007_0_0_0_0_0_02.png,s0034,00007,0,0,0,0,0,02
Closed_Eyes/s0034_00008_0_0_0_0_0_02.png,s0034,00008,0,0,0,0,0,02
Closed_Eyes/s0034_00009_0_0_0_0_0_02.png,s0034,00009,0,0,0,0,0,02
Closed_Eyes/s0034_00010_0_0_0_0_0_02.png,s0034,00010,0,0,0,0,0,02
Closed_Eyes/s0034_00015_0_0_0_0_0_02.png,s0034,00015,0,0,0,0,0,02
Closed_Eyes/s0034_00016_0_0_0_0_0_02.png,s0034,00016,0,0,0,0,0,02
Closed_Eyes/s0034_00017_0_0_0_0_0_02.png,s0034,00017,0,0,0,0,0,02
Closed_Eyes/s0034_00018_0_0_0_0_0_02.png,s0034,00018,0,0,0,0,0,02
Closed_Eyes/s0034_00019_0_0_0_0_0_02.png,s0034,00019,0,0,0,0,0,02
Closed_Eyes/s0034_00020_0_0_0_0_0_02.png,s0034,00020,0,0,0,0,0,02
Closed_Eyes/s0034_00021_0_0_0_0_0_02.png,s0034,00021,0,0,0,0,0,02
Closed_Eyes/s0034_00045_0_0_0_0_0_02.png,s0034,00045,0,0,0,0,0,02
Closed_Eyes/s0034_00046_0_0_0_0_0_02.png,s0034,00046,0,0,0,0,0,02
Closed_Eyes/s0034_00047_0_0_0_0_0_02.png,s0034,00047,0,0,0,0,0,02
Closed_Eyes/s0034_00048_0_0_0_0_0_02.png,s0034,00048,0,0,0,0,0,02
Closed_Eyes/s0034_00049_0_0_0_0_0_02.png,s0034,00049,0,0,0,0,0,02
Closed_Eyes/s0034_00050_0_0_0_0_0_02.png,s0034,00050,0,0,0,0,0,02
Open_Eyes/s0034_00160_0_0_1_0_0_02.png,s0034,00160,0,0,1,0,0,02
Open_Eyes/s0034_00161_0_0_1_0_0_02.png,s0034,00161,0,0,1,0,0,02
Open_Eyes/s0034_00162_0_0_1_0_0_02.png,s0034,00162,0,0,1,0,0,02
Open_Eyes/s0034_00163_0_0_1_0_0_02.png,s0034,00163,0,0,1,0,0,02
Open_Eyes/s0034_00164_0_0_1_0_0_02.png,s0034,00164,0,0,1,0,0,02
Open_Eyes/s0034_00165_0_0_1_0_0_02.png,s0034,00165,0,0,1,0,0,02
Open_Eyes/s0034_00166_0_0_1_0_0_02.png,s0034,00166,0,0,1,0,0,02
Open_Eyes/s0034_00167_0_0_1_0_0_02.png,s0034,00167,0,0,1,0,0,02
Open_Eyes/s0034_00168_0_0_1_0_0_02.png,s0034,00168,0,0,1,0,0,02
Open_Eyes/s0034_00169_0_0_1_0_0_02.png,s0034,00169,0,0,1,0,0,02
Open_Eyes/s0034_00170_0_0_1_0_0_02.png,s0034,00170,0,0,1,0,0,02
Open_Eyes/s0034_00171_0_0_1_0_0_02.png,s0034,00171,0,0,1,0,0,02
Open_Eyes/s0034_00172_0_0_1_0_0_02.png,s0034,00172,0,0,1,0,0,02
Open_Eyes/s0034_00173_0_0_1_0_0_02.png,s0034,00173,0,0,1,0,0,02
Open_Eyes/s0034_00174_0_0_1_0_0_02.png,s0034,00174,0,0,1,0,0,02
Open_Eyes/s0034_00175_0_0_1_0_0_02.png,s0034,00175,0,0,1,0,0,02
Open_Eyes/s0034_00176_0_0_1_0_0_02.png,s0034,00176,0,0,1,0,0,02
Open_Eyes/s0034_00177_0_0_1_0_0_02.png,s0034,00177,0,0,1,0,0,02
Open_Eyes/s0034_00190_0_0_1_0_0_02.png,s0034,00190,0,0,1,0,0,02
Open_Eyes/s0034_00203_0_0_1_0_0_02.png,s0034,00203,0,0,1,0,0,02
Open_Eyes/s0034_00204_0_0_1_0_0_02.png,s0034,00204,0,0,1,0,0,02
Open_Eyes/s0034_00205_0_0_1_0_0_02.png,s0034,00205,0,0,1,0,0,02
Open_Eyes/s0034_00386_0_0_1_0_0_02.png,s0034,00386,0,0,1,0,0,02
Open_Eyes/s0034_00387_0_0_1_0_0_02.png,s0034,00387,0,0,1,0,0,02
Open_Eyes/s0034_00388_0_0_1_0_0_02.png,s0034,00388,0,0,1,0,0,02
Open_Eyes/s0034_00389_0_0_1_0_0_02.png,s0034,00389,0,0,1,0,0,02
Open_Eyes/s0034_00390_0_0_1_0_0_02.png,s0034,00390,0,0,1,0,0,02
Open_Eyes/s0034_00391_0_0_1_0_0_02.png,s0034,00391,0,0,1,0,0,02
Open_Eyes/s0034_00392_0_0_1_0_0_02.png,s0034,00392,0,0,1,0,0,02
Open_Eyes/s0034_00393_0_0_1_0_0_02.png,s0034,00393,0,0,1,0,0,02
Open_Eyes/s0034_00394_0_0_1_0_0_02.png,s0034,00394,0,0,1,0,0,02
Open_Eyes/s0034_00395_0_0_1_0_0_02.png,s0034,00395,0,0,1,0,0,02
Open_Eyes/s0034_00396_0_0_1_0_0_02.png,s0034,00396,0,0,1,0,0,02
Open_Eyes/s0034_00397_0_0_1_0_0_02.png,s0034,00397,0,0,1,0,0,02
Open_Eyes/s0034_00398_0_0_1_0_0_02.png,s0034,00398,0,0,1,0,0,02
Open_Eyes/s0034_00399_0_0_1_0_0_02.png,s0034,00399,0,0,1,0,0,02
Open_Eyes/s0034_00400_0_0_1_0_0_02.png,s0034,00400,0,0,1,0,0,02
Open_Eyes/s0034_00401_0_0_1_0_0_02.png,s0034,00401,0,0,1,0,0,02
Open_Eyes/s0034_00402_0_0_1_0_0_02.png,s0034,00402,0,0,1,0,0,02
Open_Eyes/s0034_00403_0_0_1_0_0_02.png,s0034,00403,0,0,1,0,0,02
Open_Eyes/s0034_00509_0_0_1_0_0_02.png,s0034,00509,0,0,1,0,0,02
Open_Eyes/s0034_00510_0_0_1_0_0_02.png,s0034,00510,0,0,1,0,0,02
Open_Eyes/s0034_00511_0_0_1_0_0_02.png,s0034,00511,0,0,1,0,0,02
Open_Eyes/s0034_00512_0_0_1_0_0_02.png,s0034,00512,0,0,1,0,0,02
Open_Eyes/s0034_00513_0_0_1_0_0_02.png,s0034,00513,0,0,1,0,0,02
Open_Eyes/s0034_00601_0_0_1_0_0_02.png,s0034,00601,0,0,1,0,0,02
Open_Eyes/s0034_00602_0_0_1_0_0_02.png,s0034,00602,0,0,1,0,0,02
Open_Eyes/s0034_00603_0_0_1_0_0_02.png,s0034,00603,0,0,1,0,0,02
Open_Eyes/s0034_00604_0_0_1_0_0_02.png,s0034,00604,0,0,1,0,0,02
Open_Eyes/s0034_00605_0_0_1_0_0_02.png,s0034,00605,0,0,1,0,0,02
Open_Eyes/s0034_00606_0_0_1_0_0_02.png,s0034,00606,0,0,1,0,0,02
Open_Eyes/s0034_00607_0_0_1_0_0_02.png,s0034,00607,0,0,1,0,0,02
Open_Eyes/s0034_00608_0_0_1_0_0_02.png,s0034,00608,0,0,1,0,0,02
Open_Eyes/s0034_00609_0_0_1_0_0_02.png,s0034,00609,0,0,1,0,0,02
Open_Eyes/s0034_00610_0_0_1_0_0_02.png,s0034,00610,0,0,1,0,0,02
Open_Eyes/s0034_00611_0_0_1_0_0_02.png,s0034,00611,0,0,1,0,0,02
Open_Eyes/s0034_00612_0_0_1_0_0_02.png,s0034,00612,0,0,1,0,0,02
Open_Eyes/s0034_00613_0_0_1_0_0_02.png,s0034,00613,0,0,1,0,0,02
Open_Eyes/s0034_00614_0_0_1_0_0_02.png,s0034,00614,0,0,1,0,0,02
Open_Eyes/s0034_00615_0_0_1_0_0_02.png,s0034,00615,0,0,1,0,0,02
Open_Eyes/s0034_00616_0_0_1_0_0_02.png,s0034,00616,0,0,1,0,0,02
Open_Eyes/s0034_00617_0_0_1_0_0_02.png,s0034,00617,0,0,1,0,0,02
Open_Eyes/s0034_00618_0_0_1_0_0_02.png,s0034,00618,0,0,1,0,0,02
Open_Eyes/s0034_00619_0_0_1_0_0_02.png,s0034,00619,0,0,1,0,0,02
Open_Eyes/s0034_00620_0_0_1_0_0_02.png,s0034,00620,0,0,1,0,0,02
Open_Eyes/s0034_00621_0_0_1_0_0_02.png,s0034,00621,0,0,1,0,0,02
Open_Eyes/s0034_00622_0_0_1_0_0_02.png,s0034,00622,0,0,1,0,0,02
Open_Eyes/s0034_00623_0_0_1_0_0_02.png,s0034,00623,0,0,1,0,0,02
Open_Eyes/s0034_00624_0_0_1_0_0_02.png,s0034,00624,0,0,1,0,0,02
Open_Eyes/s0034_00625_0_0_1_0_0_02.png,s0034,00625,0,0,1,0,0,02
Open_Eyes/s0034_00626_0_0_1_0_0_02.png,s0034,00626,0,0,1,0,0,02
Open_Eyes/s0034_00627_0_0_1_0_0_02.png,s0034,00627,0,0,1,0,0,02
Open_Eyes/s0034_00628_0_0_1_0_0_02.png,s0034,00628,0,0,1,0,0,02
Open_Eyes/s0034_00629_0_0_1_0_0_02.png,s0034,00629,0,0,1,0,0,02
Open_Eyes/s0034_00630_0_0_1_0_0_02.png,s0034,00630,0,0,1,0,0,02
Open_Eyes/s0034_00631_0_0_1_0_0_02.png,s0034,00631,0,0,1,0,0,02
Open_Eyes/s0035_00157_0_1_1_2_1_02.png,s0035,00157,0,1,1,2,1,02
Open_Eyes/s0035_00158_0_1_1_0_0_02.png,s0035,00158,0,1,1,0,0,02
Open_Eyes/s0035_00159_0_1_1_2_1_02.png,s0035,00159,0,1,1,2,1,02
Open_Eyes/s0035_00160_0_1_1_2_1_02.png,s0035,00160,0,1,1,2,1,02
Open_Eyes/s0035_00161_0_1_1_0_0_02.png,s0035,00161,0,1,1,0,0,02
Open_Eyes/s0035_00162_0_1_1_0_0_02.png,s0035,00162,0,1,1,0,0,02
Open_Eyes/s0035_00163_0_1_1_2_1_02.png,s0035,00163,0,1,1,2,1,02
Open_Eyes/s0035_00164_0_1_1_0_0_02.png,s0035,00164,0,1,1,0,0,02
Open_Eyes/s0035_00165_0_1_1_2_1_02.png,s0035,00165,0,1,1,2,1,02
Open_Eyes/s0035_00166_0_1_1_0_0_02.png,s0035,00166,0,1,1,0,0,02
Open_Eyes/s0035_00167_0_1_1_2_1_02.png,s0035,00167,0,1,1,2,1,02
Open_Eyes/s0035_00168_0_1_1_0_0_02.png,s0035,00168,0,1,1,0,0,02
Open_Eyes/s0035_00169_0_1_1_2_1_02.png,s0035,00169,0,1,1,2,1,02
Open_Eyes/s0035_00170_0_1_1_0_0_02.png,s0035,00170,0,1,1,0,0,02
Open_Eyes/s0035_00171_0_1_1_2_1_02.png,s0035,00171,0,1,1,2,1,02
Open_Eyes/s0035_00172_0_1_1_0_0_02.png,s0035,00172,0,1,1,0,0,02
Open_Eyes/s0035_00173_0_1_1_2_1_02.png,s0035,00173,0,1,1,2,1,02
Open_Eyes/s0035_00174_0_1_1_0_0_02.png,s0035,00174,0,1,1,0,0,02
Open_Eyes/s0035_00175_0_1_1_2_1_02.png,s0035,00175,0,1,1,2,1,02
Open_Eyes/s0035_00480_0_1_1_2_1_02.png,s0035,00480,0,1,1,2,1,02
Open_Eyes/s0035_00481_0_1_1_2_0_02.png,s0035,00481,0,1,1,2,0,02
Open_Eyes/s0035_00482_0_1_1_1_0_02.png,s0035,00482,0,1,1,1,0,02
Open_Eyes/s0035_00529_0_1_1_0_1_02.png,s0035,00529,0,1,1,0,1,02
Open_Eyes/s0035_00530_0_1_1_0_0_02.png,s0035,00530,0,1,1,0,0,02
Open_Eyes/s0035_00531_0_1_1_0_0_02.png,s0035,00531,0,1,1,0,0,02
Open_Eyes/s0035_00532_0_1_1_0_0_02.png,s0035,00532,0,1,1,0,0,02
Open_Eyes/s0035_00533_0_1_1_0_0_02.png,s0035,00533,0,1,1,0,0,02
Open_Eyes/s0035_00534_0_1_1_0_0_02.png,s0035,00534,0,1,1,0,0,02
Open_Eyes/s0035_00535_0_1_1_0_1_02.png,s0035,00535,0,1,1,0,1,02
Open_Eyes/s0035_00536_0_1_1_0_0_02.png,s0035,00536,0,1,1,0,0,02
Open_Eyes/s0035_00537_0_1_1_0_1_02.png,s0035,00537,0,1,1,0,1,02
Open_Eyes/s0035_00538_0_1_1_0_0_02.png,s0035,00538,0,1,1,0,0,02
Open_Eyes/s0035_00539_0_1_1_0_1_02.png,s0035,00539,0,1,1,0,1,02
Open_Eyes/s0035_00540_0_1_1_0_0_02.png,s0035,00540,0,1,1,0,0,02
Open_Eyes/s0035_00595_0_1_1_0_0_02.png,s0035,00595,0,1,1,0,0,02
Open_Eyes/s0035_00596_0_1_1_0_1_02.png,s0035,00596,0,1,1,0,1,02
Open_Eyes/s0035_00597_0_1_1_0_0_02.png,s0035,00597,0,1,1,0,0,02
Open_Eyes/s0035_00598_0_1_1_0_1_02.png,s0035,00598,0,1,1,0,1,02
Open_Eyes/s0035_00599_0_1_1_0_0_02.png,s0035,00599,0,1,1,0,0,02
Open_Eyes/s0035_00625_0_1_1_0_1_02.png,s0035,00625,0,1,1,0,1,02
Closed_Eyes/s0036_00007_1_0_0_0_1_01.png,s0036,00007,1,0,0,0,1,01
Closed_Eyes/s0036_00008_1_0_0_0_1_01.png,s0036,00008,1,0,0,0,1,01
Closed_Eyes/s0036_00010_1_0_0_0_1_01.png,s0036,00010,1,0,0,0,1,01
Closed_Eyes/s0036_00012_1_0_0_0_1_01.png,s0036,00012,1,0,0,0,1,01
Closed_Eyes/s0036_00013_1_0_0_0_0_01.png,s0036,00013,1,0,0,0,0,01
Closed_Eyes/s0036_00014_1_0_0_0_1_01.png,s0036,00014,1,0,0,0,1,01
Closed_Eyes/s0036_00016_1_0_0_0_1_01.png,s0036,00016,1,0,0,0,1,01
Closed_Eyes/s0036_00018_1_0_0_0_1_01.png,s0036,00018,1,0,0,0,1,01
Closed_Eyes/s0036_00020_1_0_0_0_1_01.png,s0036,00020,1,0,0,0,1,01
Closed_Eyes/s0036_00022_1_0_0_0_1_01.png,s0036,00022,1,0,0,0,1,01
Closed_Eyes/s0036_00023_1_0_0_0_0_01.png,s0036,00023,1,0,0,0,0,01
Closed_Eyes/s0036_00024_1_0_0_0_1_01.png,s0036,00024,1,0,0,0,1,01
Closed_Eyes/s0036_00025_1_0_0_0_0_01.png,s0036,00025,1,0,0,0,0,01
Closed_Eyes/s0036_00026_1_0_0_0_1_01.png,s0036,00026,1,0,0,0,1,01
Closed_Eyes/s0036_00027_1_0_0_0_0_01.png,s0036,00027,1,0,0,0,0,01
Closed_Eyes/s0036_00028_1_0_0_0_1_01.png,s0036,00028,1,0,0,0,1,01
Closed_Eyes/s0036_00029_1_0_0_0_0_01.png,s0036,00029,1,0,0,0,0,01
Closed_Eyes/s0036_00030_1_0_0_0_1_01.png,s0036,00030,1,0,0,0,1,01
Closed_Eyes/s0036_00032_1_0_0_0_1_01.png,s0036,00032,1,0,0,0,1,01
Closed_Eyes/s0036_00034_1_0_0_0_1_01.png,s0036,00034,1,0,0,0,1,01
Closed_Eyes/s0036_00036_1_0_0_0_1_01.png,s0036,00036,1,0,0,0,1,01
Closed_Eyes/s0036_00087_1_0_0_0_1_01.png,s0036,00087,1,0,0,0,1,01
Closed_Eyes/s0036_00088_1_0_0_0_1_01.png,s0036,00088,1,0,0,0,1,01
Closed_Eyes/s0036_00090_1_0_0_0_1_01.png,s0036,00090,1,0,0,0,1,01
Closed_Eyes/s0036_00095_1_0_0_0_1_01.png,s0036,00095,1,0,0,0,1,01
Closed_Eyes/s0036_00097_1_0_0_0_1_01.png,s0036,00097,1,0,0,0,1,01
Closed_Eyes/s0036_00098_1_0_0_0_1_01.png,s0036,00098,1,0,0,0,1,01
Closed_Eyes/s0036_00100_1_0_0_0_1_01.png,s0036,00100,1,0,0,0,1,01
Closed_Eyes/s0036_00102_1_0_0_0_1_01.png,s0036,00102,1,0,0,0,1,01
Closed_Eyes/s0036_00104_1_0_0_0_1_01.png,s0036,00104,1,0,0,0,1,01
Closed_Eyes/s0036_00106_1_0_0_0_1_01.png,s0036,00106,1,0,0,0,1,01
Closed_Eyes/s0036_00107_1_0_0_0_0_01.png,s0036,00107,1,0,0,0,0,01
Closed_Eyes/s0036_00108_1_0_0_0_1_01.png,s0036,00108,1,0,0,0,1,01
Closed_Eyes/s0036_00109_1_0_0_0_0_01.png,s0036,00109,1,0,0,0,0,01
Closed_Eyes/s0036_00110_1_0_0_0_1_01.png,s0036,00110,1,0,0,0,1,01
Closed_Eyes/s0036_00111_1_0_0_0_0_01.png,s0036,00111,1,0,0,0,0,01
Closed_Eyes/s0036_00112_1_0_0_0_1_01.png,s0036,00112,1,0,0,0,1,01
Closed_Eyes/s0036_00113_1_0_0_0_0_01.png,s0036,00113,1,0,0,0,0,01
Closed_Eyes/s0036_00114_1_0_0_0_1_01.png,s0036,00114,1,0,0,0,1,01
Closed_Eyes/s0036_00115_1_0_0_0_0_01.png,s0036,00115,1,0,0,0,0,01
Closed_Eyes/s0036_00116_1_0_0_0_1_01.png,s0036,00116,1,0,0,0,1,01
Closed_Eyes/s0036_00117_1_0_0_0_0_01.png,s0036,00117,1,0,0,0,0,01
Closed_Eyes/s0036_00118_1_0_0_0_1_01.png,s0036,00118,1,0,0,0,1,01
Closed_Eyes/s0036_00119_1_0_0_0_0_01.png,s0036,00119,1,0,0,0,0,01
Closed_Eyes/s0036_00120_1_0_0_0_1_01.png,s0036,00120,1,0,0,0,1,01
Closed_Eyes/s0036_00121_1_0_0_0_0_01.png,s0036,00121,1,0,0,0,0,01
Closed_Eyes/s0036_00122_1_0_0_0_1_01.png,s0036,00122,1,0,0,0,1,01
Closed_Eyes/s0036_00123_1_0_0_0_0_01.png,s0036,00123,1,0,0,0,0,01
Closed_Eyes/s0036_00124_1_0_0_0_1_01.png,s0036,00124,1,0,0,0,1,01
Closed_Eyes/s0036_00126_1_0_0_0_1_01.png,s0036,00126,1,0,0,0,1,01
Closed_Eyes/s0036_00128_1_0_0_0_1_01.png,s0036,00128,1,0,0,0,1,01
Closed_Eyes/s0036_00129_1_0_0_0_0_01.png,s0036,00129,1,0,0,0,0,01
Closed_Eyes/s0036_00130_1_0_0_0_1_01.png,s0036,00130,1,0,0,0,1,01
Closed_Eyes/s0036_00131_1_0_0_0_0_01.png,s0036,00131,1,0,0,0,0,01
Closed_Eyes/s0036_00132_1_0_0_0_0_01.png,s0036,00132,1,0,0,0,0,01
Closed_Eyes/s0036_00133_1_0_0_0_1_01.png,s0036,00133,1,0,0,0,1,01
Closed_Eyes/s0036_00136_1_0_0_0_1_01.png,s0036,00136,1,0,0,0,1,01
Closed_Eyes/s0036_00188_1_0_0_0_1_01.png,s0036,00188,1,0,0,0,1,01
Closed_Eyes/s0036_00189_1_0_0_0_1_01.png,s0036,00189,1,0,0,0,1,01
Closed_Eyes/s0036_00190_1_0_0_0_1_01.png,s0036,00190,1,0,0,0,1,01
Closed_Eyes/s0036_00191_1_0_0_0_1_01.png,s0036,00191,1,0,0,0,1,01
Closed_Eyes/s0036_00192_1_0_0_0_1_01.png,s0036,00192,1,0,0,0,1,01
Closed_Eyes/s0036_00193_1_0_0_0_1_01.png,s0036,00193,1,0,0,0,1,01
Closed_Eyes/s0036_00194_1_0_0_0_1_01.png,s0036,00194,1,0,0,0,1,01
Closed_Eyes/s0036_00195_1_0_0_0_1_01.png,s0036,00195,1,0,0,0,1,01
Closed_Eyes/s0036_00196_1_0_0_0_1_01.png,s0036,00196,1,0,0,0,1,01
Closed_Eyes/s0036_00198_1_0_0_0_1_01.png,s0036,00198,1,0,0,0,1,01
Closed_Eyes/s0036_00199_1_0_0_0_1_01.png,s0036,00199,1,0,0,0,1,01
Closed_Eyes/s0036_00200_1_0_0_0_1_01.png,s0036,00200,1,0,0,0,1,01
Open_Eyes/s0036_02563_1_0_1_0_0_01.png,s0036,02563,1,0,1,0,0,01
Open_Eyes/s0036_02564_1_0_1_0_0_01.png,s0036,02564,1,0,1,0,0,01
Open_Eyes/s0036_02565_1_0_1_0_0_01.png,s0036,02565,1,0,1,0,0,01
Open_Eyes/s0036_02566_1_0_1_0_0_01.png,s0036,02566,1,0,1,0,0,01
Open_Eyes/s0036_02567_1_0_1_0_0_01.png,s0036,02567,1,0,1,0,0,01
Open_Eyes/s0036_02568_1_0_1_0_0_01.png,s0036,02568,1,0,1,0,0,01
Open_Eyes/s0036_02569_1_0_1_0_1_01.png,s0036,02569,1,0,1,0,1,01
Open_Eyes/s0036_02570_1_0_1_0_1_01.png,s0036,02570,1,0,1,0,1,01
Open_Eyes/s0036_02571_1_0_1_0_0_01.png,s0036,02571,1,0,1,0,0,01
Open_Eyes/s0036_02572_1_0_1_0_0_01.png,s0036,02572,1,0,1,0,0,01
Open_Eyes/s0036_02573_1_0_1_0_0_01.png,s0036,02573,1,0,1,0,0,01
Open_Eyes/s0036_02574_1_0_1_0_0_01.png,s0036,02574,1,0,1,0,0,01
Open_Eyes/s0036_02575_1_0_1_0_0_01.png,s0036,02575,1,0,1,0,0,01
Open_Eyes/s0036_02576_1_0_1_0_0_01.png,s0036,02576,1,0,1,0,0,01
Open_Eyes/s0036_02577_1_0_1_0_0_01.png,s0036,02577,1,0,1,0,0,01
Open_Eyes/s0036_02578_1_0_1_0_0_01.png,s0036,02578,1,0,1,0,0,01
Open_Eyes/s0036_02579_1_0_1_0_0_01.png,s0036,02579,1,0,1,0,0,01
Open_Eyes/s0036_02580_1_0_1_0_0_01.png,s0036,02580,1,0,1,0,0,01
Open_Eyes/s0036_02581_1_0_1_0_0_01.png,s0036,02581,1,0,1,0,0,01
Open_Eyes/s0036_02582_1_0_1_0_0_01.png,s0036,02582,1,0,1,0,0,01
Open_Eyes/s0036_02583_1_0_1_0_0_01.png,s0036,02583,1,0,1,0,0,01
Open_Eyes/s0036_02584_1_0_1_0_0_01.png,s0036,02584,1,0,1,0,0,01
Open_Eyes/s0036_02585_1_0_1_0_0_01.png,s0036,02585,1,0,1,0,0,01
Open_Eyes/s0036_02586_1_0_1_0_0_01.png,s0036,02586,1,0,1,0,0,01
Open_Eyes/s0036_02587_1_0_1_0_0_01.png,s0036,02587,1,0,1,0,0,01
Open_Eyes/s0036_02588_1_0_1_0_0_01.png,s0036,02588,1,0,1,0,0,01
Open_Eyes/s0036_02589_1_0_1_0_0_01.png,s0036,02589,1,0,1,0,0,01
Open_Eyes/s0036_02590_1_0_1_0_0_01.png,s0036,02590,1,0,1,0,0,01
Open_Eyes/s0036_02591_1_0_1_0_1_01.png,s0036,02591,1,0,1,0,1,01
Open_Eyes/s0036_02592_1_0_1_0_1_01.png,s0036,02592,1,0,1,0,1,01
Open_Eyes/s0036_02593_1_0_1_0_0_01.png,s0036,02593,1,0,1,0,0,01
Open_Eyes/s0036_02594_1_0_1_0_0_01.png,s0036,02594,1,0,1,0,0,01
Open_Eyes/s0036_02595_1_0_1_0_0_01.png,s0036,02595,1,0,1,0,0,01
Open_Eyes/s0036_02596_1_0_1_0_0_01.png,s0036,02596,1,0,1,0,0,01
Open_Eyes/s0036_02597_1_0_1_0_0_01.png,s0036,02597,1,0,1,0,0,01
Open_Eyes/s0036_02598_1_0_1_0_0_01.png,s0036,02598,1,0,1,0,0,01
Open_Eyes/s0036_02599_1_0_1_0_0_01.png,s0036,02599,1,0,1,0,0,01
Open_Eyes/s0036_02600_1_0_1_0_0_01.png,s0036,02600,1,0,1,0,0,01
Open_Eyes/s0036_02601_1_0_1_0_0_01.png,s0036,02601,1,0,1,0,0,01
Open_Eyes/s0036_02602_1_0_1_0_0_01.png,s0036,02602,1,0,1,0,0,01
Open_Eyes/s0036_02603_1_0_1_0_0_01.png,s0036,02603,1,0,1,0,0,01
Open_Eyes/s0036_02604_1_0_1_0_0_01.png,s0036,02604,1,0,1,0,0,01
Open_Eyes/s0036_02605_1_0_1_0_0_01.png,s0036,02605,1,0,1,0,0,01
Open_Eyes/s0036_02606_1_0_1_0_0_01.png,s0036,02606,1,0,1,0,0,01
Open_Eyes/s0036_02607_1_0_1_0_0_01.png,s0036,02607,1,0,1,0,0,01
Open_Eyes/s0036_02608_1_0_1_0_0_01.png,s0036,02608,1,0,1,0,0,01
Open_Eyes/s0036_02609_1_0_1_0_0_01.png,s0036,02609,1,0,1,0,0,01
Open_Eyes/s0036_02610_1_0_1_0_0_01.png,s0036,02610,1,0,1,0,0,01
Open_Eyes/s0036_02611_1_0_1_0_0_01.png,s0036,02611,1,0,1,0,0,01
Open_Eyes/s0036_02612_1_0_1_0_0_01.png,s0036,02612,1,0,1,0,0,01
Open_Eyes/s0036_02613_1_0_1_0_1_01.png,s0036,02613,1,0,1,0,1,01
Open_Eyes/s0036_02614_1_0_1_0_1_01.png,s0036,02614,1,0,1,0,1,01
Open_Eyes/s0036_02615_1_0_1_0_0_01.png,s0036,02615,1,0,1,0,0,01
Open_Eyes/s0036_02616_1_0_1_0_0_01.png,s0036,02616,1,0,1,0,0,01
Open_Eyes/s0036_02617_1_0_1_0_0_01.png,s0036,02617,1,0,1,0,0,01
Open_Eyes/s0036_02618_1_0_1_0_0_01.png,s0036,02618,1,0,1,0,0,01
Open_Eyes/s0036_02619_1_0_1_0_0_01.png,s0036,02619,1,0,1,0,0,01
Open_Eyes/s0036_02643_1_0_1_0_0_01.png,s0036,02643,1,0,1,0,0,01
Open_Eyes/s0036_02644_1_0_1_0_0_01.png,s0036,02644,1,0,1,0,0,01
Open_Eyes/s0036_02645_1_0_1_0_0_01.png,s0036,02645,1,0,1,0,0,01
Open_Eyes/s0036_02646_1_0_1_0_0_01.png,s0036,02646,1,0,1,0,0,01
Open_Eyes/s0036_02647_1_0_1_0_0_01.png,s0036,02647,1,0,1,0,0,01
Open_Eyes/s0036_02648_1_0_1_0_0_01.png,s0036,02648,1,0,1,0,0,01
Open_Eyes/s0036_02649_1_0_1_0_0_01.png,s0036,02649,1,0,1,0,0,01
Open_Eyes/s0036_02650_1_0_1_0_0_01.png,s0036,02650,1,0,1,0,0,01
Open_Eyes/s0036_02651_1_0_1_0_0_01.png,s0036,02651,1,0,1,0,0,01
Open_Eyes/s0036_02652_1_0_1_0_0_01.png,s0036,02652,1,0,1,0,0,01
Open_Eyes/s0036_02653_1_0_1_0_0_01.png,s0036,02653,1,0,1,0,0,01
Open_Eyes/s0036_02654_1_0_1_0_0_01.png,s0036,02654,1,0,1,0,0,01
Open_Eyes/s0036_02655_1_0_1_0_0_01.png,s0036,02655,1,0,1,0,0,01
Open_Eyes/s0036_02656_1_0_1_0_0_01.png,s0036,02656,1,0,1,0,0,01
Open_Eyes/s0036_02657_1_0_1_0_0_01.png,s0036,02657,1,0,1,0,0,01
Open_Eyes/s0036_02681_1_0_1_0_0_01.png,s0036,02681,1,0,1,0,0,01
Open_Eyes/s0036_02682_1_0_1_0_0_01.png,s0036,02682,1,0,1,0,0,01
Open_Eyes/s0036_02683_1_0_1_0_0_01.png,s0036,02683,1,0,1,0,0,01
Open_Eyes/s0036_02684_1_0_1_0_0_01.png,s0036,02684,1,0,1,0,0,01
Open_Eyes/s0036_02685_1_0_1_0_0_01.png,s0036,02685,1,0,1,0,0,01
Open_Eyes/s0036_02686_1_0_1_0_0_01.png,s0036,02686,1,0,1,0,0,01
Open_Eyes/s0036_02687_1_0_1_0_0_01.png,s0036,02687,1,0,1,0,0,01
Open_Eyes/s0036_02688_1_0_1_0_0_01.png,s0036,02688,1,0,1,0,0,01
Open_Eyes/s0036_02689_1_0_1_0_0_01.png,s0036,02689,1,0,1,0,0,01
Open_Eyes/s0036_02690_1_0_1_0_0_01.png,s0036,02690,1,0,1,0,0,01
Open_Eyes/s0036_02691_1_0_1_0_0_01.png,s0036,02691,1,0,1,0,0,01
Open_Eyes/s0036_02692_1_0_1_0_0_01.png,s0036,02692,1,0,1,0,0,01
Open_Eyes/s0036_02693_1_0_1_0_0_01.png,s0036,02693,1,0,1,0,0,01
Open_Eyes/s0036_02795_1_0_1_0_0_01.png,s0036,02795,1,0,1,0,0,01
Open_Eyes/s0036_02796_1_0_1_0_0_01.png,s0036,02796,1,0,1,0,0,01
Open_Eyes/s0036_02797_1_0_1_0_0_01.png,s0036,02797,1,0,1,0,0,01
Open_Eyes/s0036_02798_1_0_1_0_0_01.png,s0036,02798,1,0,1,0,0,01
Open_Eyes/s0036_02799_1_0_1_0_0_01.png,s0036,02799,1,0,1,0,0,01
Open_Eyes/s0036_02800_1_0_1_0_0_01.png,s0036,02800,1,0,1,0,0,01
Open_Eyes/s0036_02801_1_0_1_0_0_01.png,s0036,02801,1,0,1,0,0,01
Open_Eyes/s0036_02802_1_0_1_0_0_01.png,s0036,02802,1,0,1,0,0,01
Open_Eyes/s0036_02803_1_0_1_0_0_01.png,s0036,02803,1,0,1,0,0,01
Open_Eyes/s0036_02804_1_0_1_0_0_01.png,s0036,02804,1,0,1,0,0,01
Open_Eyes/s0036_02805_1_0_1_0_0_01.png,s0036,02805,1,0,1,0,0,01
Open_Eyes/s0036_02806_1_0_1_0_0_01.png,s0036,02806,1,0,1,0,0,01
Open_Eyes/s0036_02807_1_0_1_0_0_01.png,s0036,02807,1,0,1,0,0,01
Open_Eyes/s0036_02808_1_0_1_0_1_01.png,s0036,02808,1,0,1,0,1,01
Open_Eyes/s0036_02809_1_0_1_0_0_01.png,s0036,02809,1,0,1,0,0,01
Open_Eyes/s0036_02834_1_0_1_0_0_01.png,s0036,02834,1,0,1,0,0,01
Open_Eyes/s0036_02835_1_0_1_0_0_01.png,s0036,02835,1,0,1,0,0,01
Open_Eyes/s0036_02836_1_0_1_0_0_01.png,s0036,02836,1,0,1,0,0,01
Open_Eyes/s0036_02837_1_0_1_0_0_01.png,s0036,02837,1,0,1,0,0,01
Open_Eyes/s0036_02838_1_0_1_0_0_01.png,s0036,02838,1,0,1,0,0,01
Open_Eyes/s0036_02839_1_0_1_0_0_01.png,s0036,02839,1,0,1,0,0,01
Open_Eyes/s0036_02840_1_0_1_0_0_01.png,s0036,02840,1,0,1,0,0,01
Open_Eyes/s0036_02841_1_0_1_0_0_01.png,s0036,02841,1,0,1,0,0,01
Open_Eyes/s0036_02842_1_0_1_0_0_01.png,s0036,02842,1,0,1,0,0,01
Open_Eyes/s0036_02843_1_0_1_0_0_01.png,s0036,02843,1,0,1,0,0,01
Open_Eyes/s0036_02844_1_0_1_0_0_01.png,s0036,02844,1,0,1,0,0,01
Open_Eyes/s0036_02845_1_0_1_0_0_01.png,s0036,02845,1,0,1,0,0,01
Open_Eyes/s0036_02846_1_0_1_0_0_01.png,s0036,02846,1,0,1,0,0,01
Open_Eyes/s0036_02871_1_0_1_0_0_01.png,s0036,02871,1,0,1,0,0,01
Open_Eyes/s0036_02872_1_0_1_0_0_01.png,s0036,02872,1,0,1,0,0,01
Open_Eyes/s0036_02873_1_0_1_0_0_01.png,s0036,02873,1,0,1,0,0,01
Open_Eyes/s0036_02874_1_0_1_0_0_01.png,s0036,02874,1,0,1,0,0,01
Open_Eyes/s0036_02875_1_0_1_0_0_01.png,s0036,02875,1,0,1,0,0,01
Open_Eyes/s0036_02876_1_0_1_0_0_01.png,s0036,02876,1,0,1,0,0,01
Open_Eyes/s0036_02877_1_0_1_0_0_01.png,s0036,02877,1,0,1,0,0,01
Open_Eyes/s0036_02878_1_0_1_0_0_01.png,s0036,02878,1,0,1,0,0,01
Open_Eyes/s0036_02879_1_0_1_0_0_01.png,s0036,02879,1,0,1,0,0,01
Open_Eyes/s0036_02880_1_0_1_0_0_01.png,s0036,02880,1,0,1,0,0,01
Open_Eyes/s0036_03062_1_0_1_0_0_01.png,s0036,03062,1,0,1,0,0,01
Open_Eyes/s0036_03063_1_0_1_0_1_01.png,s0036,03063,1,0,1,0,1,01
Open_Eyes/s0036_03064_1_0_1_0_1_01.png,s0036,03064,1,0,1,0,1,01
Open_Eyes/s0036_03065_1_0_1_0_0_01.png,s0036,03065,1,0,1,0,0,01
Open_Eyes/s0036_03066_1_0_1_0_0_01.png,s0036,03066,1,0,1,0,0,01
Open_Eyes/s0036_03067_1_0_1_0_0_01.png,s0036,03067,1,0,1,0,0,01
Open_Eyes/s0036_03068_1_0_1_0_0_01.png,s0036,03068,1,0,1,0,0,01
Open_Eyes/s0036_03069_1_0_1_0_0_01.png,s0036,03069,1,0,1,0,0,01
Open_Eyes/s0036_03070_1_0_1_0_0_01.png,s0036,03070,1,0,1,0,0,01
Open_Eyes/s0036_03071_1_0_1_0_0_01.png,s0036,03071,1,0,1,0,0,01
Open_Eyes/s0036_03072_1_0_1_0_0_01.png,s0036,03072,1,0,1,0,0,01
Open_Eyes/s0036_03073_1_0_1_0_0_01.png,s0036,03073,1,0,1,0,0,01
Open_Eyes/s0036_03074_1_0_1_0_0_01.png,s0036,03074,1,0,1,0,0,01
Open_Eyes/s0036_03075_1_0_1_0_0_01.png,s0036,03075,1,0,1,0,0,01
Open_Eyes/s0036_03088_1_0_1_0_0_01.png,s0036,03088,1,0,1,0,0,01
Open_Eyes/s0036_03089_1_0_1_0_0_01.png,s0036,03089,1,0,1,0,0,01
Open_Eyes/s0036_03090_1_0_1_0_0_01.png,s0036,03090,1,0,1,0,0,01
Open_Eyes/s0036_03091_1_0_1_0_0_01.png,s0036,03091,1,0,1,0,0,01
Open_Eyes/s0036_03092_1_0_1_0_0_01.png,s0036,03092,1,0,1,0,0,01
Open_Eyes/s0036_03093_1_0_1_0_0_01.png,s0036,03093,1,0,1,0,0,01
Open_Eyes/s0036_03094_1_0_1_0_0_01.png,s0036,03094,1,0,1,0,0,01
Open_Eyes/s0036_03095_1_0_1_0_0_01.png,s0036,03095,1,0,1,0,0,01
Open_Eyes/s0036_03096_1_0_1_0_0_01.png,s0036,03096,1,0,1,0,0,01
Open_Eyes/s0036_03097_1_0_1_0_0_01.png,s0036,03097,1,0,1,0,0,01
Open_Eyes/s0036_03098_1_0_1_0_0_01.png,s0036,03098,1,0,1,0,0,01
Open_Eyes/s0036_03099_1_0_1_0_0_01.png,s0036,03099,1,0,1,0,0,01
Open_Eyes/s0036_03100_1_0_1_0_0_01.png,s0036,03100,1,0,1,0,0,01
Open_Eyes/s0036_03101_1_0_1_0_0_01.png,s0036,03101,1,0,1,0,0,01
Open_Eyes/s0036_03102_1_0_1_0_0_01.png,s0036,03102,1,0,1,0,0,01
Open_Eyes/s0036_03103_1_0_1_0_0_01.png,s0036,03103,1,0,1,0,0,01
Open_Eyes/s0036_03104_1_0_1_0_0_01.png,s0036,03104,1,0,1,0,0,01
Open_Eyes/s0036_03105_1_0_1_0_0_01.png,s0036,03105,1,0,1,0,0,01
Open_Eyes/s0036_03106_1_0_1_0_0_01.png,s0036,03106,1,0,1,0,0,01
Open_Eyes/s0036_03107_1_0_1_0_1_01.png,s0036,03107,1,0,1,0,1,01
Open_Eyes/s0036_03108_1_0_1_0_0_01.png,s0036,03108,1,0,1,0,0,01
Open_Eyes/s0036_03109_1_0_1_0_0_01.png,s0036,03109,1,0,1,0,0,01
Open_Eyes/s0036_03110_1_0_1_0_0_01.png,s0036,03110,1,0,1,0,0,01
Open_Eyes/s0036_03111_1_0_1_0_0_01.png,s0036,03111,1,0,1,0,0,01
Open_Eyes/s0036_03112_1_0_1_0_0_01.png,s0036,03112,1,0,1,0,0,01
Open_Eyes/s0036_03113_1_0_1_0_0_01.png,s0036,03113,1,0,1,0,0,01
Open_Eyes/s0036_03114_1_0_1_0_0_01.png,s0036,03114,1,0,1,0,0,01
Open_Eyes/s0036_03115_1_0_1_0_0_01.png,s0036,03115,1,0,1,0,0,01
Open_Eyes/s0036_03116_1_0_1_0_0_01.png,s0036,03116,1,0,1,0,0,01
Open_Eyes/s0036_03117_1_0_1_0_0_01.png,s0036,03117,1,0,1,0,0,01
Open_Eyes/s0036_03118_1_0_1_0_0_01.png,s0036,03118,1,0,1,0,0,01
Open_Eyes/s0036_03119_1_0_1_0_0_01.png,s0036,03119,1,0,1,0,0,01
Open_Eyes/s0036_03120_1_0_1_0_0_01.png,s0036,03120,1,0,1,0,0,01
Open_Eyes/s0036_03121_1_0_1_0_0_01.png,s0036,03121,1,0,1,0,0,01
Open_Eyes/s0036_03122_1_0_1_0_0_01.png,s0036,03122,1,0,1,0,0,01
Open_Eyes/s0036_03123_1_0_1_0_0_01.png,s0036,03123,1,0,1,0,0,01
Open_Eyes/s0036_03124_1_0_1_0_0_01.png,s0036,03124,1,0,1,0,0,01
Open_Eyes/s0036_03125_1_0_1_0_0_01.png,s0036,03125,1,0,1,0,0,01
Open_Eyes/s0036_03126_1_0_1_0_0_01.png,s0036,03126,1,0,1,0,0,01
Open_Eyes/s0036_03127_1_0_1_0_0_01.png,s0036,03127,1,0,1,0,0,01
Open_Eyes/s0036_03128_1_0_1_0_0_01.png,s0036,03128,1,0,1,0,0,01
Open_Eyes/s0036_03318_1_0_1_0_0_01.png,s0036,03318,1,0,1,0,0,01
Open_Eyes/s0036_03319_1_0_1_0_0_01.png,s0036,03319,1,0,1,0,0,01
Open_Eyes/s0036_03320_1_0_1_0_0_01.png,s0036,03320,1,0,1,0,0,01
Open_Eyes/s0036_03321_1_0_1_0_0_01.png,s0036,03321,1,0,1,0,0,01
Open_Eyes/s0036_03334_1_0_1_0_0_01.png,s0036,03334,1,0,1,0,0,01
Open_Eyes/s0036_03335_1_0_1_0_0_01.png,s0036,03335,1,0,1,0,0,01
Open_Eyes/s0036_03336_1_0_1_0_1_01.png,s0036,03336,1,0,1,0,1,01
Open_Eyes/s0036_03337_1_0_1_0_0_01.png,s0036,03337,1,0,1,0,0,01
Open_Eyes/s0036_03338_1_0_1_0_0_01.png,s0036,03338,1,0,1,0,0,01
Open_Eyes/s0036_03339_1_0_1_0_0_01.png,s0036,03339,1,0,1,0,0,01
Open_Eyes/s0036_03340_1_0_1_0_0_01.png,s0036,03340,1,0,1,0,0,01
Open_Eyes/s0036_03341_1_0_1_0_0_01.png,s0036,03341,1,0,1,0,0,01
Open_Eyes/s0036_03342_1_0_1_0_0_01.png,s0036,03342,1,0,1,0,0,01
Open_Eyes/s0036_03343_1_0_1_0_0_01.png,s0036,03343,1,0,1,0,0,01
Open_Eyes/s0036_03344_1_0_1_0_0_01.png,s0036,03344,1,0,1,0,0,01
Open_Eyes/s0036_03345_1_0_1_0_0_01.png,s0036,03345,1,0,1,0,0,01
Open_Eyes/s0036_03346_1_0_1_0_0_01.png,s0036,03346,1,0,1,0,0,01
Open_Eyes/s0036_03347_1_0_1_0_0_01.png,s0036,03347,1,0,1,0,0,01
Open_Eyes/s0036_03348_1_0_1_0_0_01.png,s0036,03348,1,0,1,0,0,01
Open_Eyes/s0036_03349_1_0_1_0_0_01.png,s0036,03349,1,0,1,0,0,01
Open_Eyes/s0036_03350_1_0_1_0_1_01.png,s0036,03350,1,0,1,0,1,01
Open_Eyes/s0036_03351_1_0_1_0_0_01.png,s0036,03351,1,0,1,0,0,01
Open_Eyes/s0036_03352_1_0_1_0_0_01.png,s0036,03352,1,0,1,0,0,01
Open_Eyes/s0036_03353_1_0_1_0_0_01.png,s0036,03353,1,0,1,0,0,01
Open_Eyes/s0036_03354_1_0_1_0_0_01.png,s0036,03354,1,0,1,0,0,01
Open_Eyes/s0036_03355_1_0_1_0_0_01.png,s0036,03355,1,0,1,0,0,01
Open_Eyes/s0036_03356_1_0_1_0_0_01.png,s0036,03356,1,0,1,0,0,01
Open_Eyes/s0036_03357_1_0_1_0_0_01.png,s0036,03357,1,0,1,0,0,01
Open_Eyes/s0036_03358_1_0_1_0_0_01.png,s0036,03358,1,0,1,0,0,01
Open_Eyes/s0036_03359_1_0_1_0_0_01.png,s0036,03359,1,0,1,0,0,01
Open_Eyes/s0036_03360_1_0_1_0_0_01.png,s0036,03360,1,0,1,0,0,01
Open_Eyes/s0036_03361_1_0_1_0_0_01.png,s0036,03361,1,0,1,0,0,01
Open_Eyes/s0036_03362_1_0_1_0_0_01.png,s0036,03362,1,0,1,0,0,01
Open_Eyes/s0036_03375_1_0_1_0_0_01.png,s0036,03375,1,0,1,0,0,01
Open_Eyes/s0036_03376_1_0_1_0_0_01.png,s0036,03376,1,0,1,0,0,01
Open_Eyes/s0036_03377_1_0_1_0_0_01.png,s0036,03377,1,0,1,0,0,01
Open_Eyes/s0036_03378_1_0_1_0_0_01.png,s0036,03378,1,0,1,0,0,01
Open_Eyes/s0036_03379_1_0_1_0_0_01.png,s0036,03379,1,0,1,0,0,01
Open_Eyes/s0036_03380_1_0_1_0_0_01.png,s0036,03380,1,0,1,0,0,01
Open_Eyes/s0036_03381_1_0_1_0_0_01.png,s0036,03381,1,0,1,0,0,01
Open_Eyes/s0036_03382_1_0_1_0_0_01.png,s0036,03382,1,0,1,0,0,01
Open_Eyes/s0036_03383_1_0_1_0_0_01.png,s0036,03383,1,0,1,0,0,01
Open_Eyes/s0036_03384_1_0_1_0_0_01.png,s0036,03384,1,0,1,0,0,01
Open_Eyes/s0036_03730_1_0_1_0_0_01.png,s0036,03730,1,0,1,0,0,01
Open_Eyes/s0036_03731_1_0_1_0_0_01.png,s0036,03731,1,0,1,0,0,01
Open_Eyes/s0036_03732_1_0_1_0_0_01.png,s0036,03732,1,0,1,0,0,01
Open_Eyes/s0036_03733_1_0_1_0_0_01.png,s0036,03733,1,0,1,0,0,01
Open_Eyes/s0036_03734_1_0_1_0_0_01.png,s0036,03734,1,0,1,0,0,01
Open_Eyes/s0036_03735_1_0_1_0_0_01.png,s0036,03735,1,0,1,0,0,01
Open_Eyes/s0036_03736_1_0_1_0_0_01.png,s0036,03736,1,0,1,0,0,01
Open_Eyes/s0036_03737_1_0_1_0_0_01.png,s0036,03737,1,0,1,0,0,01
Open_Eyes/s0036_03738_1_0_1_0_0_01.png,s0036,03738,1,0,1,0,0,01
Open_Eyes/s0036_03739_1_0_1_0_0_01.png,s0036,03739,1,0,1,0,0,01
Open_Eyes/s0036_03740_1_0_1_0_0_01.png,s0036,03740,1,0,1,0,0,01
Open_Eyes/s0036_04249_1_0_1_0_0_01.png,s0036,04249,1,0,1,0,0,01
Open_Eyes/s0036_04250_1_0_1_0_0_01.png,s0036,04250,1,0,1,0,0,01
Open_Eyes/s0036_04251_1_0_1_0_0_01.png,s0036,04251,1,0,1,0,0,01
Open_Eyes/s0036_04252_1_0_1_0_0_01.png,s0036,04252,1,0,1,0,0,01
Open_Eyes/s0036_04253_1_0_1_0_0_01.png,s0036,04253,1,0,1,0,0,01
Open_Eyes/s0036_04254_1_0_1_0_0_01.png,s0036,04254,1,0,1,0,0,01
Open_Eyes/s0036_04255_1_0_1_0_0_01.png,s0036,04255,1,0,1,0,0,01
Open_Eyes/s0036_04256_1_0_1_0_0_01.png,s0036,04256,1,0,1,0,0,01
Open_Eyes/s0036_04257_1_0_1_0_0_01.png,s0036,04257,1,0,1,0,0,01
Open_Eyes/s0036_04258_1_0_1_0_0_01.png,s0036,04258,1,0,1,0,0,01
Open_Eyes/s0036_04259_1_0_1_0_0_01.png,s0036,04259,1,0,1,0,0,01
Open_Eyes/s0036_04260_1_0_1_0_0_01.png,s0036,04260,1,0,1,0,0,01
Open_Eyes/s0036_04261_1_0_1_0_1_01.png,s0036,04261,1,0,1,0,1,01
Open_Eyes/s0036_04262_1_0_1_0_0_01.png,s0036,04262,1,0,1,0,0,01
Open_Eyes/s0036_04263_1_0_1_0_1_01.png,s0036,04263,1,0,1,0,1,01
Open_Eyes/s0036_04264_1_0_1_0_0_01.png,s0036,04264,1,0,1,0,0,01
Open_Eyes/s0036_04265_1_0_1_0_1_01.png,s0036,04265,1,0,1,0,1,01
Open_Eyes/s0036_04266_1_0_1_0_0_01.png,s0036,04266,1,0,1,0,0,01
Open_Eyes/s0036_04267_1_0_1_0_1_01.png,s0036,04267,1,0,1,0,1,01
Open_Eyes/s0036_04268_1_0_1_0_0_01.png,s0036,04268,1,0,1,0,0,01
Open_Eyes/s0036_04269_1_0_1_0_0_01.png,s0036,04269,1,0,1,0,0,01
Open_Eyes/s0036_04270_1_0_1_0_1_01.png,s0036,04270,1,0,1,0,1,01
Closed_Eyes/s0037_00006_1_0_0_0_0_01.png,s0037,00006,1,0,0,0,0,01
Closed_Eyes/s0037_00007_1_0_0_0_0_01.png,s0037,00007,1,0,0,0,0,01
Closed_Eyes/s0037_00008_1_0_0_0_0_01.png,s0037,00008,1,0,0,0,0,01
Closed_Eyes/s0037_00009_1_0_0_0_0_01.png,s0037,00009,1,0,0,0,0,01
Closed_Eyes/s0037_00010_1_0_0_0_0_01.png,s0037,00010,1,0,0,0,0,01
Closed_Eyes/s0037_00011_1_0_0_0_0_01.png,s0037,00011,1,0,0,0,0,01
Closed_Eyes/s0037_00012_1_0_0_0_0_01.png,s0037,00012,1,0,0,0,0,01
Closed_Eyes/s0037_00037_1_0_0_0_0_01.png,s0037,00037,1,0,0,0,0,01
Closed_Eyes/s0037_00038_1_0_0_0_0_01.png,s0037,00038,1,0,0,0,0,01
Closed_Eyes/s0037_00039_1_0_0_0_0_01.png,s0037,00039,1,0,0,0,0,01
Closed_Eyes/s0037_00040_1_0_0_0_0_01.png,s0037,00040,1,0,0,0,0,01
Closed_Eyes/s0037_00041_1_0_0_0_0_01.png,s0037,00041,1,0,0,0,0,01
Closed_Eyes/s0037_00042_1_0_0_0_0_01.png,s0037,00042,1,0,0,0,0,01
Closed_Eyes/s0037_00043_1_0_0_0_0_01.png,s0037,00043,1,0,0,0,0,01
Closed_Eyes/s0037_00044_1_0_0_0_0_01.png,s0037,00044,1,0,0,0,0,01
Closed_Eyes/s0037_00045_1_0_0_0_0_01.png,s0037,00045,1,0,0,0,0,01
Closed_Eyes/s0037_00046_1_0_0_0_0_01.png,s0037,00046,1,0,0,0,0,01
Closed_Eyes/s0037_00047_1_0_0_0_0_01.png,s0037,00047,1,0,0,0,0,01
Closed_Eyes/s0037_00048_1_0_0_0_0_01.png,s0037,00048,1,0,0,0,0,01
Closed_Eyes/s0037_00049_1_0_0_0_0_01.png,s0037,00049,1,0,0,0,0,01
Closed_Eyes/s0037_00050_1_0_0_0_0_01.png,s0037,00050,1,0,0,0,0,01
Closed_Eyes/s0037_00051_1_0_0_0_0_01.png,s0037,00051,1,0,0,0,0,01
Closed_Eyes/s0037_00052_1_0_0_0_0_01.png,s0037,00052,1,0,0,0,0,01
Closed_Eyes/s0037_00053_1_0_0_0_0_01.png,s0037,00053,1,0,0,0,0,01
Closed_Eyes/s0037_00054_1_0_0_0_0_01.png,s0037,00054,1,0,0,0,0,01
Closed_Eyes/s0037_00055_1_0_0_0_0_01.png,s0037,00055,1,0,0,0,0,01
Closed_Eyes/s0037_00056_1_0_0_0_0_01.png,s0037,00056,1,0,0,0,0,01
Closed_Eyes/s0037_00057_1_0_0_0_0_01.png,s0037,00057,1,0,0,0,0,01
Closed_Eyes/s0037_00058_1_0_0_0_0_01.png,s0037,00058,1,0,0,0,0,01
Closed_Eyes/s0037_00059_1_0_0_0_0_01.png,s0037,00059,1,0,0,0,0,01
Closed_Eyes/s0037_00060_1_0_0_0_0_01.png,s0037,00060,1,0,0,0,0,01
Closed_Eyes/s0037_00061_1_0_0_0_0_01.png,s0037,00061,1,0,0,0,0,01
Closed_Eyes/s0037_00062_1_0_0_0_0_01.png,s0037,00062,1,0,0,0,0,01
Closed_Eyes/s0037_00063_1_0_0_0_0_01.png,s0037,00063,1,0,0,0,0,01
Closed_Eyes/s0037_00064_1_0_0_0_0_01.png,s0037,00064,1,0,0,0,0,01
Closed_Eyes/s0037_00065_1_0_0_0_0_01.png,s0037,00065,1,0,0,0,0,01
Closed_Eyes/s0037_00066_1_0_0_0_0_01.png,s0037,00066,1,0,0,0,0,01
Closed_Eyes/s0037_00067_1_0_0_0_0_01.png,s0037,00067,1,0,0,0,0,01
Closed_Eyes/s0037_00068_1_0_0_0_0_01.png,s0037,00068,1,0,0,0,0,01
Closed_Eyes/s0037_00069_1_0_0_0_0_01.png,s0037,00069,1,0,0,0,0,01
Closed_Eyes/s0037_00070_1_0_0_0_0_01.png,s0037,00070,1,0,0,0,0,01
Closed_Eyes/s0037_00071_1_0_0_0_0_01.png,s0037,00071,1,0,0,0,0,01
Closed_Eyes/s0037_00072_1_0_0_0_0_01.png,s0037,00072,1,0,0,0,0,01
Closed_Eyes/s0037_00073_1_0_0_0_0_01.png,s0037,00073,1,0,0,0,0,01
Closed_Eyes/s0037_00074_1_0_0_0_0_01.png,s0037,00074,1,0,0,0,0,01
Closed_Eyes/s0037_00075_1_0_0_0_0_01.png,s0037,00075,1,0,0,0,0,01
Closed_Eyes/s0037_00076_1_0_0_0_0_01.png,s0037,00076,1,0,0,0,0,01
Closed_Eyes/s0037_00077_1_0_0_0_0_01.png,s0037,00077,1,0,0,0,0,01
Closed_Eyes/s0037_00078_1_0_0_0_0_01.png,s0037,00078,1,0,0,0,0,01
Closed_Eyes/s0037_00079_1_0_0_0_0_01.png,s0037,00079,1,0,0,0,0,01
Closed_Eyes/s0037_00080_1_0_0_0_0_01.png,s0037,00080,1,0,0,0,0,01
Closed_Eyes/s0037_00081_1_0_0_0_0_01.png,s0037,00081,1,0,0,0,0,01
Closed_Eyes/s0037_00082_1_0_0_0_0_01.png,s0037,00082,1,0,0,0,0,01
Closed_Eyes/s0037_00083_1_0_0_0_0_01.png,s0037,00083,1,0,0,0,0,01
Closed_Eyes/s0037_00084_1_0_0_0_0_01.png,s0037,00084,1,0,0,0,0,01
Closed_Eyes/s0037_00085_1_0_0_0_0_01.png,s0037,00085,1,0,0,0,0,01
Closed_Eyes/s0037_00086_1_0_0_0_0_01.png,s0037,00086,1,0,0,0,0,01
Closed_Eyes/s0037_00087_1_0_0_0_0_01.png,s0037,00087,1,0,0,0,0,01
Closed_Eyes/s0037_00088_1_0_0_0_0_01.png,s0037,00088,1,0,0,0,0,01
Closed_Eyes/s0037_00089_1_0_0_0_0_01.png,s0037,00089,1,0,0,0,0,01
Closed_Eyes/s0037_00090_1_0_0_0_1_01.png,s0037,00090,1,0,0,0,1,01
Closed_Eyes/s0037_00091_1_0_0_0_1_01.png,s0037,00091,1,0,0,0,1,01
Closed_Eyes/s0037_00092_1_0_0_0_0_01.png,s0037,00092,1,0,0,0,0,01
Closed_Eyes/s0037_00093_1_0_0_0_1_01.png,s0037,00093,1,0,0,0,1,01
Closed_Eyes/s0037_00094_1_0_0_0_0_01.png,s0037,00094,1,0,0,0,0,01
Closed_Eyes/s0037_00095_1_0_0_0_1_01.png,s0037,00095,1,0,0,0,1,01
Closed_Eyes/s0037_00097_1_0_0_0_1_01.png,s0037,00097,1,0,0,0,1,01
Closed_Eyes/s0037_00099_1_0_0_0_1_01.png,s0037,00099,1,0,0,0,1,01
Closed_Eyes/s0037_00169_1_0_0_0_1_01.png,s0037,00169,1,0,0,0,1,01
Closed_Eyes/s0037_00171_1_0_0_0_1_01.png,s0037,00171,1,0,0,0,1,01
Closed_Eyes/s0037_00192_1_0_0_0_1_01.png,s0037,00192,1,0,0,0,1,01
Closed_Eyes/s0037_00235_1_0_0_0_1_01.png,s0037,00235,1,0,0,0,1,01
Closed_Eyes/s0037_00236_1_0_0_0_0_01.png,s0037,00236,1,0,0,0,0,01
Closed_Eyes/s0037_00237_1_0_0_0_1_01.png,s0037,00237,1,0,0,0,1,01
Closed_Eyes/s0037_00238_1_0_0_0_0_01.png,s0037,00238,1,0,0,0,0,01
Closed_Eyes/s0037_00239_1_0_0_0_1_01.png,s0037,00239,1,0,0,0,1,01
Closed_Eyes/s0037_00240_1_0_0_0_0_01.png,s0037,00240,1,0,0,0,0,01
Closed_Eyes/s0037_00253_1_0_0_0_1_01.png,s0037,00253,1,0,0,0,1,01
Closed_Eyes/s0037_00254_1_0_0_0_0_01.png,s0037,00254,1,0,0,0,0,01
Closed_Eyes/s0037_00255_1_0_0_0_1_01.png,s0037,00255,1,0,0,0,1,01
Closed_Eyes/s0037_00256_1_0_0_0_0_01.png,s0037,00256,1,0,0,0,0,01
Closed_Eyes/s0037_00257_1_0_0_0_1_01.png,s0037,00257,1,0,0,0,1,01
Closed_Eyes/s0037_00258_1_0_0_0_0_01.png,s0037,00258,1,0,0,0,0,01
Closed_Eyes/s0037_00259_1_0_0_0_1_01.png,s0037,00259,1,0,0,0,1,01
Closed_Eyes/s0037_00260_1_0_0_0_1_01.png,s0037,00260,1,0,0,0,1,01
Closed_Eyes/s0037_00261_1_0_0_0_0_01.png,s0037,00261,1,0,0,0,0,01
Closed_Eyes/s0037_00262_1_0_0_0_0_01.png,s0037,00262,1,0,0,0,0,01
Closed_Eyes/s0037_00263_1_0_0_0_1_01.png,s0037,00263,1,0,0,0,1,01
Closed_Eyes/s0037_00264_1_0_0_0_0_01.png,s0037,00264,1,0,0,0,0,01
Closed_Eyes/s0037_00265_1_0_0_0_1_01.png,s0037,00265,1,0,0,0,1,01
Closed_Eyes/s0037_00266_1_0_0_0_0_01.png,s0037,00266,1,0,0,0,0,01
Closed_Eyes/s0037_00267_1_0_0_0_0_01.png,s0037,00267,1,0,0,0,0,01
Closed_Eyes/s0037_00268_1_0_0_0_0_01.png,s0037,00268,1,0,0,0,0,01
Closed_Eyes/s0037_00269_1_0_0_0_0_01.png,s0037,00269,1,0,0,0,0,01
Closed_Eyes/s0037_00270_1_0_0_0_0_01.png,s0037,00270,1,0,0,0,0,01
Closed_Eyes/s0037_00271_1_0_0_0_0_01.png,s0037,00271,1,0,0,0,0,01
Closed_Eyes/s0037_00272_1_0_0_0_0_01.png,s0037,00272,1,0,0,0,0,01
Closed_Eyes/s0037_00273_1_0_0_0_0_01.png,s0037,00273,1,0,0,0,0,01
Closed_Eyes/s0037_00274_1_0_0_0_0_01.png,s0037,00274,1,0,0,0,0,01
Open_Eyes/s0037_08551_1_0_1_0_0_01.png,s0037,08551,1,0,1,0,0,01
Open_Eyes/s0037_08552_1_0_1_0_0_01.png,s0037,08552,1,0,1,0,0,01
Open_Eyes/s0037_08553_1_0_1_0_0_01.png,s0037,08553,1,0,1,0,0,01
Open_Eyes/s0037_08554_1_0_1_0_0_01.png,s0037,08554,1,0,1,0,0,01
Open_Eyes/s0037_08555_1_0_1_0_0_01.png,s0037,08555,1,0,1,0,0,01
Open_Eyes/s0037_08556_1_0_1_0_0_01.png,s0037,08556,1,0,1,0,0,01
Open_Eyes/s0037_08557_1_0_1_0_0_01.png,s0037,08557,1,0,1,0,0,01
Open_Eyes/s0037_08558_1_0_1_0_0_01.png,s0037,08558,1,0,1,0,0,01
Open_Eyes/s0037_08559_1_0_1_0_0_01.png,s0037,08559,1,0,1,0,0,01
Open_Eyes/s0037_08560_1_0_1_0_0_01.png,s0037,08560,1,0,1,0,0,01
Open_Eyes/s0037_08561_1_0_1_0_0_01.png,s0037,08561,1,0,1,0,0,01
Open_Eyes/s0037_08562_1_0_1_0_0_01.png,s0037,08562,1,0,1,0,0,01
Open_Eyes/s0037_08563_1_0_1_0_0_01.png,s0037,08563,1,0,1,0,0,01
Open_Eyes/s0037_08564_1_0_1_0_0_01.png,s0037,08564,1,0,1,0,0,01
Open_Eyes/s0037_08565_1_0_1_0_0_01.png,s0037,08565,1,0,1,0,0,01
Open_Eyes/s0037_08566_1_0_1_0_0_01.png,s0037,08566,1,0,1,0,0,01
Open_Eyes/s0037_08567_1_0_1_0_0_01.png,s0037,08567,1,0,1,0,0,01
Open_Eyes/s0037_08568_1_0_1_0_0_01.png,s0037,08568,1,0,1,0,0,01
Open_Eyes/s0037_08569_1_0_1_0_0_01.png,s0037,08569,1,0,1,0,0,01
Open_Eyes/s0037_08570_1_0_1_0_0_01.png,s0037,08570,1,0,1,0,0,01
Open_Eyes/s0037_08571_1_0_1_0_0_01.png,s0037,08571,1,0,1,0,0,01
Open_Eyes/s0037_08572_1_0_1_0_0_01.png,s0037,08572,1,0,1,0,0,01
Open_Eyes/s0037_08573_1_0_1_0_0_01.png,s0037,08573,1,0,1,0,0,01
